protocol,rep,n_train,pos_train,pr,roc,r25
oracle_80rand,0,2008,124,0.1241,0.5997,0.3889
oracle_80rand,1,2008,128,0.1005,0.6717,0.4062
oracle_80rand,2,2008,125,0.1654,0.6509,0.4571
oracle_80rand,3,2008,120,0.136,0.6246,0.4
oracle_80rand,4,2008,130,0.092,0.5938,0.3333
oracle_80rand,5,2008,121,0.1607,0.6592,0.4103
oracle_80rand,6,2008,120,0.1395,0.6454,0.425
oracle_80rand,7,2008,134,0.0892,0.6035,0.4615
oracle_80rand,8,2008,133,0.0949,0.6976,0.4815
oracle_80rand,9,2008,127,0.124,0.6517,0.3939
spatial_K15_OOF,0,2008,-1,0.1239,0.6393,0.4625
spatial_K15_OOF,1,2008,-1,0.1278,0.6431,0.4688
spatial_K15_OOF,2,2008,-1,0.129,0.6458,0.4562
quadrant_SW,SW,586,63,0.0831,0.6226,0.4124
quadrant_NW,NW,671,33,0.148,0.6811,0.4567
quadrant_SE,SE,670,40,0.137,0.6569,0.4583
quadrant_NE,NE,584,24,0.1383,0.6453,0.4559
