B,design,model,n,pr_mean,pr_sd,r25_mean
1000,A_block,logreg_NDVI,4,0.12865,0.02313864012137849,0.45035000000000003
1000,A_block,logreg_spec,4,0.125475,0.021386502752904688,0.4187
1000,A_block,pca2_logreg,4,0.1139,0.02344539755829844,0.3982
1000,A_block,pca3_logreg,4,0.105275,0.017322504630297168,0.384175
1000,A_block,qda_2d,4,0.12304999999999999,0.021186552338688797,0.44485
1000,A_block,qda_ndvi,4,0.12865,0.02313864012137849,0.45035000000000003
1000,E_random,logreg_NDVI,12,0.13344999999999999,0.014945689557984148,0.45665
1000,E_random,logreg_spec,12,0.1361,0.013405561939325433,0.44297499999999995
1000,E_random,pca2_logreg,12,0.11378333333333333,0.012630758512696724,0.37755
1000,E_random,pca3_logreg,12,0.10628333333333333,0.014513744791706506,0.3647916666666666
1000,E_random,qda_2d,12,0.12303333333333333,0.012252074654250733,0.42701666666666666
1000,E_random,qda_ndvi,12,0.13344999999999999,0.014945689557984148,0.45665
1600,A_block,logreg_NDVI,4,0.1242,0.02971969044253321,0.45
1600,A_block,logreg_spec,4,0.134875,0.015103062603326504,0.448975
1600,A_block,pca2_logreg,4,0.102125,0.03811599620456833,0.3588
1600,A_block,pca3_logreg,4,0.0887,0.02221515998892048,0.32482500000000003
1600,A_block,qda_2d,4,0.110475,0.02490132191939483,0.4334
1600,A_block,qda_ndvi,4,0.1242,0.02971969044253321,0.45
1600,E_random,logreg_NDVI,12,0.13073333333333334,0.022334943406458342,0.44590833333333335
1600,E_random,logreg_spec,12,0.13953333333333331,0.02421653579809891,0.47459999999999997
1600,E_random,pca2_logreg,12,0.11712499999999999,0.02369814434622562,0.37719166666666665
1600,E_random,pca3_logreg,12,0.11218333333333334,0.023844947371540057,0.3645833333333333
1600,E_random,qda_2d,12,0.12404166666666666,0.022550487127709008,0.42570833333333336
1600,E_random,qda_ndvi,12,0.13073333333333334,0.022334943406458342,0.44590833333333335
