estate,feature_set,method,n_clusters,ari,ami,silhouette_sample,max_cluster_size,max_cluster_unhealthy_rate,max_cluster_enrichment,unhealthy_in_max_cluster,total_unhealthy,bic,aic
AHCensus_Basemap,all14,kmeans,2,0.0009384097394588842,0.0005935113629400553,0.1888653565342341,1217,0.0714872637633525,1.1219032456861133,87,160,,
AHCensus_Basemap,all14,kmeans,3,-0.004487324442252306,0.002050249156976712,0.19823987970233747,912,0.07346491228070176,1.1529399671052634,67,160,,
AHCensus_Basemap,all14,kmeans,4,-0.0017435401066626455,0.0011905210368918341,0.15583030536760986,596,0.07718120805369127,1.2112625838926177,46,160,,
AHCensus_Basemap,all14,kmeans,5,-0.0009197279380332082,0.00040113027809958045,0.146262366078042,582,0.07731958762886598,1.2134342783505156,45,160,,
AHCensus_Basemap,all14,kmeans,6,-0.0026110043969088978,0.00150764762297791,0.13761914270472042,551,0.0780399274047187,1.2247391107078043,43,160,,
AHCensus_Basemap,all14,kmeans,7,-0.00101911789141515,0.0009521527624313613,0.13570273174120628,379,0.09234828496042216,1.4492908970976255,35,160,,
AHCensus_Basemap,all14,kmeans,8,-0.0014950054920487795,0.0011449513403525061,0.14031272433242803,370,0.08648648648648649,1.3572972972972974,32,160,,
AHCensus_Basemap,all14,kmeans,9,-0.0012536464443151376,0.0025501849805885444,0.13541433660070148,359,0.10306406685236769,1.6174616991643456,37,160,,
AHCensus_Basemap,all14,kmeans,10,-0.0015096909259547289,0.001872512910059101,0.13904408019178965,323,0.11455108359133127,1.7977360681114554,37,160,,
AHCensus_Basemap,all14,kmeans,11,-0.0012170067655412006,0.0003516011410451819,0.13643301546950695,265,0.08679245283018867,1.3620990566037736,23,160,,
AHCensus_Basemap,all14,kmeans,12,-0.000869417246348717,0.0004710279835875175,0.13791506059415407,278,0.09352517985611511,1.4677607913669066,26,160,,
AHCensus_Basemap,all14,gmm_diag,2,0.0004706179540088978,0.0008905780014578964,,1244,0.07234726688102894,1.135399919614148,90,160,92529.42842671653,92197.20755424455
AHCensus_Basemap,all14,gmm_diag,3,-0.004112940523258089,0.002055802298780119,,912,0.07456140350877193,1.1701480263157895,68,160,88038.99556959432,87537.75004270677
AHCensus_Basemap,all14,gmm_diag,4,-0.0059645333718679125,0.003915931332282078,,688,0.08430232558139535,1.3230196220930233,58,160,85829.93407175603,85159.66389045291
AHCensus_Basemap,all14,gmm_diag,5,-0.0025204265314067867,0.001920838728524156,,635,0.07716535433070866,1.211013779527559,49,160,83736.10431030925,82896.80947459055
AHCensus_Basemap,all14,gmm_diag,6,-0.0003973918673177798,0.0012213236276308347,,362,0.09116022099447514,1.4306457182320444,33,160,82286.49242845477,81278.17293832051
AHCensus_Basemap,all14,gmm_diag,7,-0.0002903688839191148,0.0018600517693674811,,324,0.09567901234567901,1.5015625000000001,31,160,80424.38546089668,79247.04131634685
AHCensus_Basemap,all14,gmm_diag,8,-0.0003837400226000067,0.0011431161399414757,,317,0.10410094637223975,1.6337342271293378,33,160,80341.82010707741,78995.45130811201
AHCensus_Basemap,extended_indices,kmeans,2,0.006956774766810554,0.0020604527663719142,0.2965987282260993,1058,0.07750472589792061,1.2163397920604917,82,160,,
AHCensus_Basemap,extended_indices,kmeans,3,-0.0008975800771705261,0.0013858123255763913,0.2552020720352077,880,0.08068181818181819,1.2662002840909092,71,160,,
AHCensus_Basemap,extended_indices,kmeans,4,-0.0010950719226613397,0.000521067035643436,0.2381089250662253,648,0.08024691358024691,1.2593750000000001,52,160,,
AHCensus_Basemap,extended_indices,kmeans,5,-0.0007530385982940807,-0.0002437393549870041,0.23434267532623584,589,0.07130730050933787,1.1190789473684213,42,160,,
AHCensus_Basemap,extended_indices,kmeans,6,-0.0005929492242239846,-0.0002867231094358355,0.22446480201281543,424,0.08018867924528301,1.2584610849056603,34,160,,
AHCensus_Basemap,extended_indices,kmeans,7,-0.0008105944029291523,0.0017312719564998797,0.23886490611169636,402,0.0845771144278607,1.327332089552239,34,160,,
AHCensus_Basemap,extended_indices,kmeans,8,-0.0005762780099933132,0.0022992125833616803,0.22940318078599012,339,0.09734513274336283,1.5277101769911505,33,160,,
AHCensus_Basemap,extended_indices,kmeans,9,-0.0005508089400000344,0.0024759282737059035,0.22771700956576138,289,0.09342560553633218,1.4661980968858133,27,160,,
AHCensus_Basemap,extended_indices,kmeans,10,-0.0007538360924935647,0.0024056329145787864,0.21722418974665259,300,0.09666666666666666,1.5170625000000002,29,160,,
AHCensus_Basemap,extended_indices,kmeans,11,-0.0006423461492739011,0.0031758034187197915,0.212418417392336,311,0.10932475884244373,1.7157154340836016,34,160,,
AHCensus_Basemap,extended_indices,kmeans,12,-0.0005774942338473023,0.0007171895366435114,0.21525554939052594,224,0.09375,1.4712890625000001,21,160,,
AHCensus_Basemap,extended_indices,gmm_diag,2,0.0048868777199237495,0.0015212912901805258,,1099,0.07552320291173795,1.1852422656960875,83,160,62176.47645437937,61937.51056365391
AHCensus_Basemap,extended_indices,gmm_diag,3,0.0011046263472454252,0.00033125868187523154,,815,0.07607361963190185,1.1938803680981598,62,160,57781.20703021101,57419.84397594324
AHCensus_Basemap,extended_indices,gmm_diag,4,-0.0012971965221955776,0.00015811301760209264,,760,0.07631578947368421,1.1976809210526318,58,160,55479.36470152407,54995.60448371399
AHCensus_Basemap,extended_indices,gmm_diag,5,-0.0014382839894859886,0.000464715596156224,,693,0.07503607503607504,1.1775974025974028,52,160,52511.2510024167,51905.09362106431
AHCensus_Basemap,extended_indices,gmm_diag,6,-0.00039017722985246883,0.00012711323156572573,,537,0.08007448789571694,1.256668994413408,43,160,50457.051658083925,49728.49711318922
AHCensus_Basemap,extended_indices,gmm_diag,7,-0.00012628361256517636,0.0021768881620953225,,356,0.09831460674157304,1.542924859550562,35,160,49704.69118385548,48853.73947541847
AHCensus_Basemap,extended_indices,gmm_diag,8,0.00027672973022283,0.0022779510948380765,,319,0.109717868338558,1.7218847962382446,35,160,48227.46099387335,47254.11212189403
AHCensus_Basemap,local14,kmeans,2,-0.00018107994670948986,-0.00043061472628046796,0.16797492441142564,1376,0.06395348837209303,1.003670058139535,88,160,,
AHCensus_Basemap,local14,kmeans,3,-0.00020598139548824422,-0.0005228337946057334,0.11293574499768763,982,0.06619144602851323,1.0387920061099796,65,160,,
AHCensus_Basemap,local14,kmeans,4,0.00015871559425238344,0.000246683706095973,0.10967629668853797,778,0.07455012853470437,1.1699710796915168,58,160,,
AHCensus_Basemap,local14,kmeans,5,0.000671448978342398,0.0004590555686389594,0.09931801662920896,473,0.080338266384778,1.26080866807611,38,160,,
AHCensus_Basemap,local14,kmeans,6,-0.0006822574003888616,0.0005566513913232876,0.09238501425790645,536,0.07649253731343283,1.2004547574626867,41,160,,
AHCensus_Basemap,local14,kmeans,7,-0.0015975738066241465,0.0011091817226793574,0.09262654340271839,581,0.08605851979345955,1.350580895008606,50,160,,
AHCensus_Basemap,local14,kmeans,8,-2.011931159164054e-05,0.00033963983737536293,0.0895796267147594,277,0.08303249097472924,1.3030911552346571,23,160,,
AHCensus_Basemap,local14,kmeans,9,0.0005271623991737474,0.0004593427844858583,0.08760689667852867,129,0.08527131782945736,1.3382267441860467,11,160,,
AHCensus_Basemap,local14,kmeans,10,0.00011043882209736606,-7.526855613135559e-05,0.08252684898093336,123,0.08943089430894309,1.4035060975609757,11,160,,
AHCensus_Basemap,local14,kmeans,11,-0.00042160245581543166,5.162220836712769e-05,0.08177443834199456,119,0.09243697478991597,1.450682773109244,11,160,,
AHCensus_Basemap,local14,kmeans,12,-0.0004948204190874279,0.001174924720780057,0.07130932272614389,111,0.09009009009009009,1.4138513513513513,10,160,,
AHCensus_Basemap,local14,gmm_diag,2,0.0016012120927089086,-0.00029254201767750423,,1044,0.06704980842911877,1.0522629310344829,70,160,94878.62727783684,94546.40640536486
AHCensus_Basemap,local14,gmm_diag,3,0.0011332663830149324,-0.0005208985502776257,,635,0.06771653543307087,1.062726377952756,43,160,90390.54128742061,89889.29576053306
AHCensus_Basemap,local14,gmm_diag,4,0.00019350818551214694,-0.0007102426539148649,,617,0.06645056726094004,1.0428585899513778,41,160,88700.89338657046,88030.62320526734
AHCensus_Basemap,local14,gmm_diag,5,0.0007964423281475995,-0.00013143622881855177,,459,0.0784313725490196,1.2308823529411765,36,160,87544.68843318931,86705.39359747061
AHCensus_Basemap,local14,gmm_diag,6,0.00038903280353759853,0.0007630827383765852,,324,0.08641975308641975,1.35625,28,160,86652.72001930595,85644.40052917169
AHCensus_Basemap,local14,gmm_diag,7,-0.00035829176388778685,-0.0005271413506768694,,238,0.08403361344537816,1.3188025210084036,20,160,85730.11551016336,84552.77136561353
AHCensus_Basemap,local14,gmm_diag,8,0.00013501082352421092,0.0017246320057736685,,211,0.0995260663507109,1.5619372037914694,21,160,85139.20408950275,83792.83529053735
AHCensus_Basemap,all14_plus_local,kmeans,2,0.002136255826407135,0.0001764384275117518,0.14674708553600496,1126,0.07015985790408526,1.101071269982238,79,160,,
AHCensus_Basemap,all14_plus_local,kmeans,3,-0.004443222703162335,0.0015201084046544164,0.13176386456890193,912,0.07236842105263158,1.135731907894737,66,160,,
AHCensus_Basemap,all14_plus_local,kmeans,4,-0.002445598149306617,0.00101847702929661,0.09284332934408902,864,0.07175925925925926,1.126171875,62,160,,
AHCensus_Basemap,all14_plus_local,kmeans,5,-0.0009028737211364146,0.00010350271589470132,0.08577383794981312,576,0.07465277777777778,1.17158203125,43,160,,
AHCensus_Basemap,all14_plus_local,kmeans,6,-0.0011024986841320235,-8.621953799952104e-05,0.0901598073148385,520,0.07115384615384615,1.1166706730769231,37,160,,
AHCensus_Basemap,all14_plus_local,kmeans,7,-0.0014880912877241537,-9.873316188586928e-05,0.09029305945919254,497,0.0744466800804829,1.1683475855130787,37,160,,
AHCensus_Basemap,all14_plus_local,kmeans,8,-0.0012784813346356713,0.00034171033810098217,0.08481345135377076,396,0.07575757575757576,1.1889204545454546,30,160,,
AHCensus_Basemap,all14_plus_local,kmeans,9,-0.0014096989866839893,0.00044408645371974965,0.08955195552312674,359,0.08913649025069638,1.3988857938718664,32,160,,
AHCensus_Basemap,all14_plus_local,kmeans,10,-0.0011410904797684216,0.00032233907465948404,0.07918000716386751,351,0.08547008547008547,1.341346153846154,30,160,,
AHCensus_Basemap,all14_plus_local,kmeans,11,-0.000725549796577997,-0.00030725538420235557,0.0771432261016303,251,0.0796812749003984,1.2504980079681276,20,160,,
AHCensus_Basemap,all14_plus_local,kmeans,12,1.81793458103078e-05,0.0003331924592070228,0.07279748876847811,247,0.08906882591093117,1.3978238866396762,22,160,,
AHCensus_Basemap,all14_plus_local,gmm_diag,2,0.0025653541191805957,0.0003008463914871045,,1115,0.07085201793721974,1.1119338565022423,79,160,188447.59705366773,187788.98374508292
AHCensus_Basemap,all14_plus_local,gmm_diag,3,-0.00263279692332197,0.0005270056398055402,,883,0.072480181200453,1.1374858437146094,64,160,182249.54542574062,181258.71124468383
AHCensus_Basemap,all14_plus_local,gmm_diag,4,-0.002362813933510006,0.0009885459738903323,,635,0.07244094488188976,1.1368700787401576,46,160,177988.99667561706,176665.94162208828
AHCensus_Basemap,all14_plus_local,gmm_diag,5,-0.000933411514223609,0.0006310959688451335,,576,0.08159722222222222,1.2805664062500002,47,160,175000.79262150353,173345.51669550277
AHCensus_Basemap,all14_plus_local,gmm_diag,6,-0.0012267501584971073,0.0007000830058864437,,455,0.08351648351648351,1.3106868131868132,38,160,172312.08720972107,170324.59041124833
AHCensus_Basemap,all14_plus_local,gmm_diag,7,0.0002349108331952345,0.0010961656825753837,,416,0.0889423076923077,1.3958383413461541,37,160,170788.49590637293,168468.7782354282
AHCensus_Basemap,all14_plus_local,gmm_diag,8,-0.00101549025335599,0.0003697897265958662,,407,0.08353808353808354,1.3110257985257987,34,160,169447.03738909558,166795.09884567888
Palong_Basemap,all14,kmeans,2,-0.04582399938673473,0.007956243729154702,0.3494535661060717,1761,0.10278250993753549,1.1157041453719478,181,200,,
Palong_Basemap,all14,kmeans,3,-0.010391498358491425,0.004063447126067923,0.2059550714597611,830,0.10602409638554217,1.1508915662650603,88,200,,
Palong_Basemap,all14,kmeans,4,-0.009502141961818736,0.005366636104837267,0.19634037929934176,911,0.10098792535675083,1.0962239297475302,92,200,,
Palong_Basemap,all14,kmeans,5,-0.006171027589270295,0.0051841671279712715,0.15746508472396972,580,0.11724137931034483,1.2726551724137931,68,200,,
Palong_Basemap,all14,kmeans,6,-0.004671871229560001,0.00422229055276746,0.15024240155686178,472,0.12076271186440678,1.3108792372881357,57,200,,
Palong_Basemap,all14,kmeans,7,-0.0039944578627924094,0.005831187644172987,0.14968942930523035,418,0.12679425837320574,1.3763516746411484,53,200,,
Palong_Basemap,all14,kmeans,8,-0.0038730606755822215,0.007149226616856191,0.1529655038295783,409,0.1295843520782396,1.4066381418092908,53,200,,
Palong_Basemap,all14,kmeans,9,-0.004529754481353442,0.005813981251497147,0.16394922844367635,197,0.12690355329949238,1.37753807106599,25,200,,
Palong_Basemap,all14,kmeans,10,-0.0031899261827466985,0.006874476111431443,0.1619216598839868,126,0.14285714285714285,1.5507142857142857,18,200,,
Palong_Basemap,all14,kmeans,11,-0.004081078404742108,0.0073302800219347,0.165687329285249,95,0.1368421052631579,1.4854210526315792,13,200,,
Palong_Basemap,all14,kmeans,12,-0.004630933173277952,0.007607517087700599,0.1590624470626105,332,0.13855421686746988,1.5040060240963855,46,200,,
Palong_Basemap,all14,gmm_diag,2,-0.02741660105171318,0.003821550016648323,,1614,0.10223048327137546,1.1097118959107806,165,200,74009.55156595638,73685.62380527332
Palong_Basemap,all14,gmm_diag,3,-0.0062015642492407146,0.0021337867857090733,,743,0.10363391655450875,1.1249461641991925,77,200,68539.12939860912,68050.39628599958
Palong_Basemap,all14,gmm_diag,4,-0.005691738430927118,0.003603475807629122,,646,0.10835913312693499,1.1762383900928792,70,200,65415.49990265584,64761.96143811984
Palong_Basemap,all14,gmm_diag,5,-0.004942900529603054,0.0038664517710318294,,619,0.10823909531502424,1.174935379644588,67,200,63265.66429157173,62447.320475109256
Palong_Basemap,all14,gmm_diag,6,-0.004759074339722648,0.004004407274514767,,574,0.11498257839721254,1.2481358885017422,66,200,61424.5649717746,60441.41580338565
Palong_Basemap,all14,gmm_diag,7,-0.0027115459602618046,0.005530382468709497,,346,0.1329479768786127,1.4431502890173409,46,200,60470.414468660034,59322.45994834462
Palong_Basemap,all14,gmm_diag,8,-0.001878184137234185,0.005562542490794714,,284,0.14084507042253522,1.5288732394366198,40,200,59473.78387471155,58161.02400246967
Palong_Basemap,extended_indices,kmeans,2,0.003510140315469822,-0.00023786968663570056,0.31270199844209046,818,0.097799511002445,1.0616136919315404,80,200,,
Palong_Basemap,extended_indices,kmeans,3,-0.012174314937009998,0.004876124122643215,0.35527325278076644,733,0.10231923601637108,1.110675306957708,75,200,,
Palong_Basemap,extended_indices,kmeans,4,-0.01009516029566353,0.0038837473543038756,0.2855564424216688,927,0.10355987055016182,1.1241423948220066,96,200,,
Palong_Basemap,extended_indices,kmeans,5,-0.006530578833289241,0.004702803431105077,0.2472811969535316,616,0.11525974025974026,1.2511444805194805,71,200,,
Palong_Basemap,extended_indices,kmeans,6,-0.006614914852447913,0.0043564672815690824,0.24807359117833783,591,0.12013536379018612,1.3040693739424705,71,200,,
Palong_Basemap,extended_indices,kmeans,7,-0.00512614668775927,0.005300873146009865,0.24225350877289717,530,0.11886792452830189,1.290311320754717,63,200,,
Palong_Basemap,extended_indices,kmeans,8,-0.000589310126188853,0.0047524688986290585,0.2450015468172486,134,0.13432835820895522,1.4581343283582089,18,200,,
Palong_Basemap,extended_indices,kmeans,9,-0.0012487180496897502,0.0028441581153484286,0.24622795400684094,129,0.13953488372093023,1.5146511627906978,18,200,,
Palong_Basemap,extended_indices,kmeans,10,-0.00237015292473501,0.004880265680159549,0.23614496606746457,126,0.1349206349206349,1.464563492063492,17,200,,
Palong_Basemap,extended_indices,kmeans,11,-0.0035202186049284297,0.004607815918396579,0.2332216485362289,88,0.11363636363636363,1.2335227272727274,10,200,,
Palong_Basemap,extended_indices,kmeans,12,-0.0036063027874445332,0.0035585533615135004,0.24079316791754393,337,0.11275964391691394,1.224005934718101,38,200,,
Palong_Basemap,extended_indices,gmm_diag,2,-0.046355931850648985,0.007389767688043704,,1801,0.10161021654636314,1.102978900610772,183,200,53051.894031303316,52818.893361338305
Palong_Basemap,extended_indices,gmm_diag,3,-0.010562931359991926,0.003168202576395153,,777,0.10038610038610038,1.0896911196911196,78,200,45438.88671403414,45086.54423750169
Palong_Basemap,extended_indices,gmm_diag,4,-0.006505153134718435,0.0025841165351409047,,676,0.10502958579881656,1.1400961538461538,71,200,41579.63851725671,41107.95423415681
Palong_Basemap,extended_indices,gmm_diag,5,-0.003225781882006586,0.0028710829123806897,,498,0.11244979919678715,1.2206425702811246,56,200,38986.46176512521,38395.43567545787
Palong_Basemap,extended_indices,gmm_diag,6,-0.004666015220058135,0.0023085175375734735,,509,0.11198428290766209,1.215589390962672,57,200,37208.16110333828,36497.793207103496
Palong_Basemap,extended_indices,gmm_diag,7,-0.0022573970455688082,0.0016545858094533703,,401,0.10972568578553615,1.191072319201995,44,200,35453.459069698576,34623.74936689634
Palong_Basemap,extended_indices,gmm_diag,8,-0.002388254714405221,0.0029015270583418406,,217,0.1152073732718894,1.2505760368663594,25,200,34646.13784921645,33697.08633984678
Palong_Basemap,local14,kmeans,2,0.004546619091279897,0.0002686610657526729,0.15118923270423754,897,0.10144927536231885,1.1012318840579711,91,200,,
Palong_Basemap,local14,kmeans,3,0.005557553287986989,0.0013239236261600148,0.1645103357078364,853,0.10550996483001172,1.1453106682297773,90,200,,
Palong_Basemap,local14,kmeans,4,0.0047252208423937386,0.001695603685503573,0.12286235424367979,611,0.10638297872340426,1.1547872340425533,65,200,,
Palong_Basemap,local14,kmeans,5,0.004602619403848957,0.0010460590667050885,0.11000561933516202,381,0.11023622047244094,1.1966141732283464,42,200,,
Palong_Basemap,local14,kmeans,6,0.003138400763449465,0.001034685904779922,0.08884020961181187,347,0.11527377521613832,1.2512968299711815,40,200,,
Palong_Basemap,local14,kmeans,7,-0.000134485455343129,0.0011517435954845848,0.09501933780119982,507,0.11242603550295859,1.2203846153846154,57,200,,
Palong_Basemap,local14,kmeans,8,-0.0008778261020691842,0.0006095325460203002,0.09062757423595216,159,0.1069182389937107,1.1605974842767297,17,200,,
Palong_Basemap,local14,kmeans,9,-0.00044278182952408283,0.000771585004924665,0.091337690609985,145,0.11724137931034483,1.2726551724137931,17,200,,
Palong_Basemap,local14,kmeans,10,0.00017348467744728065,0.0006917863096980532,0.09520326878832847,199,0.12060301507537688,1.309145728643216,24,200,,
Palong_Basemap,local14,kmeans,11,0.00029244966328425463,-0.0004545100893863433,0.09368111279601743,131,0.11450381679389313,1.24293893129771,15,200,,
Palong_Basemap,local14,kmeans,12,0.001164527721877855,-0.0002678300097840039,0.09513076341656473,110,0.12727272727272726,1.3815454545454544,14,200,,
Palong_Basemap,local14,gmm_diag,2,0.00857311779125691,-0.0003454618198069291,,408,0.10049019607843138,1.0908210784313725,41,200,75496.21937217857,75172.29161149552
Palong_Basemap,local14,gmm_diag,3,0.0038144201321890776,2.0452359862733667e-05,,632,0.1060126582278481,1.1507674050632912,67,200,72326.96299531315,71838.22988270361
Palong_Basemap,local14,gmm_diag,4,0.0006872170339372038,0.003009766398296834,,611,0.12438625204582651,1.3502127659574468,76,200,70122.82093103582,69469.28246649982
Palong_Basemap,local14,gmm_diag,5,-0.000723331795597861,0.0020400780946179015,,538,0.11895910780669144,1.2913011152416356,64,200,69043.88611524634,68225.54229878387
Palong_Basemap,local14,gmm_diag,6,7.303560405590001e-05,0.001569891966609887,,319,0.12539184952978055,1.361128526645768,40,200,67911.05593301987,66927.90676463093
Palong_Basemap,local14,gmm_diag,7,0.0014063333514552003,0.0023773047540020624,,234,0.12393162393162394,1.3452777777777778,29,200,67102.19190372649,65954.23738341108
Palong_Basemap,local14,gmm_diag,8,0.001514475041381488,0.0018785639330613192,,245,0.12244897959183673,1.3291836734693878,30,200,66349.93475622615,65037.17488398426
Palong_Basemap,all14_plus_local,kmeans,2,-0.046374750732625085,0.006564857682043192,0.3112662535886148,1861,0.0999462654486835,1.0849167114454594,186,200,,
Palong_Basemap,all14_plus_local,kmeans,3,-0.012110267486901772,0.005942760814096391,0.14293504736405432,796,0.10427135678391959,1.1318655778894473,83,200,,
Palong_Basemap,all14_plus_local,kmeans,4,-0.014106240686292537,0.005424009997016813,0.14723711092718583,727,0.1031636863823934,1.1198418156808805,75,200,,
Palong_Basemap,all14_plus_local,kmeans,5,-0.0021440159184925862,0.004456759233382205,0.10481887163635026,535,0.11775700934579439,1.278252336448598,63,200,,
Palong_Basemap,all14_plus_local,kmeans,6,-0.003671249869018123,0.0033735786681576216,0.10572438620914794,555,0.11351351351351352,1.2321891891891894,63,200,,
Palong_Basemap,all14_plus_local,kmeans,7,-0.0006668743926414219,0.004016387140803171,0.09057471000186693,341,0.12023460410557185,1.3051466275659824,41,200,,
Palong_Basemap,all14_plus_local,kmeans,8,-0.0020261126521564908,0.0022998216479223265,0.09356779301766263,304,0.125,1.356875,38,200,,
Palong_Basemap,all14_plus_local,kmeans,9,-0.0020247835481018335,0.003138257243341328,0.0878492037777331,279,0.11469534050179211,1.2450179211469534,32,200,,
Palong_Basemap,all14_plus_local,kmeans,10,-0.0015574803726655974,0.003909549142739111,0.08807359078459236,199,0.1306532663316583,1.418241206030151,26,200,,
Palong_Basemap,all14_plus_local,kmeans,11,-0.0008107201545898995,0.004576326433419861,0.08237212928952369,224,0.13839285714285715,1.5022544642857145,31,200,,
Palong_Basemap,all14_plus_local,kmeans,12,-0.0001349941686781765,0.003631541658047222,0.0843702878198227,180,0.14444444444444443,1.5679444444444444,26,200,,
Palong_Basemap,all14_plus_local,gmm_diag,2,-0.022738188047089318,0.0015483113313423946,,1711,0.09818819403857393,1.06583284628872,168,200,151778.47376325782,151136.30118506157
Palong_Basemap,all14_plus_local,gmm_diag,3,-0.009190952266119958,0.0030019400864417204,,779,0.10269576379974327,1.1147625160462131,80,200,144261.8571921145,143295.7568532352
Palong_Basemap,all14_plus_local,gmm_diag,4,-0.00411741538541293,0.002453545638616234,,479,0.10855949895615867,1.1784133611691023,52,200,139245.65380002133,137955.62570045897
Palong_Basemap,all14_plus_local,gmm_diag,5,-0.0011649580911881126,0.0034839214867300183,,380,0.11578947368421053,1.2568947368421053,44,200,136589.93866258347,134975.98280233803
Palong_Basemap,all14_plus_local,gmm_diag,6,-0.002210475584700768,0.004331762710665717,,401,0.11970074812967581,1.299351620947631,48,200,134542.36123541868,132604.47761449017
Palong_Basemap,all14_plus_local,gmm_diag,7,-0.0008920972040166798,0.0036425074962911546,,303,0.1254125412541254,1.3613531353135313,38,200,132709.66055711408,130447.84917550252
Palong_Basemap,all14_plus_local,gmm_diag,8,-0.0015343032068134027,0.004583088112960651,,253,0.1383399209486166,1.5016798418972332,35,200,130829.26646571548,128243.52732342086
Serting_Basemap,all14,kmeans,2,0.003238315626093261,0.000227312612940186,0.21822658051207378,737,0.10176390773405698,1.101561260991383,75,154,,
Serting_Basemap,all14,kmeans,3,0.0013053089393275197,0.00029716140839707993,0.1565731839707016,508,0.11023622047244094,1.1932712956335003,56,154,,
Serting_Basemap,all14,kmeans,4,-0.0014816824529733652,0.0019685425993061292,0.1457811913150043,309,0.10679611650485436,1.1560332871012482,33,154,,
Serting_Basemap,all14,kmeans,5,-0.0005904079001082137,0.0003568081337149094,0.14463076651795653,315,0.10476190476190476,1.1340136054421768,33,154,,
Serting_Basemap,all14,kmeans,6,-0.00031975744694849324,-0.0005027467188299484,0.14854195984392676,263,0.10646387832699619,1.1524369166954718,28,154,,
Serting_Basemap,all14,kmeans,7,0.0007083163627739107,-0.0009138565133315236,0.14447538192414594,210,0.10476190476190476,1.1340136054421768,22,154,,
Serting_Basemap,all14,kmeans,8,0.00042257237934693973,-0.0009695749604812145,0.14622402670003035,217,0.11059907834101383,1.1971991142498055,24,154,,
Serting_Basemap,all14,kmeans,9,0.0005134215962380691,-0.0010809024438080822,0.14238128218683013,178,0.11235955056179775,1.2162556544579015,20,154,,
Serting_Basemap,all14,kmeans,10,0.000954373746372726,0.0003648665888910427,0.14124618192172914,108,0.14814814814814814,1.6036556036556036,16,154,,
Serting_Basemap,all14,kmeans,11,0.0005837642131789881,0.0019285635091400917,0.14361442983140393,119,0.15966386554621848,1.7283095056204298,19,154,,
Serting_Basemap,all14,kmeans,12,0.0003825996978881732,0.0009349617080431889,0.13996347300417988,97,0.14432989690721648,1.5623242736644796,14,154,,
Serting_Basemap,all14,gmm_diag,2,0.005853009219108523,0.0007028633644150213,,697,0.10473457675753228,1.1337177886675733,73,154,60770.293592013295,60461.4230816965
Serting_Basemap,all14,gmm_diag,3,-0.002376747622772941,0.0013844229565433115,,665,0.10827067669172932,1.1719949223708621,72,154,58375.31936144154,57909.304205524975
Serting_Basemap,all14,gmm_diag,4,-0.003207833638499557,0.0009424294963624206,,563,0.10657193605683836,1.1536066065373347,60,154,56771.768331186664,56148.608529670324
Serting_Basemap,all14,gmm_diag,5,-0.0006871329512028571,0.0017223480950560965,,424,0.1179245283018868,1.2764947316834108,50,154,55895.40690779574,55115.10246067963
Serting_Basemap,all14,gmm_diag,6,-0.0023901918385638822,0.0010771092156514502,,354,0.12146892655367232,1.314861691980336,43,154,55082.286662711755,54144.83756999587
Serting_Basemap,all14,gmm_diag,7,-0.0008954583867139504,0.0011575377352917489,,319,0.11598746081504702,1.2555266050563856,37,154,54288.735396038704,53194.14165772304
Serting_Basemap,all14,gmm_diag,8,0.0002873691788650147,0.001214724810231806,,143,0.13986013986013987,1.5139406048496957,20,154,53816.72288922757,52564.98450531213
Serting_Basemap,extended_indices,kmeans,2,0.005073003553050656,4.5143460616436016e-05,0.3096886776585242,660,0.10151515151515152,1.0988685556867375,67,154,,
Serting_Basemap,extended_indices,kmeans,3,0.005693823219054909,0.0003335783458547228,0.27782997074639443,388,0.10309278350515463,1.1159459097603426,40,154,,
Serting_Basemap,extended_indices,kmeans,4,0.0006064209686179891,0.001690282808937609,0.2450203834633296,351,0.1111111111111111,1.2027417027417027,39,154,,
Serting_Basemap,extended_indices,kmeans,5,-0.0009566015933092753,0.0009357116214443303,0.23002463616904287,242,0.10743801652892562,1.1629816464527207,26,154,,
Serting_Basemap,extended_indices,kmeans,6,0.0012640353211001722,-6.49171548143777e-05,0.2339795668123119,272,0.10661764705882353,1.1541014132925898,29,154,,
Serting_Basemap,extended_indices,kmeans,7,0.0006557815768919372,-0.00017553604121411234,0.23428779039934758,159,0.11949685534591195,1.2935146614391897,19,154,,
Serting_Basemap,extended_indices,kmeans,8,-8.451683835272959e-05,4.788529482178701e-06,0.2339323964916711,127,0.13385826771653545,1.4489722875549649,17,154,,
Serting_Basemap,extended_indices,kmeans,9,0.0007596609342574852,0.0005385665046423326,0.2254284618857425,95,0.11578947368421053,1.2533834586466164,11,154,,
Serting_Basemap,extended_indices,kmeans,10,0.0002386373195500529,0.000700255249084153,0.22795770710969346,216,0.13425925925925927,1.453312890812891,29,154,,
Serting_Basemap,extended_indices,kmeans,11,0.0014262397351115896,0.0015440206885586685,0.2197000373757775,159,0.16352201257861634,1.7700726946009964,26,154,,
Serting_Basemap,extended_indices,kmeans,12,0.00032913651473560836,0.0014059299753206426,0.21836842213973678,167,0.16167664670658682,1.7500972081810404,27,154,,
Serting_Basemap,extended_indices,gmm_diag,2,0.0036716793834407862,-0.00010032172223736405,,689,0.10014513788098693,1.0840386029065272,69,154,41291.727249541924,41069.557233349144
Serting_Basemap,extended_indices,gmm_diag,3,0.006059234384561829,0.001654324900313023,,435,0.11264367816091954,1.2193312434691743,49,154,39115.16401477976,38779.19960004921
Serting_Basemap,extended_indices,gmm_diag,4,0.002269796033684989,0.0027410651020167566,,318,0.12578616352201258,1.361594380462305,40,154,35882.539373762396,35432.78056049408
Serting_Basemap,extended_indices,gmm_diag,5,0.00220027399097418,0.0018462008149040066,,239,0.1297071129707113,1.4040373852089334,31,154,34333.16395519191,33769.61074338583
Serting_Basemap,extended_indices,gmm_diag,6,-0.0013577528911104233,0.0018377093628557197,,337,0.11869436201780416,1.2848279317122047,40,154,33260.024941707336,32582.677331363488
Serting_Basemap,extended_indices,gmm_diag,7,-0.0004009266042421042,0.0013936501236202705,,200,0.125,1.3530844155844155,25,154,31729.078541555413,30937.936532673797
Serting_Basemap,extended_indices,gmm_diag,8,-0.0003086846490505519,0.0009525436871458362,,230,0.13043478260869565,1.4119141727837379,30,154,30868.037849073622,29963.10144165424
Serting_Basemap,local14,kmeans,2,0.006697119087634208,0.0005962172264794284,0.1833313459865002,669,0.10463378176382661,1.1326267155863567,70,154,,
Serting_Basemap,local14,kmeans,3,0.0014744799785024634,-0.00016594745343444188,0.10271813243452281,449,0.10690423162583519,1.1572035981835536,48,154,,
Serting_Basemap,local14,kmeans,4,5.4853542184562815e-05,-0.0005321811910748499,0.10043608169057154,239,0.10460251046025104,1.132288213878172,25,154,,
Serting_Basemap,local14,kmeans,5,-0.0007645874108957762,0.0001474696741729364,0.0919529212506324,152,0.10526315789473684,1.1394395078605604,16,154,,
Serting_Basemap,local14,kmeans,6,-0.0007436785369092459,0.00013346864694546115,0.09736252900493877,330,0.11212121212121212,1.2136757182211726,37,154,,
Serting_Basemap,local14,kmeans,7,0.0005189680016010511,0.0003058798639696219,0.09018645826806516,135,0.11851851851851852,1.2829244829244828,16,154,,
Serting_Basemap,local14,kmeans,8,-4.6517863954005696e-05,0.0008794345558939635,0.0924387558537868,239,0.11715481171548117,1.2681627995435527,28,154,,
Serting_Basemap,local14,kmeans,9,0.0004422454997019663,0.001406196452130157,0.09466603162657075,168,0.13690476190476192,1.4819495980210267,23,154,,
Serting_Basemap,local14,kmeans,10,-0.0003905831259333285,-0.0007474121511267641,0.09046751334070977,192,0.125,1.3530844155844155,24,154,,
Serting_Basemap,local14,kmeans,11,0.0014700199433131348,-0.00025744302502052585,0.09150768638619057,133,0.13533834586466165,1.4649936529635776,18,154,,
Serting_Basemap,local14,kmeans,12,0.0010134362827026804,-0.0004136865326950829,0.08674195970330183,137,0.12408759124087591,1.3432078870035074,17,154,,
Serting_Basemap,local14,gmm_diag,2,0.007693034439519118,0.00032293732015402593,,616,0.1038961038961039,1.1246415921740598,64,154,62485.84830765876,62176.97779734196
Serting_Basemap,local14,gmm_diag,3,0.0006592975947868733,-0.0007968108328951433,,430,0.09767441860465116,1.057293868921776,42,154,60260.05023899747,59794.035083080904
Serting_Basemap,local14,gmm_diag,4,3.253350833408394e-06,-0.0007336000293850132,,273,0.10622710622710622,1.1498739355882213,29,154,59055.1839402433,58432.02413872696
Serting_Basemap,local14,gmm_diag,5,0.0006404684599003697,0.0005538857795789377,,258,0.11627906976744186,1.2586831772878284,30,154,58074.105498650446,57293.801051534334
Serting_Basemap,local14,gmm_diag,6,0.0022871032274484307,0.00015157550723960705,,232,0.12931034482758622,1.39974249888043,30,154,57648.644140292265,56711.19504757638
Serting_Basemap,local14,gmm_diag,7,0.0012064491666925854,-9.744510021097941e-05,,154,0.12987012987012986,1.4058019902175745,20,154,57298.57931122794,56203.98557291228
Serting_Basemap,local14,gmm_diag,8,-0.0009278118764126267,-0.0009378971813667831,,334,0.11377245508982035,1.2315498872385098,38,154,56878.36970445712,55626.63132054169
Serting_Basemap,all14_plus_local,kmeans,2,0.006210799024034542,0.001351234102581945,0.17184593079378135,719,0.1070931849791377,1.1592489568845619,77,154,,
Serting_Basemap,all14_plus_local,kmeans,3,-0.0003708266170807615,-0.00026642207591384833,0.0914189975159258,629,0.10015898251192369,1.0841884665414077,63,154,,
Serting_Basemap,all14_plus_local,kmeans,4,-0.000248766840788926,0.00039259898532608176,0.09087235935807393,499,0.11022044088176353,1.1931004866876609,55,154,,
Serting_Basemap,all14_plus_local,kmeans,5,-0.0006218824090471041,0.0002541833348944013,0.08622763521064908,260,0.11923076923076924,1.2906343656343657,31,154,,
Serting_Basemap,all14_plus_local,kmeans,6,-3.7767320573190836e-05,-0.0004429896924505561,0.08339637523682891,234,0.11538461538461539,1.249000999000999,27,154,,
Serting_Basemap,all14_plus_local,kmeans,7,-0.0004430147102469857,0.00026843214307962197,0.08744300576921406,197,0.1218274111675127,1.3187421715340497,24,154,,
Serting_Basemap,all14_plus_local,kmeans,8,-0.0002955861307159861,-0.001178212131225437,0.08885064695202785,203,0.10837438423645321,1.1731175228712174,22,154,,
Serting_Basemap,all14_plus_local,kmeans,9,0.0005054899272172085,-0.0003647922423148482,0.08948903690350879,157,0.12738853503184713,1.3789395318057738,20,154,,
Serting_Basemap,all14_plus_local,kmeans,10,0.00014391932206975365,-0.000211585698323791,0.08518730298736156,142,0.13380281690140844,1.4483720504847264,19,154,,
Serting_Basemap,all14_plus_local,kmeans,11,0.000595422303163451,0.00014552975992581922,0.08293482917696617,127,0.14960629921259844,1.6194396155026076,19,154,,
Serting_Basemap,all14_plus_local,kmeans,12,0.00046048062049843853,-0.0006318991231095595,0.08571166350244323,119,0.12605042016806722,1.3644548728582342,15,154,,
Serting_Basemap,all14_plus_local,gmm_diag,2,0.0036931862452632804,1.991309203998767e-05,,704,0.10085227272727272,1.0916931080283352,71,154,123515.35910457259,122903.03686482176
Serting_Basemap,all14_plus_local,gmm_diag,3,-0.0012954069642538881,-0.00028549948910838415,,552,0.09963768115942029,1.0785455486542441,55,154,120200.21106565035,119279.01831558271
Serting_Basemap,all14_plus_local,gmm_diag,4,-0.0004726146833999998,-0.0004008535447048279,,460,0.10652173913043478,1.1530632411067192,49,154,118057.71701753892,116827.65375715449
Serting_Basemap,all14_plus_local,gmm_diag,5,-0.0013201884467986976,0.0002932020222078405,,362,0.10497237569060773,1.1362918849106693,38,154,116599.95275623654,115061.01898553531
Serting_Basemap,all14_plus_local,gmm_diag,6,3.537304362512795e-05,0.0006433602050680071,,280,0.11428571428571428,1.2371057513914656,32,154,115659.37196663852,113811.5676856205
Serting_Basemap,all14_plus_local,gmm_diag,7,-0.000307350776087384,0.0007157172196971382,,220,0.11363636363636363,1.2300767414403777,25,154,114796.89069748911,112640.21590615429
Serting_Basemap,all14_plus_local,gmm_diag,8,-1.3888654316118375e-05,-0.00026604669037202526,,152,0.125,1.3530844155844155,19,154,113759.14421973441,111293.5989180828
