set,model,rand_pr,rand_roc,spat_pr,spat_roc,spat_r10,spat_r25
NDVI_only,logreg,0.142,0.6572,0.133,0.6531,0.241,0.454
NDVI_only,rf,0.0941,0.5405,0.0797,0.5178,0.134,0.274
NDVI_only,xgb,0.114,0.5797,0.0938,0.5521,0.197,0.319
NDVI_only,mlp,0.0493,0.3427,0.0479,0.3469,0.048,0.12
NDVI+B,logreg,0.1411,0.6508,0.1319,0.6476,0.235,0.436
NDVI+B,rf,0.1348,0.5754,0.1223,0.5619,0.185,0.351
NDVI+B,xgb,0.1387,0.6013,0.1081,0.5834,0.144,0.334
NDVI+B,mlp,0.0909,0.5151,0.085,0.4922,0.146,0.286
+SARlvl,logreg,0.144,0.6315,0.1329,0.6328,0.235,0.407
+SARlvl,rf,0.1475,0.6352,0.124,0.6062,0.21,0.402
+SARlvl,xgb,0.1411,0.6084,0.1091,0.5845,0.217,0.38
+SARlvl,mlp,0.0789,0.4843,0.0792,0.4638,0.107,0.23
+RVI,logreg,0.1506,0.6328,0.1396,0.638,0.237,0.408
+RVI,rf,0.1494,0.6378,0.122,0.6107,0.206,0.39
+RVI,xgb,0.1277,0.5945,0.0964,0.5819,0.185,0.378
+RVI,mlp,0.0616,0.4308,0.0644,0.426,0.091,0.191
ALL_SAR,logreg,0.1251,0.5908,0.1404,0.5882,0.14,0.366
ALL_SAR,rf,0.11,0.5692,0.0951,0.5432,0.167,0.347
ALL_SAR,xgb,0.0848,0.5249,0.0719,0.5148,0.077,0.275
ALL_SAR,mlp,0.0663,0.4656,0.0677,0.4607,0.073,0.233
