,n_h,n_u,mean_h,mean_u,median_h,median_u,cohen_d,mwu_p,roc_auc,pr_auc,pr_lift
NDVI_a,2351.0,160.0,0.85498,0.84099,0.86034,0.85001,-0.5108,3.557884689837193e-11,0.3438,0.1302,0.0664
NDRE5,2351.0,160.0,0.6765,0.66319,0.68227,0.66866,-0.4123,1.3800699995185295e-06,0.3861,0.103,0.0392
NDRE6,2351.0,160.0,0.18585,0.18189,0.18674,0.18251,-0.359,1.0939697060733799e-05,0.3963,0.0916,0.0279
NDRE7,2351.0,160.0,0.04293,0.04358,0.04285,0.04375,0.1655,0.040701979110617306,0.5483,0.0743,0.0106
EVI,2351.0,160.0,2.78043,2.75808,2.79027,2.77348,-0.1608,0.09201485045642477,0.4603,0.0884,0.0247
NDMI,2351.0,160.0,0.34904,0.33951,0.35334,0.34375,-0.2969,0.000822000226100469,0.4211,0.0947,0.031
ndvi_med,2351.0,160.0,0.84547,0.82989,0.85226,0.83761,-0.4684,7.375916065493029e-09,0.3636,0.1275,0.0637
ndvi_min,2351.0,160.0,0.47732,0.48011,0.48123,0.48326,0.0317,0.9839062146536306,0.5005,0.0668,0.0031
ndvi_std,2351.0,160.0,0.0887,0.08528,0.08818,0.08619,-0.1997,0.014636312676662521,0.4424,0.079,0.0153
ndvi_slope,2351.0,160.0,-0.00053,-0.00051,-0.00054,-0.0005,0.0855,0.2592033205703673,0.5266,0.0742,0.0105
ndvi_delta,2351.0,160.0,-0.06465,-0.06157,-0.06609,-0.0652,0.1243,0.1419087998604343,0.5346,0.0961,0.0324
