source,window,group,n_cand,n_sparse_dropped,top_picks,ref_fold_pr,nested_fold_pr,diff_fold_pr,diff_cell_sd,share_cells_better,ref_pooled_pr,nested_pooled_pr,ref_pooled_roc,nested_pooled_roc
pt10m,survey_12m,S1_all,39,3,s1desc_VH_anom_mean:18; s1desc_VV_mean:16; s1desc_VV_anom_mean:11,0.1354,0.1395,0.0041,0.0138,0.6,0.128,0.1308,0.6428,0.6496
pt10m,survey_12m,S1_desc,18,3,s1desc_VH_anom_mean:18; s1desc_VV_mean:16; s1desc_VV_anom_mean:11,0.1354,0.1395,0.0041,0.0138,0.6,0.128,0.1308,0.6428,0.6496
pt10m,survey_12m,S1_asc,21,3,s1asc_VH_mean:14; s1asc_VH_anom_mean:13; s1asc_VH_VV_dB_mean:8,0.1354,0.1338,-0.0016,0.0075,0.46,0.128,0.1275,0.6428,0.6336
pt10m,survey_12m,S2_all,14,3,s2ndre_anom_mean:40; s2ndre_std:6; s2ndre_delta90:2,0.1354,0.1312,-0.0042,0.0109,0.28,0.128,0.1219,0.6428,0.625
pt10m,survey_6m,S1_all,21,21,s1asc_VH_VV_dB_std:22; s1asc_VH_mean:10; s1asc_VH_anom_mean:10,0.1354,0.1331,-0.0023,0.011,0.36,0.128,0.1261,0.6428,0.6222
pt10m,survey_6m,S1_asc,21,21,s1asc_VH_VV_dB_std:22; s1asc_VH_mean:10; s1asc_VH_anom_mean:10,0.1354,0.1331,-0.0023,0.011,0.36,0.128,0.1261,0.6428,0.6222
pt10m,survey_6m,S2_all,14,21,s2ndre_anom_mean:35; s2ndre_delta90:9; s2ndre_slope:5,0.1354,0.1304,-0.005,0.0081,0.16,0.128,0.1222,0.6428,0.6249
pt10m,matched_12m,S1_all,39,3,s1desc_VH_anom_mean:18; s1desc_VV_mean:16; s1desc_VV_anom_mean:11,0.1354,0.1395,0.0041,0.0138,0.6,0.128,0.1308,0.6428,0.6496
pt10m,matched_12m,S1_desc,18,3,s1desc_VH_anom_mean:18; s1desc_VV_mean:16; s1desc_VV_anom_mean:11,0.1354,0.1395,0.0041,0.0138,0.6,0.128,0.1308,0.6428,0.6496
pt10m,matched_12m,S1_asc,21,3,s1asc_VH_anom_mean:13; s1asc_VH_VV_dB_anom_mean:12; s1asc_VH_mean:9,0.1354,0.1341,-0.0013,0.0076,0.42,0.128,0.1276,0.6428,0.6316
pt10m,matched_12m,S2_all,14,3,s2ndre_anom_mean:37; s2ndre_std:11; s2ndvi_anom_mean:2,0.1354,0.132,-0.0034,0.0063,0.24,0.128,0.1225,0.6428,0.6303
box3x3,survey_12m,S1_all,39,3,s1desc_VH_mean:26; s1desc_VH_anom_mean:15; s1asc_VH_VV_dB_mean:5,0.1354,0.1443,0.0089,0.0167,0.68,0.128,0.1357,0.6428,0.6492
box3x3,survey_12m,S1_desc,18,3,s1desc_VH_mean:28; s1desc_VH_anom_mean:19; s1desc_VV_mean:2,0.1354,0.1467,0.0113,0.0156,0.82,0.128,0.1383,0.6428,0.6588
box3x3,survey_12m,S1_asc,21,3,s1asc_VH_VV_dB_mean:22; s1asc_VH_VV_dB_anom_mean:18; s1asc_VH_mean:8,0.1354,0.1382,0.0028,0.0111,0.6,0.128,0.1305,0.6428,0.6416
box3x3,survey_12m,S2_all,14,3,s2ndre_anom_mean:43; s2ndre_std:4; s2ndvi_anom_mean:3,0.1354,0.1317,-0.0037,0.0086,0.24,0.128,0.123,0.6428,0.6303
box3x3,survey_6m,S1_all,21,21,s1asc_VH_anom_mean:19; s1asc_VH_mean:16; s1asc_VH_VV_dB_std:11,0.1354,0.1381,0.0027,0.0124,0.66,0.128,0.1307,0.6428,0.6319
box3x3,survey_6m,S1_asc,21,21,s1asc_VH_anom_mean:19; s1asc_VH_mean:16; s1asc_VH_VV_dB_std:11,0.1354,0.1381,0.0027,0.0124,0.66,0.128,0.1307,0.6428,0.6319
box3x3,survey_6m,S2_all,14,21,s2ndre_anom_mean:26; s2ndre_delta90:18; s2ndre_slope:6,0.1354,0.1325,-0.0029,0.0118,0.44,0.128,0.1246,0.6428,0.6271
box3x3,matched_12m,S1_all,42,0,s1desc_VH_mean:28; s1desc_VH_anom_mean:6; s1asc_VH_VV_dB_mean:6,0.1354,0.1378,0.0024,0.0211,0.6,0.128,0.1272,0.6428,0.6386
box3x3,matched_12m,S1_desc,21,0,s1desc_VH_mean:31; s1desc_VH_anom_mean:6; s1desc_VV_delta90:6,0.1354,0.1394,0.004,0.0209,0.72,0.128,0.1292,0.6428,0.647
box3x3,matched_12m,S1_asc,21,0,s1asc_VH_VV_dB_mean:22; s1asc_VH_VV_dB_anom_mean:16; s1asc_VH_anom_mean:7,0.1354,0.1358,0.0004,0.0124,0.56,0.128,0.1292,0.6428,0.6355
box3x3,matched_12m,S2_all,14,0,s2ndre_anom_mean:35; s2ndre_std:11; s2ndvi_anom_mean:2,0.1354,0.1326,-0.0028,0.0079,0.26,0.128,0.1235,0.6428,0.6274
