estate,cv,model,feature_set,budget,k,precision,recall,enrichment
AHCensus_Basemap,leave_one_region_out_4,logreg_l2,raw4_plus_local_plus_coords,0.01,26,0.19230769230769232,0.03125,3.0180288461538467
AHCensus_Basemap,leave_one_region_out_4,logreg_l2,raw4_plus_local_plus_coords,0.05,126,0.1984126984126984,0.15625,3.113839285714286
AHCensus_Basemap,leave_one_region_out_4,logreg_l2,raw4_plus_local_plus_coords,0.1,252,0.15873015873015872,0.25,2.491071428571429
AHCensus_Basemap,leave_one_region_out_4,logreg_l2,raw4_plus_local_plus_coords,0.15,377,0.129973474801061,0.30625,2.0397712201591514
AHCensus_Basemap,leave_one_region_out_4,logreg_l2,raw4_plus_local_plus_coords,0.2,503,0.11332007952286283,0.35625,1.7784169980119287
AHCensus_Basemap,leave_one_region_out_4,logreg_l2,raw4_plus_local_plus_coords,0.25,628,0.10031847133757962,0.39375,1.5743730095541404
AHCensus_Basemap,leave_one_region_out_4,logreg_l2,raw4_plus_local_plus_coords,0.3,754,0.09283819628647215,0.4375,1.4569794429708225
AHCensus_Basemap,leave_one_region_out_4,logreg_l2,raw4_plus_local_plus_coords,0.4,1005,0.09353233830845771,0.5875,1.4678731343283584
AHCensus_Basemap,leave_one_region_out_4,logreg_l2,raw4_plus_local_plus_coords,0.5,1256,0.08598726114649681,0.675,1.3494625796178343
AHCensus_Basemap,spatial_5fold_repeated,logreg_l2,raw4_plus_local_plus_coords,0.01,26,0.19230769230769232,0.03125,3.0180288461538467
AHCensus_Basemap,spatial_5fold_repeated,logreg_l2,raw4_plus_local_plus_coords,0.05,126,0.16666666666666666,0.13125,2.615625
AHCensus_Basemap,spatial_5fold_repeated,logreg_l2,raw4_plus_local_plus_coords,0.1,252,0.1388888888888889,0.21875,2.1796875000000004
AHCensus_Basemap,spatial_5fold_repeated,logreg_l2,raw4_plus_local_plus_coords,0.15,377,0.129973474801061,0.30625,2.0397712201591514
AHCensus_Basemap,spatial_5fold_repeated,logreg_l2,raw4_plus_local_plus_coords,0.2,503,0.10934393638170974,0.34375,1.7160164015904573
AHCensus_Basemap,spatial_5fold_repeated,logreg_l2,raw4_plus_local_plus_coords,0.25,628,0.10191082802547771,0.4,1.599363057324841
AHCensus_Basemap,spatial_5fold_repeated,logreg_l2,raw4_plus_local_plus_coords,0.3,754,0.10212201591511937,0.48125,1.6026773872679048
AHCensus_Basemap,spatial_5fold_repeated,logreg_l2,raw4_plus_local_plus_coords,0.4,1005,0.09154228855721393,0.575,1.4366417910447762
AHCensus_Basemap,spatial_5fold_repeated,logreg_l2,raw4_plus_local_plus_coords,0.5,1256,0.08598726114649681,0.675,1.3494625796178343
Palong_Basemap,leave_one_region_out_4,logreg_l2,all14_plus_coords,0.01,22,0.5,0.055,5.4275
Palong_Basemap,leave_one_region_out_4,logreg_l2,all14_plus_coords,0.05,109,0.29357798165137616,0.16,3.1867889908256886
Palong_Basemap,leave_one_region_out_4,logreg_l2,all14_plus_coords,0.1,218,0.22477064220183487,0.245,2.4398853211009177
Palong_Basemap,leave_one_region_out_4,logreg_l2,all14_plus_coords,0.15,326,0.22392638036809817,0.365,2.4307208588957057
Palong_Basemap,leave_one_region_out_4,logreg_l2,all14_plus_coords,0.2,435,0.21839080459770116,0.475,2.370632183908046
Palong_Basemap,leave_one_region_out_4,logreg_l2,all14_plus_coords,0.25,543,0.20994475138121546,0.57,2.2789502762430938
Palong_Basemap,leave_one_region_out_4,logreg_l2,all14_plus_coords,0.3,652,0.19171779141104295,0.625,2.0810966257668713
Palong_Basemap,leave_one_region_out_4,logreg_l2,all14_plus_coords,0.4,869,0.1668584579976985,0.725,1.8112485615650171
Palong_Basemap,leave_one_region_out_4,logreg_l2,all14_plus_coords,0.5,1086,0.15009208103130756,0.815,1.6292495395948436
Palong_Basemap,spatial_5fold_repeated,logreg_l2,all14_plus_coords,0.01,22,0.5,0.055,5.4275
Palong_Basemap,spatial_5fold_repeated,logreg_l2,all14_plus_coords,0.05,109,0.26605504587155965,0.145,2.88802752293578
Palong_Basemap,spatial_5fold_repeated,logreg_l2,all14_plus_coords,0.1,218,0.22018348623853212,0.24,2.390091743119266
Palong_Basemap,spatial_5fold_repeated,logreg_l2,all14_plus_coords,0.15,326,0.21779141104294478,0.355,2.3641257668711657
Palong_Basemap,spatial_5fold_repeated,logreg_l2,all14_plus_coords,0.2,435,0.22988505747126436,0.5,2.495402298850575
Palong_Basemap,spatial_5fold_repeated,logreg_l2,all14_plus_coords,0.25,543,0.21178637200736647,0.575,2.298941068139963
Palong_Basemap,spatial_5fold_repeated,logreg_l2,all14_plus_coords,0.3,652,0.19785276073619631,0.645,2.147691717791411
Palong_Basemap,spatial_5fold_repeated,logreg_l2,all14_plus_coords,0.4,869,0.17031070195627157,0.74,1.848722669735328
Palong_Basemap,spatial_5fold_repeated,logreg_l2,all14_plus_coords,0.5,1086,0.15377532228360957,0.835,1.669231123388582
Serting_Basemap,leave_one_region_out_4,xgboost_balanced,log_raw4_plus_coords,0.01,17,0.23529411764705882,0.025974025974025976,2.5469824293353702
Serting_Basemap,leave_one_region_out_4,xgboost_balanced,log_raw4_plus_coords,0.05,84,0.25,0.13636363636363635,2.706168831168831
Serting_Basemap,leave_one_region_out_4,xgboost_balanced,log_raw4_plus_coords,0.1,167,0.17964071856287425,0.19480519480519481,1.9445524535344894
Serting_Basemap,leave_one_region_out_4,xgboost_balanced,log_raw4_plus_coords,0.15,251,0.17131474103585656,0.2792207792207792,1.8544264500439798
Serting_Basemap,leave_one_region_out_4,xgboost_balanced,log_raw4_plus_coords,0.2,334,0.16167664670658682,0.35064935064935066,1.7500972081810404
Serting_Basemap,leave_one_region_out_4,xgboost_balanced,log_raw4_plus_coords,0.25,417,0.14628297362110312,0.3961038961038961,1.5834656949764863
Serting_Basemap,leave_one_region_out_4,xgboost_balanced,log_raw4_plus_coords,0.3,501,0.13373253493013973,0.43506493506493504,1.4476112709645643
Serting_Basemap,leave_one_region_out_4,xgboost_balanced,log_raw4_plus_coords,0.4,667,0.12743628185907047,0.551948051948052,1.3794563757082496
Serting_Basemap,leave_one_region_out_4,xgboost_balanced,log_raw4_plus_coords,0.5,834,0.12470023980815348,0.6753246753246753,1.3498396088324145
Serting_Basemap,spatial_5fold_repeated,xgboost_balanced,log_raw4_plus_coords,0.01,17,0.29411764705882354,0.032467532467532464,3.183728036669213
Serting_Basemap,spatial_5fold_repeated,xgboost_balanced,log_raw4_plus_coords,0.05,84,0.30952380952380953,0.16883116883116883,3.350494743351886
Serting_Basemap,spatial_5fold_repeated,xgboost_balanced,log_raw4_plus_coords,0.1,167,0.2275449101796407,0.24675324675324675,2.4630997744770196
Serting_Basemap,spatial_5fold_repeated,xgboost_balanced,log_raw4_plus_coords,0.15,251,0.21912350597609562,0.35714285714285715,2.371940808195788
Serting_Basemap,spatial_5fold_repeated,xgboost_balanced,log_raw4_plus_coords,0.2,334,0.17365269461077845,0.37662337662337664,1.8797340384166732
Serting_Basemap,spatial_5fold_repeated,xgboost_balanced,log_raw4_plus_coords,0.25,417,0.15347721822541965,0.4155844155844156,1.66134105702451
Serting_Basemap,spatial_5fold_repeated,xgboost_balanced,log_raw4_plus_coords,0.3,501,0.1377245508982036,0.44805194805194803,1.490823547709775
Serting_Basemap,spatial_5fold_repeated,xgboost_balanced,log_raw4_plus_coords,0.4,667,0.12743628185907047,0.551948051948052,1.3794563757082496
Serting_Basemap,spatial_5fold_repeated,xgboost_balanced,log_raw4_plus_coords,0.5,834,0.11870503597122302,0.6428571428571429,1.2849434737923946
