stage,cv,estate,model,feature_set,repeat,n,n_pos,n_neg,pos_rate,pr_auc,pr_auc_lift,roc_auc,precision_at_1pct,recall_at_1pct,enrichment_at_1pct,precision_at_5pct,recall_at_5pct,enrichment_at_5pct,precision_at_10pct,recall_at_10pct,enrichment_at_10pct,precision_at_20pct,recall_at_20pct,enrichment_at_20pct
cross_estate,leave_one_estate_out,AHCensus_Basemap,logreg_l2,all14,0,2511,160,2351,0.06371963361210672,0.07294333521551018,0.009223701603403453,0.5367848787749893,0.07692307692307693,0.0125,1.2072115384615387,0.07936507936507936,0.0625,1.2455357142857144,0.08333333333333333,0.13125,1.3078125,0.06958250497017893,0.21875,1.0920104373757455
cross_estate,leave_one_estate_out,AHCensus_Basemap,rf_balanced,all14,0,2511,160,2351,0.06371963361210672,0.08355377214737772,0.019834138535270995,0.5249760740110591,0.2692307692307692,0.04375,4.225240384615385,0.1111111111111111,0.0875,1.7437500000000001,0.0873015873015873,0.1375,1.3700892857142857,0.061630218687872766,0.19375,0.9672092445328033
cross_estate,leave_one_estate_out,AHCensus_Basemap,xgboost_balanced,all14,0,2511,160,2351,0.06371963361210672,0.06540657970147509,0.0016869460893683685,0.4950845384942577,0.11538461538461539,0.01875,1.810817307692308,0.07142857142857142,0.05625,1.120982142857143,0.05555555555555555,0.0875,0.8718750000000001,0.055666003976143144,0.175,0.8736083499005965
cross_estate,leave_one_estate_out,AHCensus_Basemap,logreg_l2,all14_estate_z,0,2511,160,2351,0.06371963361210672,0.0621216157247164,-0.0015980178873903211,0.4965971926839643,0.0,0.0,0.0,0.07142857142857142,0.05625,1.120982142857143,0.04365079365079365,0.06875,0.6850446428571428,0.04572564612326044,0.14375,0.7176068588469185
cross_estate,leave_one_estate_out,AHCensus_Basemap,rf_balanced,all14_estate_z,0,2511,160,2351,0.06371963361210672,0.07395651115943869,0.010236877547331963,0.48335415780518926,0.15384615384615385,0.025,2.4144230769230774,0.06349206349206349,0.05,0.9964285714285714,0.07142857142857142,0.1125,1.120982142857143,0.06560636182902585,0.20625,1.0296098409542744
cross_estate,leave_one_estate_out,AHCensus_Basemap,xgboost_balanced,all14_estate_z,0,2511,160,2351,0.06371963361210672,0.06708766981378278,0.0033680362016760557,0.4816726924712888,0.11538461538461539,0.01875,1.810817307692308,0.07936507936507936,0.0625,1.2455357142857144,0.06746031746031746,0.10625,1.0587053571428573,0.0536779324055666,0.16875,0.8424080516898609
cross_estate,leave_one_estate_out,AHCensus_Basemap,logreg_l2,all14_plus_ext,0,2511,160,2351,0.06371963361210672,0.07157761749347691,0.007857983881370184,0.5184921310080817,0.15384615384615385,0.025,2.4144230769230774,0.09523809523809523,0.075,1.4946428571428572,0.09126984126984126,0.14375,1.4323660714285715,0.06560636182902585,0.20625,1.0296098409542744
cross_estate,leave_one_estate_out,AHCensus_Basemap,rf_balanced,all14_plus_ext,0,2511,160,2351,0.06371963361210672,0.07618299872048137,0.012463365108374647,0.5177025733730327,0.15384615384615385,0.025,2.4144230769230774,0.1111111111111111,0.0875,1.7437500000000001,0.07539682539682539,0.11875,1.1832589285714286,0.0636182902584493,0.2,0.9984095427435388
cross_estate,leave_one_estate_out,AHCensus_Basemap,xgboost_balanced,all14_plus_ext,0,2511,160,2351,0.06371963361210672,0.06786358677905319,0.004143953166946462,0.49202467035304126,0.11538461538461539,0.01875,1.810817307692308,0.05555555555555555,0.04375,0.8718750000000001,0.05555555555555555,0.0875,0.8718750000000001,0.04970178926441352,0.15625,0.7800074552683898
cross_estate,leave_one_estate_out,AHCensus_Basemap,logreg_l2,all14_plus_ext_estate_z,0,2511,160,2351,0.06371963361210672,0.061207698838440475,-0.0025119347736662495,0.4845650786899192,0.0,0.0,0.0,0.07142857142857142,0.05625,1.120982142857143,0.05555555555555555,0.0875,0.8718750000000001,0.04572564612326044,0.14375,0.7176068588469185
cross_estate,leave_one_estate_out,AHCensus_Basemap,rf_balanced,all14_plus_ext_estate_z,0,2511,160,2351,0.06371963361210672,0.06707478143199506,0.0033551478198883405,0.49612930667800936,0.11538461538461539,0.01875,1.810817307692308,0.07142857142857142,0.05625,1.120982142857143,0.05952380952380952,0.09375,0.9341517857142857,0.061630218687872766,0.19375,0.9672092445328033
cross_estate,leave_one_estate_out,AHCensus_Basemap,xgboost_balanced,all14_plus_ext_estate_z,0,2511,160,2351,0.06371963361210672,0.06390944519173888,0.00018981157963215978,0.48361601446193114,0.038461538461538464,0.00625,0.6036057692307694,0.07142857142857142,0.05625,1.120982142857143,0.06349206349206349,0.1,0.9964285714285714,0.04970178926441352,0.15625,0.7800074552683898
cross_estate,leave_one_estate_out,AHCensus_Basemap,logreg_l2,all14_plus_local,0,2511,160,2351,0.06371963361210672,0.0718958911628005,0.008176257550693775,0.5301121863037006,0.07692307692307693,0.0125,1.2072115384615387,0.0873015873015873,0.06875,1.3700892857142857,0.06746031746031746,0.10625,1.0587053571428573,0.06759443339960239,0.2125,1.06081013916501
cross_estate,leave_one_estate_out,AHCensus_Basemap,rf_balanced,all14_plus_local,0,2511,160,2351,0.06371963361210672,0.06476521153801774,0.0010455779259110204,0.5212117184176946,0.0,0.0,0.0,0.023809523809523808,0.01875,0.3736607142857143,0.05555555555555555,0.0875,0.8718750000000001,0.0636182902584493,0.2,0.9984095427435388
cross_estate,leave_one_estate_out,AHCensus_Basemap,xgboost_balanced,all14_plus_local,0,2511,160,2351,0.06371963361210672,0.06549214301993636,0.0017725094078296366,0.5051866227137389,0.038461538461538464,0.00625,0.6036057692307694,0.07142857142857142,0.05625,1.120982142857143,0.06349206349206349,0.1,0.9964285714285714,0.06560636182902585,0.20625,1.0296098409542744
cross_estate,leave_one_estate_out,AHCensus_Basemap,logreg_l2,all14_plus_local_estate_z,0,2511,160,2351,0.06371963361210672,0.06279427525798544,-0.000925358354121289,0.49453689919183325,0.038461538461538464,0.00625,0.6036057692307694,0.06349206349206349,0.05,0.9964285714285714,0.051587301587301584,0.08125,0.8095982142857143,0.05168986083499006,0.1625,0.8112077534791253
cross_estate,leave_one_estate_out,AHCensus_Basemap,rf_balanced,all14_plus_local_estate_z,0,2511,160,2351,0.06371963361210672,0.06283997074852585,-0.0008796628635808768,0.5071777966822628,0.038461538461538464,0.00625,0.6036057692307694,0.03968253968253968,0.03125,0.6227678571428572,0.05555555555555555,0.0875,0.8718750000000001,0.061630218687872766,0.19375,0.9672092445328033
cross_estate,leave_one_estate_out,AHCensus_Basemap,xgboost_balanced,all14_plus_local_estate_z,0,2511,160,2351,0.06371963361210672,0.06484491469761183,0.0011252810855051087,0.5034400255210549,0.038461538461538464,0.00625,0.6036057692307694,0.05555555555555555,0.04375,0.8718750000000001,0.06349206349206349,0.1,0.9964285714285714,0.061630218687872766,0.19375,0.9672092445328033
cross_estate,leave_one_estate_out,AHCensus_Basemap,logreg_l2,local14,0,2511,160,2351,0.06371963361210672,0.0640410719937211,0.0003214383816143723,0.4997740323266696,0.038461538461538464,0.00625,0.6036057692307694,0.047619047619047616,0.0375,0.7473214285714286,0.05952380952380952,0.09375,0.9341517857142857,0.07157057654075547,0.225,1.123210735586481
cross_estate,leave_one_estate_out,AHCensus_Basemap,rf_balanced,local14,0,2511,160,2351,0.06371963361210672,0.07075305987504663,0.007033426262939901,0.5040913441088899,0.038461538461538464,0.00625,0.6036057692307694,0.12698412698412698,0.1,1.9928571428571429,0.07142857142857142,0.1125,1.120982142857143,0.06560636182902585,0.20625,1.0296098409542744
cross_estate,leave_one_estate_out,AHCensus_Basemap,xgboost_balanced,local14,0,2511,160,2351,0.06371963361210672,0.07050212717666988,0.006782493564563161,0.5144592726499362,0.038461538461538464,0.00625,0.6036057692307694,0.07936507936507936,0.0625,1.2455357142857144,0.07539682539682539,0.11875,1.1832589285714286,0.08548707753479125,0.26875,1.3416128230616302
cross_estate,leave_one_estate_out,AHCensus_Basemap,logreg_l2,local14_estate_z,0,2511,160,2351,0.06371963361210672,0.0617011076823883,-0.0020185259297184274,0.49187579753296473,0.038461538461538464,0.00625,0.6036057692307694,0.03968253968253968,0.03125,0.6227678571428572,0.047619047619047616,0.075,0.7473214285714286,0.061630218687872766,0.19375,0.9672092445328033
cross_estate,leave_one_estate_out,AHCensus_Basemap,rf_balanced,local14_estate_z,0,2511,160,2351,0.06371963361210672,0.06992410681356229,0.006204473201455563,0.4985032964695874,0.07692307692307693,0.0125,1.2072115384615387,0.0873015873015873,0.06875,1.3700892857142857,0.08333333333333333,0.13125,1.3078125,0.07157057654075547,0.225,1.123210735586481
cross_estate,leave_one_estate_out,AHCensus_Basemap,xgboost_balanced,local14_estate_z,0,2511,160,2351,0.06371963361210672,0.07297720466663113,0.009257571054524405,0.5171602509570395,0.15384615384615385,0.025,2.4144230769230774,0.07936507936507936,0.0625,1.2455357142857144,0.08333333333333333,0.13125,1.3078125,0.07157057654075547,0.225,1.123210735586481
cross_estate,leave_one_estate_out,Palong_Basemap,logreg_l2,all14,0,2171,200,1971,0.09212344541685859,0.11203419813705888,0.019910752720200292,0.5449822425164891,0.13636363636363635,0.015,1.4802272727272727,0.1651376146788991,0.09,1.7925688073394497,0.0963302752293578,0.105,1.045665137614679,0.09885057471264368,0.215,1.0730229885057472
cross_estate,leave_one_estate_out,Palong_Basemap,rf_balanced,all14,0,2171,200,1971,0.09212344541685859,0.10206327070683047,0.00993982528997188,0.542250126839168,0.0,0.0,0.0,0.11009174311926606,0.06,1.195045871559633,0.11009174311926606,0.12,1.195045871559633,0.10344827586206896,0.225,1.1229310344827585
cross_estate,leave_one_estate_out,Palong_Basemap,xgboost_balanced,all14,0,2171,200,1971,0.09212344541685859,0.11378371566608098,0.021660270249222388,0.5549010654490107,0.22727272727272727,0.025,2.4670454545454548,0.11926605504587157,0.065,1.2946330275229359,0.11009174311926606,0.12,1.195045871559633,0.09655172413793103,0.21,1.0480689655172415
cross_estate,leave_one_estate_out,Palong_Basemap,logreg_l2,all14_estate_z,0,2171,200,1971,0.09212344541685859,0.12408161189725578,0.03195816648039719,0.5708929477422627,0.3181818181818182,0.035,3.4538636363636366,0.11926605504587157,0.065,1.2946330275229359,0.10550458715596331,0.115,1.1452522935779819,0.10804597701149425,0.235,1.1728390804597701
cross_estate,leave_one_estate_out,Palong_Basemap,rf_balanced,all14_estate_z,0,2171,200,1971,0.09212344541685859,0.09722481835889879,0.005101372942040203,0.5257255200405886,0.045454545454545456,0.005,0.49340909090909096,0.08256880733944955,0.045,0.8962844036697248,0.0779816513761468,0.085,0.8464908256880734,0.10114942528735632,0.22,1.0979770114942529
cross_estate,leave_one_estate_out,Palong_Basemap,xgboost_balanced,all14_estate_z,0,2171,200,1971,0.09212344541685859,0.10229650404774733,0.010173058630888743,0.5328234398782344,0.045454545454545456,0.005,0.49340909090909096,0.11926605504587157,0.065,1.2946330275229359,0.11009174311926606,0.12,1.195045871559633,0.11954022988505747,0.26,1.2976091954022988
cross_estate,leave_one_estate_out,Palong_Basemap,logreg_l2,all14_plus_ext,0,2171,200,1971,0.09212344541685859,0.11201406446757248,0.01989061905071389,0.5433663115169964,0.18181818181818182,0.02,1.9736363636363639,0.14678899082568808,0.08,1.5933944954128443,0.10550458715596331,0.115,1.1452522935779819,0.10804597701149425,0.235,1.1728390804597701
cross_estate,leave_one_estate_out,Palong_Basemap,rf_balanced,all14_plus_ext,0,2171,200,1971,0.09212344541685859,0.10345218347024639,0.011328738053387799,0.5570015220700152,0.0,0.0,0.0,0.10091743119266056,0.055,1.0954587155963305,0.11009174311926606,0.12,1.195045871559633,0.10574712643678161,0.23,1.1478850574712645
cross_estate,leave_one_estate_out,Palong_Basemap,xgboost_balanced,all14_plus_ext,0,2171,200,1971,0.09212344541685859,0.11547029700182737,0.023346851584968784,0.5547209538305429,0.18181818181818182,0.02,1.9736363636363639,0.14678899082568808,0.08,1.5933944954128443,0.10550458715596331,0.115,1.1452522935779819,0.1103448275862069,0.24,1.1977931034482758
cross_estate,leave_one_estate_out,Palong_Basemap,logreg_l2,all14_plus_ext_estate_z,0,2171,200,1971,0.09212344541685859,0.11003653135883479,0.0179130859419762,0.5519330289193303,0.22727272727272727,0.025,2.4670454545454548,0.11926605504587157,0.065,1.2946330275229359,0.11009174311926606,0.12,1.195045871559633,0.09885057471264368,0.215,1.0730229885057472
cross_estate,leave_one_estate_out,Palong_Basemap,rf_balanced,all14_plus_ext_estate_z,0,2171,200,1971,0.09212344541685859,0.09383218543530814,0.0017087400184495477,0.5162075088787418,0.0,0.0,0.0,0.09174311926605505,0.05,0.9958715596330276,0.0871559633027523,0.095,0.9460779816513762,0.08735632183908046,0.19,0.9482528735632184
cross_estate,leave_one_estate_out,Palong_Basemap,xgboost_balanced,all14_plus_ext_estate_z,0,2171,200,1971,0.09212344541685859,0.09997061382310243,0.007847168406243846,0.5396372399797057,0.0,0.0,0.0,0.09174311926605505,0.05,0.9958715596330276,0.11926605504587157,0.13,1.2946330275229359,0.10344827586206896,0.225,1.1229310344827585
cross_estate,leave_one_estate_out,Palong_Basemap,logreg_l2,all14_plus_local,0,2171,200,1971,0.09212344541685859,0.10216272896668055,0.010039283549821962,0.5373896499238965,0.22727272727272727,0.025,2.4670454545454548,0.11009174311926606,0.06,1.195045871559633,0.08256880733944955,0.09,0.8962844036697248,0.10114942528735632,0.22,1.0979770114942529
cross_estate,leave_one_estate_out,Palong_Basemap,rf_balanced,all14_plus_local,0,2171,200,1971,0.09212344541685859,0.10273857725012452,0.010615131833265928,0.5259411466260782,0.045454545454545456,0.005,0.49340909090909096,0.1559633027522936,0.085,1.6929816513761469,0.11467889908256881,0.125,1.2448394495412844,0.09885057471264368,0.215,1.0730229885057472
cross_estate,leave_one_estate_out,Palong_Basemap,xgboost_balanced,all14_plus_local,0,2171,200,1971,0.09212344541685859,0.11298212160300034,0.020858676186141747,0.5501572805682394,0.2727272727272727,0.03,2.9604545454545454,0.13761467889908258,0.075,1.4938073394495415,0.10091743119266056,0.11,1.0954587155963305,0.09655172413793103,0.21,1.0480689655172415
cross_estate,leave_one_estate_out,Palong_Basemap,logreg_l2,all14_plus_local_estate_z,0,2171,200,1971,0.09212344541685859,0.11149309189147294,0.019369646474614352,0.5558777270421106,0.18181818181818182,0.02,1.9736363636363639,0.14678899082568808,0.08,1.5933944954128443,0.11926605504587157,0.13,1.2946330275229359,0.10804597701149425,0.235,1.1728390804597701
cross_estate,leave_one_estate_out,Palong_Basemap,rf_balanced,all14_plus_local_estate_z,0,2171,200,1971,0.09212344541685859,0.0993435059543076,0.007220060537449016,0.5162785388127854,0.09090909090909091,0.01,0.9868181818181819,0.09174311926605505,0.05,0.9958715596330276,0.11009174311926606,0.12,1.195045871559633,0.09195402298850575,0.2,0.9981609195402299
cross_estate,leave_one_estate_out,Palong_Basemap,xgboost_balanced,all14_plus_local_estate_z,0,2171,200,1971,0.09212344541685859,0.11112989238046643,0.019006446963607843,0.5464485032978184,0.22727272727272727,0.025,2.4670454545454548,0.13761467889908258,0.075,1.4938073394495415,0.11009174311926606,0.12,1.195045871559633,0.10114942528735632,0.22,1.0979770114942529
cross_estate,leave_one_estate_out,Palong_Basemap,logreg_l2,local14,0,2171,200,1971,0.09212344541685859,0.10202419696789292,0.009900751551034329,0.5226255707762557,0.045454545454545456,0.005,0.49340909090909096,0.12844036697247707,0.07,1.3942201834862387,0.11926605504587157,0.13,1.2946330275229359,0.11954022988505747,0.26,1.2976091954022988
cross_estate,leave_one_estate_out,Palong_Basemap,rf_balanced,local14,0,2171,200,1971,0.09212344541685859,0.1027413964598011,0.010617951042942511,0.5169254185692542,0.13636363636363635,0.015,1.4802272727272727,0.09174311926605505,0.05,0.9958715596330276,0.06880733944954129,0.075,0.7469036697247707,0.09425287356321839,0.205,1.0231149425287356
cross_estate,leave_one_estate_out,Palong_Basemap,xgboost_balanced,local14,0,2171,200,1971,0.09212344541685859,0.1001860117736049,0.008062566356746306,0.5070776255707763,0.09090909090909091,0.01,0.9868181818181819,0.09174311926605505,0.05,0.9958715596330276,0.09174311926605505,0.1,0.9958715596330276,0.09655172413793103,0.21,1.0480689655172415
cross_estate,leave_one_estate_out,Palong_Basemap,logreg_l2,local14_estate_z,0,2171,200,1971,0.09212344541685859,0.10213661223214149,0.0100131668152829,0.507004058853374,0.045454545454545456,0.005,0.49340909090909096,0.12844036697247707,0.07,1.3942201834862387,0.11926605504587157,0.13,1.2946330275229359,0.11954022988505747,0.26,1.2976091954022988
cross_estate,leave_one_estate_out,Palong_Basemap,rf_balanced,local14_estate_z,0,2171,200,1971,0.09212344541685859,0.09720369061846795,0.005080245201609365,0.5110248604769153,0.09090909090909091,0.01,0.9868181818181819,0.11926605504587157,0.065,1.2946330275229359,0.09174311926605505,0.1,0.9958715596330276,0.09425287356321839,0.205,1.0231149425287356
cross_estate,leave_one_estate_out,Palong_Basemap,xgboost_balanced,local14_estate_z,0,2171,200,1971,0.09212344541685859,0.09959203164299324,0.007468586226134652,0.49885844748858443,0.09090909090909091,0.01,0.9868181818181819,0.07339449541284404,0.04,0.7966972477064221,0.0963302752293578,0.105,1.045665137614679,0.10114942528735632,0.22,1.0979770114942529
cross_estate,leave_one_estate_out,Serting_Basemap,logreg_l2,all14,0,1667,154,1513,0.09238152369526095,0.0887212573852747,-0.0036602663099862542,0.4926695908189629,0.17647058823529413,0.01948051948051948,1.910236822001528,0.047619047619047616,0.025974025974025976,0.515460729746444,0.041916167664670656,0.045454545454545456,0.45372890582471415,0.0688622754491018,0.14935064935064934,0.7454117738548875
cross_estate,leave_one_estate_out,Serting_Basemap,rf_balanced,all14,0,1667,154,1513,0.09238152369526095,0.09488355959963744,0.00250203590437649,0.5177509205929562,0.058823529411764705,0.006493506493506494,0.6367456073338426,0.09523809523809523,0.05194805194805195,1.030921459492888,0.08982035928143713,0.09740259740259741,0.9722762267672447,0.08383233532934131,0.18181818181818182,0.9074578116494283
cross_estate,leave_one_estate_out,Serting_Basemap,xgboost_balanced,all14,0,1667,154,1513,0.09238152369526095,0.08993354440192083,-0.002447979293340119,0.49311593891897926,0.058823529411764705,0.006493506493506494,0.6367456073338426,0.03571428571428571,0.01948051948051948,0.386595547309833,0.0718562874251497,0.07792207792207792,0.7778209814137957,0.08982035928143713,0.19480519480519481,0.9722762267672447
cross_estate,leave_one_estate_out,Serting_Basemap,logreg_l2,all14_estate_z,0,1667,154,1513,0.09238152369526095,0.08848866326641092,-0.003892860428850037,0.47540793641256296,0.17647058823529413,0.01948051948051948,1.910236822001528,0.05952380952380952,0.032467532467532464,0.644325912183055,0.0658682634730539,0.07142857142857142,0.7130025662959795,0.0718562874251497,0.15584415584415584,0.7778209814137957
cross_estate,leave_one_estate_out,Serting_Basemap,rf_balanced,all14_estate_z,0,1667,154,1513,0.09238152369526095,0.08547435184550947,-0.006907171849751481,0.46768697264401166,0.058823529411764705,0.006493506493506494,0.6367456073338426,0.09523809523809523,0.05194805194805195,1.030921459492888,0.08982035928143713,0.09740259740259741,0.9722762267672447,0.07784431137724551,0.16883116883116883,0.8426393965316121
cross_estate,leave_one_estate_out,Serting_Basemap,xgboost_balanced,all14_estate_z,0,1667,154,1513,0.09238152369526095,0.0931483823696276,0.0007668586743666411,0.4684122883065381,0.11764705882352941,0.012987012987012988,1.2734912146676851,0.09523809523809523,0.05194805194805195,1.030921459492888,0.09580838323353294,0.1038961038961039,1.037094641885061,0.0748502994011976,0.16233766233766234,0.8102301889727038
cross_estate,leave_one_estate_out,Serting_Basemap,logreg_l2,all14_plus_ext,0,1667,154,1513,0.09238152369526095,0.0862537837041951,-0.0061277399910658475,0.48404305542441695,0.11764705882352941,0.012987012987012988,1.2734912146676851,0.047619047619047616,0.025974025974025976,0.515460729746444,0.059880239520958084,0.06493506493506493,0.6481841511781631,0.059880239520958084,0.12987012987012986,0.6481841511781631
cross_estate,leave_one_estate_out,Serting_Basemap,rf_balanced,all14_plus_ext,0,1667,154,1513,0.09238152369526095,0.0903571846229487,-0.0020243390723122534,0.5192487618132033,0.0,0.0,0.0,0.047619047619047616,0.025974025974025976,0.515460729746444,0.0718562874251497,0.07792207792207792,0.7778209814137957,0.0688622754491018,0.14935064935064934,0.7454117738548875
cross_estate,leave_one_estate_out,Serting_Basemap,xgboost_balanced,all14_plus_ext,0,1667,154,1513,0.09238152369526095,0.08573337553154844,-0.006648148163712508,0.48011605050600425,0.058823529411764705,0.006493506493506494,0.6367456073338426,0.011904761904761904,0.006493506493506494,0.128865182436611,0.05389221556886228,0.05844155844155844,0.5833657360603468,0.08383233532934131,0.18181818181818182,0.9074578116494283
cross_estate,leave_one_estate_out,Serting_Basemap,logreg_l2,all14_plus_ext_estate_z,0,1667,154,1513,0.09238152369526095,0.08571670389686892,-0.006664819798392035,0.4645196178573574,0.058823529411764705,0.006493506493506494,0.6367456073338426,0.07142857142857142,0.03896103896103896,0.773191094619666,0.0658682634730539,0.07142857142857142,0.7130025662959795,0.0718562874251497,0.15584415584415584,0.7778209814137957
cross_estate,leave_one_estate_out,Serting_Basemap,rf_balanced,all14_plus_ext_estate_z,0,1667,154,1513,0.09238152369526095,0.08420651803742947,-0.008175005657831483,0.461017501995691,0.11764705882352941,0.012987012987012988,1.2734912146676851,0.047619047619047616,0.025974025974025976,0.515460729746444,0.0658682634730539,0.07142857142857142,0.7130025662959795,0.0718562874251497,0.15584415584415584,0.7778209814137957
cross_estate,leave_one_estate_out,Serting_Basemap,xgboost_balanced,all14_plus_ext_estate_z,0,1667,154,1513,0.09238152369526095,0.08907315627719249,-0.0033083674180684614,0.4778542673453447,0.058823529411764705,0.006493506493506494,0.6367456073338426,0.08333333333333333,0.045454545454545456,0.902056277056277,0.0718562874251497,0.07792207792207792,0.7778209814137957,0.07784431137724551,0.16883116883116883,0.8426393965316121
cross_estate,leave_one_estate_out,Serting_Basemap,logreg_l2,all14_plus_local,0,1667,154,1513,0.09238152369526095,0.08877025804146776,-0.0036112656537931886,0.48602587102256634,0.17647058823529413,0.01948051948051948,1.910236822001528,0.05952380952380952,0.032467532467532464,0.644325912183055,0.07784431137724551,0.08441558441558442,0.8426393965316121,0.06287425149700598,0.13636363636363635,0.6805933587370713
cross_estate,leave_one_estate_out,Serting_Basemap,rf_balanced,all14_plus_local,0,1667,154,1513,0.09238152369526095,0.08768958807088575,-0.004691935624375199,0.4594295327937099,0.11764705882352941,0.012987012987012988,1.2734912146676851,0.11904761904761904,0.06493506493506493,1.28865182436611,0.0718562874251497,0.07792207792207792,0.7778209814137957,0.0748502994011976,0.16233766233766234,0.8102301889727038
cross_estate,leave_one_estate_out,Serting_Basemap,xgboost_balanced,all14_plus_local,0,1667,154,1513,0.09238152369526095,0.09575755246373423,0.0033760287684732743,0.47079853391816373,0.17647058823529413,0.01948051948051948,1.910236822001528,0.09523809523809523,0.05194805194805195,1.030921459492888,0.07784431137724551,0.08441558441558442,0.8426393965316121,0.08383233532934131,0.18181818181818182,0.9074578116494283
cross_estate,leave_one_estate_out,Serting_Basemap,logreg_l2,all14_plus_local_estate_z,0,1667,154,1513,0.09238152369526095,0.0946263561979802,0.0022448325027192434,0.4683822456459601,0.17647058823529413,0.01948051948051948,1.910236822001528,0.08333333333333333,0.045454545454545456,0.902056277056277,0.0658682634730539,0.07142857142857142,0.7130025662959795,0.0688622754491018,0.14935064935064934,0.7454117738548875
cross_estate,leave_one_estate_out,Serting_Basemap,rf_balanced,all14_plus_local_estate_z,0,1667,154,1513,0.09238152369526095,0.08699707853594935,-0.005384445159311607,0.46415481412176723,0.0,0.0,0.0,0.09523809523809523,0.05194805194805195,1.030921459492888,0.0718562874251497,0.07792207792207792,0.7778209814137957,0.08682634730538923,0.18831168831168832,0.9398670192083366
cross_estate,leave_one_estate_out,Serting_Basemap,xgboost_balanced,all14_plus_local_estate_z,0,1667,154,1513,0.09238152369526095,0.08999842996845756,-0.002383093726803398,0.4649917168092978,0.17647058823529413,0.01948051948051948,1.910236822001528,0.05952380952380952,0.032467532467532464,0.644325912183055,0.0658682634730539,0.07142857142857142,0.7130025662959795,0.08083832335329341,0.17532467532467533,0.8750486040905202
cross_estate,leave_one_estate_out,Serting_Basemap,logreg_l2,local14,0,1667,154,1513,0.09238152369526095,0.0882938180042237,-0.004087705691037252,0.4674165886988094,0.11764705882352941,0.012987012987012988,1.2734912146676851,0.08333333333333333,0.045454545454545456,0.902056277056277,0.0658682634730539,0.07142857142857142,0.7130025662959795,0.09281437125748503,0.2012987012987013,1.0046854343261529
cross_estate,leave_one_estate_out,Serting_Basemap,rf_balanced,local14,0,1667,154,1513,0.09238152369526095,0.10367657878123637,0.01129505508597542,0.5047467403713273,0.23529411764705882,0.025974025974025976,2.5469824293353702,0.14285714285714285,0.07792207792207792,1.546382189239332,0.10778443113772455,0.11688311688311688,1.1667314721206936,0.08383233532934131,0.18181818181818182,0.9074578116494283
cross_estate,leave_one_estate_out,Serting_Basemap,xgboost_balanced,local14,0,1667,154,1513,0.09238152369526095,0.09040307944057284,-0.0019784442546881137,0.4763821769770217,0.0,0.0,0.0,0.10714285714285714,0.05844155844155844,1.1597866419294989,0.10179640718562874,0.11038961038961038,1.1019130570028772,0.0718562874251497,0.15584415584415584,0.7778209814137957
cross_estate,leave_one_estate_out,Serting_Basemap,logreg_l2,local14_estate_z,0,1667,154,1513,0.09238152369526095,0.08523259128024505,-0.007148932415015907,0.46372563325636695,0.11764705882352941,0.012987012987012988,1.2734912146676851,0.07142857142857142,0.03896103896103896,0.773191094619666,0.0718562874251497,0.07792207792207792,0.7778209814137957,0.08383233532934131,0.18181818181818182,0.9074578116494283
cross_estate,leave_one_estate_out,Serting_Basemap,rf_balanced,local14_estate_z,0,1667,154,1513,0.09238152369526095,0.10163811096744846,0.009256587272187505,0.5048368683530613,0.11764705882352941,0.012987012987012988,1.2734912146676851,0.11904761904761904,0.06493506493506493,1.28865182436611,0.08982035928143713,0.09740259740259741,0.9722762267672447,0.10778443113772455,0.23376623376623376,1.1667314721206936
cross_estate,leave_one_estate_out,Serting_Basemap,xgboost_balanced,local14_estate_z,0,1667,154,1513,0.09238152369526095,0.09631420782696624,0.003932684131705291,0.4912618775804499,0.11764705882352941,0.012987012987012988,1.2734912146676851,0.11904761904761904,0.06493506493506493,1.28865182436611,0.09580838323353294,0.1038961038961039,1.037094641885061,0.08982035928143713,0.19480519480519481,0.9722762267672447
