stage,cv,estate,model,feature_set,n_mean,n_std,n_pos_mean,n_pos_std,n_neg_mean,n_neg_std,pos_rate_mean,pos_rate_std,pr_auc_mean,pr_auc_std,pr_auc_lift_mean,pr_auc_lift_std,roc_auc_mean,roc_auc_std,precision_at_1pct_mean,precision_at_1pct_std,recall_at_1pct_mean,recall_at_1pct_std,enrichment_at_1pct_mean,enrichment_at_1pct_std,precision_at_5pct_mean,precision_at_5pct_std,recall_at_5pct_mean,recall_at_5pct_std,enrichment_at_5pct_mean,enrichment_at_5pct_std,precision_at_10pct_mean,precision_at_10pct_std,recall_at_10pct_mean,recall_at_10pct_std,enrichment_at_10pct_mean,enrichment_at_10pct_std,precision_at_20pct_mean,precision_at_20pct_std,recall_at_20pct_mean,recall_at_20pct_std,enrichment_at_20pct_mean,enrichment_at_20pct_std
supervised,spatial_5fold_repeated,AHCensus_Basemap,logreg_l2,all14,2511.0,0.0,160.0,0.0,2351.0,0.0,0.06371963361210672,0.0,0.07346613866086352,0.0,0.009746505048756793,0.0,0.5393103998298597,0.0,0.07692307692307693,0.0,0.012500000000000002,2.1245936804851847e-18,1.2072115384615387,0.0,0.08730158730158728,1.6996749443881478e-17,0.06875,0.0,1.3700892857142855,2.7194799110210365e-16,0.06746031746031746,0.0,0.10625,0.0,1.0587053571428573,0.0,0.073558648111332,0.0,0.23125000000000004,3.3993498887762956e-17,1.1544110337972167,0.0
supervised,spatial_5fold_repeated,AHCensus_Basemap,logreg_l1,all14,2511.0,0.0,160.0,0.0,2351.0,0.0,0.06371963361210672,0.0,0.07378839458650376,9.461867889696121e-07,0.010068760974397031,9.461867889696121e-07,0.5299934425067349,4.060839088857652e-06,0.038461538461538464,0.0,0.006250000000000001,1.0622968402425924e-18,0.6036057692307694,0.0,0.1111111111111111,0.0,0.08749999999999998,1.6996749443881478e-17,1.7437500000000001,0.0,0.08333333333333333,0.0,0.13125,0.0,1.3078125,0.0,0.07554671968190854,0.0,0.23749999999999996,3.3993498887762956e-17,1.1856113320079522,0.0
supervised,spatial_5fold_repeated,AHCensus_Basemap,svm_rbf,all14,2511.0,0.0,160.0,0.0,2351.0,0.0,0.06371963361210672,0.0,0.06795347505905933,0.0,0.004233841446952602,0.0,0.5157459591663123,0.0,0.07692307692307693,0.0,0.012500000000000002,2.1245936804851847e-18,1.2072115384615387,0.0,0.07936507936507936,0.0,0.0625,0.0,1.2455357142857144,0.0,0.06349206349206349,0.0,0.10000000000000002,1.6996749443881478e-17,0.9964285714285714,0.0,0.061630218687872766,0.0,0.19375,0.0,0.9672092445328033,0.0
supervised,spatial_5fold_repeated,AHCensus_Basemap,knn_25,all14,2511.0,0.0,160.0,0.0,2351.0,0.0,0.06371963361210672,0.0,0.0910610842238976,0.0,0.02734145061179087,0.0,0.5443986601446192,0.0,0.15384615384615385,0.0,0.025000000000000005,4.2491873609703695e-18,2.4144230769230774,0.0,0.1111111111111111,0.0,0.08749999999999998,1.6996749443881478e-17,1.7437500000000001,0.0,0.10317460317460318,1.6996749443881478e-17,0.1625,0.0,1.6191964285714286,0.0,0.08548707753479125,0.0,0.26875,0.0,1.3416128230616302,0.0
supervised,spatial_5fold_repeated,AHCensus_Basemap,lda_shrink,all14,2511.0,0.0,160.0,0.0,2351.0,0.0,0.06371963361210672,0.0,0.07296652051177537,0.0,0.009246886899668641,0.0,0.537914717141642,0.0,0.038461538461538464,0.0,0.006250000000000001,1.0622968402425924e-18,0.6036057692307694,0.0,0.08730158730158728,1.6996749443881478e-17,0.06875,0.0,1.3700892857142855,2.7194799110210365e-16,0.07539682539682539,0.0,0.11874999999999998,1.6996749443881478e-17,1.1832589285714286,0.0,0.0775347912524851,0.0,0.24375,0.0,1.216811630218688,0.0
supervised,spatial_5fold_repeated,AHCensus_Basemap,gaussian_nb,all14,2511.0,0.0,160.0,0.0,2351.0,0.0,0.06371963361210672,0.0,0.07695407880968451,0.0,0.013234445197577785,0.0,0.5540780518928117,0.0,0.038461538461538464,0.0,0.006250000000000001,1.0622968402425924e-18,0.6036057692307694,0.0,0.07936507936507936,0.0,0.0625,0.0,1.2455357142857144,0.0,0.09523809523809523,0.0,0.15,0.0,1.4946428571428572,0.0,0.07554671968190854,0.0,0.23749999999999996,3.3993498887762956e-17,1.1856113320079522,0.0
supervised,spatial_5fold_repeated,AHCensus_Basemap,rf_balanced,all14,2511.0,0.0,160.0,0.0,2351.0,0.0,0.06371963361210672,0.0,0.07197036400139355,0.0012704420829077203,0.008250730389286828,0.0012704420829077203,0.5225223309230115,0.004676836335139096,0.08974358974358976,0.022205779584216375,0.014583333333333332,0.00360843918243516,1.4084134615384618,0.34849195334979577,0.08730158730158728,0.013746434980705373,0.06874999999999999,0.010825317547305485,1.370089285714286,0.21573311397844497,0.07407407407407407,0.00998655348580787,0.11666666666666665,0.015728821740147395,1.1625,0.15672647376789728,0.0728959575878065,0.0011478136564406066,0.22916666666666666,0.0036084391824351644,1.1440109343936382,0.018013500570764774
supervised,spatial_5fold_repeated,AHCensus_Basemap,extratrees_balanced,all14,2511.0,0.0,160.0,0.0,2351.0,0.0,0.06371963361210672,0.0,0.07131959673208112,0.0007770488124650488,0.007599963119974393,0.0007770488124650488,0.5199795299872395,0.0017502840662603906,0.12820512820512822,0.022205779584216375,0.020833333333333332,0.003608439182435162,2.0120192307692313,0.3484919533497959,0.06349206349206349,0.0,0.05000000000000001,8.498374721940739e-18,0.9964285714285714,0.0,0.06613756613756613,0.009164289987136916,0.10416666666666667,0.014433756729740649,1.0379464285714286,0.14382207598563,0.06560636182902585,0.0019880715705765453,0.20624999999999996,0.006249999999999992,1.0296098409542742,0.03120029821073561
supervised,spatial_5fold_repeated,AHCensus_Basemap,hist_gbdt_balanced,all14,2511.0,0.0,160.0,0.0,2351.0,0.0,0.06371963361210672,0.0,0.07858374011313303,0.006143443290528909,0.014864106501026306,0.006143443290528909,0.536005954912803,0.007689916807799038,0.14102564102564105,0.08006407690254358,0.02291666666666667,0.01301041249666333,2.2132211538461544,1.2565056068892932,0.10052910052910052,0.01652115872592169,0.07916666666666666,0.013010412496663327,1.5776785714285715,0.25927893475493347,0.09259259259259257,0.020363497775582873,0.14583333333333334,0.03207250899654302,1.453125,0.31957964321555377,0.0781974817760106,0.002295627312881221,0.24583333333333335,0.007216878364870329,1.2272117296222664,0.03602700114152967
supervised,spatial_5fold_repeated,AHCensus_Basemap,xgboost_balanced,all14,2511.0,0.0,160.0,0.0,2351.0,0.0,0.06371963361210672,0.0,0.06797857875346659,0.001367952619104954,0.004258945141359873,0.001367952619104954,0.4976011980717425,0.001367477280745701,0.07692307692307693,0.038461538461538464,0.012500000000000002,0.0062499999999999995,1.2072115384615387,0.6036057692307693,0.07671957671957672,0.012123216124221799,0.060416666666666674,0.009547032697824668,1.2040178571428573,0.19025872304950586,0.07275132275132275,0.002291072496784229,0.11458333333333333,0.003608439182435156,1.1417410714285714,0.03595551899640745,0.07223326706428097,0.0011478136564406066,0.22708333333333333,0.0036084391824351644,1.1336108349900595,0.018013500570764774
supervised,spatial_5fold_repeated,AHCensus_Basemap,mlp_64_16,all14,2511.0,0.0,160.0,0.0,2351.0,0.0,0.06371963361210672,0.0,0.06561874892771215,0.005548166547807041,0.0018991153156054281,0.005548166547807041,0.49410357294768187,0.024177538738420937,0.038461538461538464,0.038461538461538464,0.006250000000000001,0.00625,0.6036057692307694,0.6036057692307694,0.06613756613756613,0.032075014954979206,0.052083333333333336,0.02525907427704613,1.0379464285714286,0.503377265949705,0.06746031746031746,0.017297218029923307,0.10625,0.02724311839712922,1.058705357142857,0.27145821545710885,0.06560636182902585,0.006886881938643643,0.20625000000000002,0.02165063509461097,1.0296098409542744,0.10808100342458862
supervised,spatial_5fold_repeated,AHCensus_Basemap,logreg_l2,raw4,2511.0,0.0,160.0,0.0,2351.0,0.0,0.06371963361210672,0.0,0.08461744472859127,0.0,0.020897811116484546,0.0,0.563180561463207,0.0,0.15384615384615385,0.0,0.025000000000000005,4.2491873609703695e-18,2.4144230769230774,0.0,0.1111111111111111,0.0,0.08749999999999998,1.6996749443881478e-17,1.7437500000000001,0.0,0.10317460317460318,1.6996749443881478e-17,0.1625,0.0,1.6191964285714286,0.0,0.08151093439363817,0.0,0.25625,0.0,1.279212226640159,0.0
supervised,spatial_5fold_repeated,AHCensus_Basemap,xgboost_balanced,raw4,2511.0,0.0,160.0,0.0,2351.0,0.0,0.06371963361210672,0.0,0.06730831478095688,0.0005588230143535378,0.0035886811688501477,0.0005588230143535378,0.5099607436551822,0.004300023546594514,0.038461538461538464,0.038461538461538464,0.006250000000000001,0.00625,0.6036057692307694,0.6036057692307694,0.06613756613756613,0.004582144993568458,0.052083333333333336,0.0036084391824351605,1.0379464285714286,0.07191103799281502,0.07275132275132275,0.002291072496784229,0.11458333333333333,0.0036084391824351566,1.1417410714285714,0.03595551899640745,0.07223326706428097,0.0022956273128812133,0.22708333333333333,0.007216878364870329,1.1336108349900595,0.03602700114152955
supervised,spatial_5fold_repeated,AHCensus_Basemap,logreg_l2,existing_indices,2511.0,0.0,160.0,0.0,2351.0,0.0,0.06371963361210672,0.0,0.05506526067248544,8.498374721940739e-18,-0.008654372939621277,0.0,0.4401850276478094,0.0,0.0,0.0,0.0,0.0,0.0,0.0,0.047619047619047616,0.0,0.0375,0.0,0.7473214285714286,0.0,0.04365079365079364,8.498374721940739e-18,0.06875,0.0,0.6850446428571427,1.3597399555105182e-16,0.05168986083499006,0.0,0.1625,0.0,0.8112077534791253,0.0
supervised,spatial_5fold_repeated,AHCensus_Basemap,xgboost_balanced,existing_indices,2511.0,0.0,160.0,0.0,2351.0,0.0,0.06371963361210672,0.0,0.06503305293226984,0.0010438119833546273,0.0013134193201631145,0.0010438119833546273,0.4627835672763363,0.005167353801577245,0.038461538461538464,0.038461538461538464,0.006250000000000001,0.00625,0.6036057692307694,0.6036057692307694,0.09523809523809523,0.0,0.075,0.0,1.4946428571428572,0.0,0.08862433862433862,0.004582144993568458,0.1395833333333333,0.007216878364870312,1.3908482142857144,0.07191103799281502,0.06693174287607688,0.005003203734440521,0.21041666666666667,0.015728821740147395,1.0504100397614315,0.07851902860737589
supervised,spatial_5fold_repeated,AHCensus_Basemap,logreg_l2,extended_indices,2511.0,0.0,160.0,0.0,2351.0,0.0,0.06371963361210672,0.0,0.0821766066287512,0.0,0.01845697301664448,0.0,0.5657459591663121,0.0,0.11538461538461538,1.6996749443881478e-17,0.01875,0.0,1.810817307692308,0.0,0.12698412698412698,0.0,0.10000000000000002,1.6996749443881478e-17,1.9928571428571429,0.0,0.08333333333333333,0.0,0.13125,0.0,1.3078125,0.0,0.0775347912524851,0.0,0.24375,0.0,1.216811630218688,0.0
supervised,spatial_5fold_repeated,AHCensus_Basemap,xgboost_balanced,extended_indices,2511.0,0.0,160.0,0.0,2351.0,0.0,0.06371963361210672,0.0,0.0675018693635668,0.0007908493264260391,0.0037822357514600744,0.0007908493264260391,0.5111769814263434,0.004625417194314406,0.038461538461538464,0.0,0.006250000000000001,1.0622968402425924e-18,0.6036057692307694,0.0,0.06084656084656084,0.004582144993568458,0.04791666666666666,0.0036084391824351644,0.9549107142857144,0.07191103799281497,0.0582010582010582,0.006061608062110899,0.09166666666666667,0.009547032697824668,0.9133928571428571,0.0951293615247529,0.073558648111332,0.0019880715705765384,0.23125000000000004,0.006249999999999992,1.1544110337972169,0.031200298210735555
supervised,spatial_5fold_repeated,AHCensus_Basemap,logreg_l2,all14_plus_ext,2511.0,0.0,160.0,0.0,2351.0,0.0,0.06371963361210672,0.0,0.07206039118591775,0.0,0.00834075757381103,0.0,0.5346820501914079,0.0,0.07692307692307693,0.0,0.012500000000000002,2.1245936804851847e-18,1.2072115384615387,0.0,0.08730158730158728,1.6996749443881478e-17,0.06875,0.0,1.3700892857142855,2.7194799110210365e-16,0.07142857142857142,0.0,0.1125,0.0,1.120982142857143,0.0,0.073558648111332,0.0,0.23125000000000004,3.3993498887762956e-17,1.1544110337972167,0.0
supervised,spatial_5fold_repeated,AHCensus_Basemap,xgboost_balanced,all14_plus_ext,2511.0,0.0,160.0,0.0,2351.0,0.0,0.06371963361210672,0.0,0.06975718688668954,0.0012683541577175256,0.0060375532745828115,0.0012683541577175256,0.5177725790443782,0.0021167641608958836,0.05128205128205129,0.022205779584216375,0.008333333333333333,0.0036084391824351613,0.8048076923076924,0.3484919533497958,0.06349206349206349,0.007936507936507936,0.05000000000000001,0.006250000000000002,0.9964285714285714,0.12455357142857143,0.07142857142857144,0.003968253968253968,0.1125,0.006249999999999999,1.120982142857143,0.06227678571428563,0.073558648111332,0.0019880715705765384,0.23125000000000004,0.006249999999999992,1.1544110337972169,0.031200298210735555
supervised,spatial_5fold_repeated,AHCensus_Basemap,logreg_l2,log_raw4,2511.0,0.0,160.0,0.0,2351.0,0.0,0.06371963361210672,0.0,0.09177470782176005,1.6996749443881478e-17,0.028055074209653308,0.0,0.5686516376010209,0.0,0.19230769230769232,0.0,0.03125,0.0,3.0180288461538467,0.0,0.12698412698412698,0.0,0.10000000000000002,1.6996749443881478e-17,1.9928571428571429,0.0,0.10714285714285714,0.0,0.16875000000000004,3.3993498887762956e-17,1.6814732142857143,0.0,0.0775347912524851,0.0,0.24375,0.0,1.216811630218688,0.0
supervised,spatial_5fold_repeated,AHCensus_Basemap,xgboost_balanced,log_raw4,2511.0,0.0,160.0,0.0,2351.0,0.0,0.06371963361210672,0.0,0.06730831478095688,0.0005588230143535378,0.0035886811688501477,0.0005588230143535378,0.5099607436551822,0.004300023546594514,0.038461538461538464,0.038461538461538464,0.006250000000000001,0.00625,0.6036057692307694,0.6036057692307694,0.06613756613756613,0.004582144993568458,0.052083333333333336,0.0036084391824351605,1.0379464285714286,0.07191103799281502,0.07275132275132275,0.002291072496784229,0.11458333333333333,0.0036084391824351566,1.1417410714285714,0.03595551899640745,0.07223326706428097,0.0022956273128812133,0.22708333333333333,0.007216878364870329,1.1336108349900595,0.03602700114152955
supervised,spatial_5fold_repeated,AHCensus_Basemap,logreg_l2,local14,2511.0,0.0,160.0,0.0,2351.0,0.0,0.06371963361210672,0.0,0.06132362508551209,0.0,-0.002396008526594634,0.0,0.49280093577201195,6.798699777552591e-17,0.038461538461538464,0.0,0.006250000000000001,1.0622968402425924e-18,0.6036057692307694,0.0,0.031746031746031744,0.0,0.025000000000000005,4.2491873609703695e-18,0.4982142857142857,0.0,0.047619047619047616,0.0,0.075,0.0,0.7473214285714286,0.0,0.057654075546719676,8.498374721940739e-18,0.18125,0.0,0.9048086481113321,0.0
supervised,spatial_5fold_repeated,AHCensus_Basemap,xgboost_balanced,local14,2511.0,0.0,160.0,0.0,2351.0,0.0,0.06371963361210672,0.0,0.06857317552399887,0.0005832120599153879,0.0048535419118921575,0.0005832120599153879,0.5335380334609386,0.004405724084844161,0.012820512820512822,0.022205779584216375,0.0020833333333333333,0.0036084391824351618,0.2012019230769231,0.3484919533497958,0.06878306878306878,0.004582144993568458,0.05416666666666667,0.00360843918243516,1.0794642857142858,0.07191103799281502,0.06481481481481481,0.008260579362960844,0.10208333333333335,0.013010412496663333,1.0171875000000001,0.12963946737746676,0.0728959575878065,0.0030368294863855764,0.22916666666666666,0.009547032697824663,1.1440109343936382,0.04765924275196365
supervised,spatial_5fold_repeated,AHCensus_Basemap,rf_balanced,local14,2511.0,0.0,160.0,0.0,2351.0,0.0,0.06371963361210672,0.0,0.07477722144436032,0.0007096987839113279,0.011057587832253588,0.0007096987839113279,0.5364827023961435,0.004424058749451124,0.07692307692307693,0.038461538461538464,0.012499999999999999,0.0062499999999999995,1.2072115384615387,0.6036057692307693,0.06878306878306878,0.004582144993568458,0.05416666666666667,0.0036084391824351605,1.0794642857142858,0.07191103799281502,0.08994708994708994,0.006061608062110899,0.14166666666666664,0.009547032697824661,1.4116071428571428,0.09512936152475293,0.08880053015241883,0.006073658972771159,0.27916666666666673,0.019094065395649323,1.393613320079523,0.0953184855039274
supervised,spatial_5fold_repeated,AHCensus_Basemap,logreg_l2,all14_plus_local,2511.0,0.0,160.0,0.0,2351.0,0.0,0.06371963361210672,0.0,0.06709106459345442,0.0,0.0033714309813476923,0.0,0.5081401531263292,0.0,0.038461538461538464,0.0,0.006250000000000001,1.0622968402425924e-18,0.6036057692307694,0.0,0.07936507936507936,0.0,0.0625,0.0,1.2455357142857144,0.0,0.07142857142857142,0.0,0.1125,0.0,1.120982142857143,0.0,0.0636182902584493,0.0,0.20000000000000004,3.3993498887762956e-17,0.9984095427435388,0.0
supervised,spatial_5fold_repeated,AHCensus_Basemap,xgboost_balanced,all14_plus_local,2511.0,0.0,160.0,0.0,2351.0,0.0,0.06371963361210672,0.0,0.07326017449884321,0.0014454578178354632,0.009540540886736485,0.0014454578178354632,0.5126497589678151,0.0045477699380283565,0.05128205128205129,0.022205779584216375,0.008333333333333333,0.0036084391824351613,0.8048076923076924,0.3484919533497958,0.10846560846560845,0.01997310697161574,0.08541666666666665,0.015728821740147395,1.7022321428571427,0.31345294753579456,0.0992063492063492,0.006873217490352687,0.15625,0.010825317547305494,1.556919642857143,0.10786655698922247,0.07554671968190856,0.005259942964343124,0.23750000000000002,0.016535945694153675,1.1856113320079524,0.08254822989665993
supervised,spatial_5fold_repeated,AHCensus_Basemap,rf_balanced,all14_plus_local,2511.0,0.0,160.0,0.0,2351.0,0.0,0.06371963361210672,0.0,0.08056274366106077,0.0014169156035610437,0.016843110048954047,0.0014169156035610435,0.5309504820643697,0.0038499398820377472,0.10256410256410257,0.04441155916843275,0.016666666666666666,0.007216878364870323,1.609615384615385,0.6969839066995916,0.082010582010582,0.012123216124221799,0.06458333333333334,0.009547032697824665,1.2870535714285716,0.1902587230495058,0.07539682539682539,0.007936507936507936,0.11874999999999998,0.012500000000000004,1.1832589285714286,0.12455357142857137,0.08349900596421471,0.0019880715705765384,0.2625,0.0062500000000000056,1.3104125248508947,0.031200298210735555
supervised,spatial_5fold_repeated,AHCensus_Basemap,logreg_l2,raw4_plus_local,2511.0,0.0,160.0,0.0,2351.0,0.0,0.06371963361210672,0.0,0.08884277713045448,1.6996749443881478e-17,0.025123143518347768,0.0,0.5722937048064654,0.0,0.19230769230769232,0.0,0.03125,0.0,3.0180288461538467,0.0,0.15079365079365079,0.0,0.11874999999999998,1.6996749443881478e-17,2.366517857142857,0.0,0.08333333333333333,0.0,0.13125,0.0,1.3078125,0.0,0.08151093439363817,0.0,0.25625,0.0,1.279212226640159,0.0
supervised,spatial_5fold_repeated,AHCensus_Basemap,xgboost_balanced,raw4_plus_local,2511.0,0.0,160.0,0.0,2351.0,0.0,0.06371963361210672,0.0,0.07042161415925473,0.0006076146593518105,0.006701980547148004,0.0006076146593518105,0.5189857152984545,0.007276885737905267,0.025641025641025644,0.022205779584216375,0.004166666666666667,0.0036084391824351613,0.4024038461538462,0.3484919533497958,0.07936507936507936,0.015873015873015872,0.0625,0.012499999999999997,1.2455357142857144,0.24910714285714286,0.08994708994708994,0.002291072496784229,0.14166666666666666,0.0036084391824351483,1.411607142857143,0.03595551899640758,0.07488402915838303,0.006981877901161521,0.2354166666666667,0.02194927865177653,1.1752112326043738,0.10957184631135365
supervised,spatial_5fold_repeated,AHCensus_Basemap,rf_balanced,raw4_plus_local,2511.0,0.0,160.0,0.0,2351.0,0.0,0.06371963361210672,0.0,0.08140550755276528,0.002218833379068853,0.01768587394065856,0.002218833379068853,0.547931731178222,0.003578374182933502,0.16666666666666666,0.022205779584216375,0.027083333333333334,0.00360843918243516,2.615625,0.34849195334979577,0.10052910052910052,0.004582144993568458,0.07916666666666666,0.0036084391824351644,1.5776785714285715,0.07191103799281502,0.07539682539682539,0.003968253968253968,0.11875000000000001,0.006249999999999999,1.1832589285714288,0.06227678571428574,0.0775347912524851,0.0019880715705765453,0.24375,0.0062500000000000056,1.216811630218688,0.031200298210735666
supervised,spatial_5fold_repeated,AHCensus_Basemap,logreg_l2,raw4_plus_ext,2511.0,0.0,160.0,0.0,2351.0,0.0,0.06371963361210672,0.0,0.08253438060809816,0.0,0.018814746995991435,0.0,0.5731922586133561,0.0,0.07692307692307693,0.0,0.012500000000000002,2.1245936804851847e-18,1.2072115384615387,0.0,0.10317460317460318,1.6996749443881478e-17,0.08125,0.0,1.6191964285714286,0.0,0.09523809523809523,0.0,0.15,0.0,1.4946428571428572,0.0,0.07952286282306163,0.0,0.25,0.0,1.2480119284294235,0.0
supervised,spatial_5fold_repeated,AHCensus_Basemap,xgboost_balanced,raw4_plus_ext,2511.0,0.0,160.0,0.0,2351.0,0.0,0.06371963361210672,0.0,0.06706154297847751,0.0006316984278974927,0.00334190936637078,0.0006316984278974927,0.49835619594498787,0.0025310450419370367,0.10256410256410257,0.0587509704481518,0.016666666666666666,0.009547032697824668,1.609615384615385,0.9220230424706823,0.06349206349206349,0.007936507936507936,0.05000000000000001,0.006250000000000002,0.9964285714285714,0.12455357142857143,0.07936507936507936,0.003968253968253968,0.125,0.0062500000000000056,1.2455357142857144,0.06227678571428574,0.06560636182902585,0.0019880715705765453,0.20624999999999996,0.006249999999999992,1.0296098409542744,0.03120029821073561
supervised,spatial_5fold_repeated,AHCensus_Basemap,logreg_l2,coords_only,2511.0,0.0,160.0,0.0,2351.0,0.0,0.06371963361210672,0.0,0.10491616819528556,0.0,0.04119653458317883,0.0,0.6195953849425776,0.0,0.23076923076923075,3.3993498887762956e-17,0.0375,0.0,3.621634615384616,0.0,0.14285714285714285,0.0,0.1125,0.0,2.241964285714286,0.0,0.12698412698412698,0.0,0.20000000000000004,3.3993498887762956e-17,1.9928571428571429,0.0,0.10536779324055666,0.0,0.33125,0.0,1.6536158051689862,0.0
supervised,spatial_5fold_repeated,AHCensus_Basemap,xgboost_balanced,coords_only,2511.0,0.0,160.0,0.0,2351.0,0.0,0.06371963361210672,0.0,0.0604084342546423,0.0001906295324210765,-0.0033111993574644247,0.0001906295324210765,0.48128987664823475,0.0015544466711043432,0.025641025641025644,0.022205779584216375,0.004166666666666667,0.0036084391824351613,0.4024038461538462,0.3484919533497958,0.042328042328042326,0.004582144993568458,0.03333333333333333,0.0036084391824351605,0.6642857142857143,0.07191103799281497,0.06349206349206349,0.003968253968253968,0.10000000000000002,0.006249999999999999,0.9964285714285714,0.0622767857142858,0.05566600397614314,0.00397614314115308,0.17500000000000002,0.012499999999999997,0.8736083499005964,0.062400596421471166
supervised,spatial_5fold_repeated,Palong_Basemap,logreg_l2,all14,2171.0,0.0,200.0,0.0,1971.0,0.0,0.09212344541685859,0.0,0.1028431936054699,0.0,0.010719748188611308,0.0,0.5529477422628107,0.0,0.0909090909090909,1.6996749443881478e-17,0.01,0.0,0.9868181818181819,0.0,0.08256880733944955,0.0,0.045000000000000005,8.498374721940739e-18,0.8962844036697248,0.0,0.1055045871559633,1.6996749443881478e-17,0.115,0.0,1.1452522935779819,0.0,0.10114942528735632,0.0,0.22,0.0,1.0979770114942529,0.0
supervised,spatial_5fold_repeated,Palong_Basemap,logreg_l1,all14,2171.0,0.0,200.0,0.0,1971.0,0.0,0.09212344541685859,0.0,0.10271908946851245,1.4667442588788197e-06,0.010595644051653858,1.4667442588788197e-06,0.539557754101133,6.38409811875603e-06,0.13636363636363635,0.0,0.015,0.0,1.4802272727272727,0.0,0.12844036697247707,0.0,0.07,0.0,1.3942201834862387,0.0,0.10091743119266056,0.0,0.11,0.0,1.0954587155963305,0.0,0.09655172413793105,1.6996749443881478e-17,0.21,0.0,1.0480689655172415,0.0
supervised,spatial_5fold_repeated,Palong_Basemap,svm_rbf,all14,2171.0,0.0,200.0,0.0,1971.0,0.0,0.09212344541685859,0.0,0.09695205668283831,1.6996749443881478e-17,0.004828611265979735,0.0,0.5296626078132927,0.0,0.0909090909090909,1.6996749443881478e-17,0.01,0.0,0.9868181818181819,0.0,0.08256880733944955,0.0,0.045000000000000005,8.498374721940739e-18,0.8962844036697248,0.0,0.0779816513761468,0.0,0.085,0.0,0.8464908256880733,1.3597399555105182e-16,0.07816091954022988,0.0,0.17,0.0,0.8484367816091954,0.0
supervised,spatial_5fold_repeated,Palong_Basemap,knn_25,all14,2171.0,0.0,200.0,0.0,1971.0,0.0,0.09212344541685859,0.0,0.0872703220817107,0.0,-0.0048531233351478825,0.0,0.47800355149670226,0.0,0.0909090909090909,1.6996749443881478e-17,0.01,0.0,0.9868181818181819,0.0,0.06422018348623854,0.0,0.035,0.0,0.6971100917431193,0.0,0.07339449541284404,0.0,0.08,0.0,0.7966972477064221,0.0,0.08045977011494253,0.0,0.17499999999999996,3.3993498887762956e-17,0.8733908045977011,0.0
supervised,spatial_5fold_repeated,Palong_Basemap,lda_shrink,all14,2171.0,0.0,200.0,0.0,1971.0,0.0,0.09212344541685859,0.0,0.08162897635680588,0.0,-0.010494469060052705,0.0,0.4622780314561137,0.0,0.04545454545454545,8.498374721940739e-18,0.005,0.0,0.49340909090909096,0.0,0.06422018348623854,0.0,0.035,0.0,0.6971100917431193,0.0,0.05963302752293578,0.0,0.065,0.0,0.6473165137614679,0.0,0.07586206896551724,0.0,0.165,0.0,0.8234827586206896,0.0
supervised,spatial_5fold_repeated,Palong_Basemap,gaussian_nb,all14,2171.0,0.0,200.0,0.0,1971.0,0.0,0.09212344541685859,0.0,0.09652108251445717,0.0,0.004397637097598578,0.0,0.5372019279553526,0.0,0.0,0.0,0.0,0.0,0.0,0.0,0.045871559633027525,0.0,0.025000000000000005,4.2491873609703695e-18,0.4979357798165138,0.0,0.09633027522935782,1.6996749443881478e-17,0.105,0.0,1.045665137614679,0.0,0.10114942528735632,0.0,0.22,0.0,1.0979770114942529,0.0
supervised,spatial_5fold_repeated,Palong_Basemap,rf_balanced,all14,2171.0,0.0,200.0,0.0,1971.0,0.0,0.09212344541685859,0.0,0.08728682167116526,0.0004986875240977741,-0.004836623745693325,0.0004986875240977741,0.48532428547268736,0.0022055293808561616,0.0,0.0,0.0,0.0,0.0,0.0,0.09174311926605505,0.009174311926605505,0.049999999999999996,0.005000000000000001,0.9958715596330276,0.09958715596330281,0.08256880733944955,0.0,0.09000000000000001,1.6996749443881478e-17,0.8962844036697248,0.0,0.07816091954022987,0.0022988505747126436,0.17,0.0049999999999999906,0.8484367816091954,0.02495402298850574
supervised,spatial_5fold_repeated,Palong_Basemap,extratrees_balanced,all14,2171.0,0.0,200.0,0.0,1971.0,0.0,0.09212344541685859,0.0,0.0871111297816497,0.0007486383213775235,-0.005012315635208898,0.0007486383213775235,0.4819148486385929,0.002442090248548907,0.04545454545454545,0.045454545454545456,0.005,0.005,0.49340909090909096,0.49340909090909096,0.07645259938837921,0.014013992950935292,0.041666666666666664,0.007637626158259733,0.8298929663608563,0.1521218934824026,0.07339449541284404,0.0045871559633027525,0.08,0.0050000000000000044,0.7966972477064221,0.04979357798165135,0.08352490421455938,0.0035115522566711416,0.18166666666666664,0.00763762615825974,0.9066628352490421,0.03811789974616526
supervised,spatial_5fold_repeated,Palong_Basemap,hist_gbdt_balanced,all14,2171.0,0.0,200.0,0.0,1971.0,0.0,0.09212344541685859,0.0,0.10191655707813886,0.0017445204805278908,0.009793111661280279,0.0017445204805278908,0.5145577541011331,0.01903938723360229,0.12121212121212122,0.026243194054073892,0.013333333333333334,0.002886751345948128,1.3157575757575757,0.2848698714569721,0.12844036697247707,0.024272947807932026,0.07,0.013228756555322952,1.3942201834862387,0.2634828484551021,0.10856269113149848,0.0026483957302276414,0.11833333333333333,0.0028867513459481233,1.1784480122324161,0.028748335651620934,0.09961685823754789,0.0026544839962741413,0.21666666666666667,0.005773502691896263,1.0813409961685825,0.028814423779555735
supervised,spatial_5fold_repeated,Palong_Basemap,xgboost_balanced,all14,2171.0,0.0,200.0,0.0,1971.0,0.0,0.09212344541685859,0.0,0.09693475523280548,0.0007997906563033541,0.0048113098159468974,0.0007997906563033541,0.5267250126839168,0.0033926980851454037,0.07575757575757576,0.0262431940540739,0.008333333333333333,0.002886751345948129,0.8223484848484849,0.28486987145697223,0.08562691131498472,0.005296791460455283,0.04666666666666667,0.0028867513459481316,0.9294801223241591,0.057496671303242125,0.09174311926605505,0.009174311926605505,0.10000000000000002,0.010000000000000002,0.9958715596330276,0.09958715596330281,0.09195402298850575,0.0,0.20000000000000004,3.3993498887762956e-17,0.9981609195402298,1.3597399555105182e-16
supervised,spatial_5fold_repeated,Palong_Basemap,mlp_64_16,all14,2171.0,0.0,200.0,0.0,1971.0,0.0,0.09212344541685859,0.0,0.09410672994367586,0.012143650959114408,0.0019832845268172813,0.012143650959114408,0.4983916793505834,0.05285999739121119,0.04545454545454545,8.498374721940739e-18,0.005,0.0,0.49340909090909096,0.0,0.08256880733944955,0.045871559633027525,0.045000000000000005,0.025,0.8962844036697248,0.4979357798165138,0.09938837920489296,0.02308817870113379,0.10833333333333334,0.025166114784235832,1.0788608562691133,0.2506221798008073,0.09195402298850575,0.02106931354002685,0.19999999999999998,0.0458257569495584,0.99816091954023,0.22870739847699142
supervised,spatial_5fold_repeated,Palong_Basemap,logreg_l2,raw4,2171.0,0.0,200.0,0.0,1971.0,0.0,0.09212344541685859,0.0,0.10581360416298274,0.0,0.013690158746124156,0.0,0.544435565702689,0.0,0.0909090909090909,1.6996749443881478e-17,0.01,0.0,0.9868181818181819,0.0,0.13761467889908258,0.0,0.075,0.0,1.4938073394495415,0.0,0.10091743119266056,0.0,0.11,0.0,1.0954587155963305,0.0,0.10344827586206896,0.0,0.225,0.0,1.1229310344827585,0.0
supervised,spatial_5fold_repeated,Palong_Basemap,xgboost_balanced,raw4,2171.0,0.0,200.0,0.0,1971.0,0.0,0.09212344541685859,0.0,0.08842478760431521,0.0006999289530682433,-0.003698657812543369,0.0006999289530682433,0.4904570438017927,0.0040059257868384195,0.04545454545454545,8.498374721940739e-18,0.005,0.0,0.49340909090909096,0.0,0.04281345565749236,0.02308817870113379,0.023333333333333334,0.012583057392117918,0.46474006116207955,0.2506221798008073,0.0779816513761468,0.012136473903966011,0.085,0.013228756555322957,0.8464908256880735,0.13174142422755106,0.08659003831417623,0.011570627487004981,0.18833333333333332,0.025166114784235825,0.9399348659003831,0.1255991613714391
supervised,spatial_5fold_repeated,Palong_Basemap,logreg_l2,existing_indices,2171.0,0.0,200.0,0.0,1971.0,0.0,0.09212344541685859,0.0,0.10444227203423433,1.6996749443881478e-17,0.012318826617375725,0.0,0.5527942668696093,0.0,0.04545454545454545,8.498374721940739e-18,0.005,0.0,0.49340909090909096,0.0,0.10091743119266056,0.0,0.055,0.0,1.0954587155963305,0.0,0.1055045871559633,1.6996749443881478e-17,0.115,0.0,1.1452522935779819,0.0,0.09885057471264368,0.0,0.215,0.0,1.0730229885057472,0.0
supervised,spatial_5fold_repeated,Palong_Basemap,xgboost_balanced,existing_indices,2171.0,0.0,200.0,0.0,1971.0,0.0,0.09212344541685859,0.0,0.09338781205243624,0.0007734036471125544,0.0012643666355776444,0.0007734036471125544,0.5102409944190766,0.0006435484900897218,0.04545454545454545,0.045454545454545456,0.005,0.005,0.49340909090909096,0.49340909090909096,0.08868501529051988,0.014013992950935292,0.04833333333333334,0.007637626158259733,0.9626758409785934,0.1521218934824026,0.09633027522935782,0.0045871559633027525,0.105,0.0049999999999999975,1.045665137614679,0.049793577981651405,0.08352490421455938,0.004785439079232489,0.18166666666666664,0.010408329997330656,0.9066628352490422,0.051945941205068645
supervised,spatial_5fold_repeated,Palong_Basemap,logreg_l2,extended_indices,2171.0,0.0,200.0,0.0,1971.0,0.0,0.09212344541685859,0.0,0.09320350235144341,1.6996749443881478e-17,0.0010800569345848082,0.0,0.5270484525621512,0.0,0.0,0.0,0.0,0.0,0.0,0.0,0.06422018348623854,0.0,0.035,0.0,0.6971100917431193,0.0,0.07339449541284404,0.0,0.08,0.0,0.7966972477064221,0.0,0.08275862068965517,0.0,0.18000000000000002,3.3993498887762956e-17,0.8983448275862069,0.0
supervised,spatial_5fold_repeated,Palong_Basemap,xgboost_balanced,extended_indices,2171.0,0.0,200.0,0.0,1971.0,0.0,0.09212344541685859,0.0,0.07907194803656176,0.0005482940750298856,-0.013051497380296836,0.0005482940750298856,0.45087645865043124,0.0036626592584340935,0.04545454545454545,8.498374721940739e-18,0.005,0.0,0.49340909090909096,0.0,0.04892966360856269,0.005296791460455283,0.02666666666666667,0.0028867513459481273,0.531131498470948,0.05749667130324206,0.04740061162079511,0.007006996475467646,0.051666666666666666,0.007637626158259732,0.514533639143731,0.07606094674120127,0.06130268199233716,0.009290693986959494,0.13333333333333333,0.020207259421636897,0.6654406130268199,0.1008504832284453
supervised,spatial_5fold_repeated,Palong_Basemap,logreg_l2,all14_plus_ext,2171.0,0.0,200.0,0.0,1971.0,0.0,0.09212344541685859,0.0,0.09897497466095895,0.0,0.00685152924410036,0.0,0.549779299847793,0.0,0.04545454545454545,8.498374721940739e-18,0.005,0.0,0.49340909090909096,0.0,0.08256880733944955,0.0,0.045000000000000005,8.498374721940739e-18,0.8962844036697248,0.0,0.08715596330275228,1.6996749443881478e-17,0.09500000000000001,1.6996749443881478e-17,0.9460779816513764,1.3597399555105182e-16,0.1057471264367816,1.6996749443881478e-17,0.23,0.0,1.1478850574712645,0.0
supervised,spatial_5fold_repeated,Palong_Basemap,xgboost_balanced,all14_plus_ext,2171.0,0.0,200.0,0.0,1971.0,0.0,0.09212344541685859,0.0,0.09355567230011806,0.0006139323626001683,0.001432226883259465,0.0006139323626001682,0.5144241501775749,0.0027328151464251064,0.06060606060606061,0.026243194054073903,0.006666666666666667,0.002886751345948129,0.657878787878788,0.2848698714569722,0.07645259938837921,0.014013992950935292,0.041666666666666664,0.007637626158259733,0.8298929663608563,0.1521218934824026,0.09174311926605505,0.0045871559633027525,0.09999999999999999,0.0049999999999999975,0.9958715596330276,0.049793577981651405,0.08505747126436781,0.004597701149425287,0.18499999999999997,0.010000000000000009,0.9232988505747127,0.04990804597701154
supervised,spatial_5fold_repeated,Palong_Basemap,logreg_l2,log_raw4,2171.0,0.0,200.0,0.0,1971.0,0.0,0.09212344541685859,0.0,0.11440372527242111,1.6996749443881478e-17,0.022280279855562538,0.0,0.5509195839675292,0.0,0.1818181818181818,3.3993498887762956e-17,0.02,0.0,1.9736363636363639,0.0,0.13761467889908258,0.0,0.075,0.0,1.4938073394495415,0.0,0.13302752293577982,0.0,0.145,0.0,1.4440137614678903,2.7194799110210365e-16,0.11954022988505747,0.0,0.26,0.0,1.2976091954022988,0.0
supervised,spatial_5fold_repeated,Palong_Basemap,xgboost_balanced,log_raw4,2171.0,0.0,200.0,0.0,1971.0,0.0,0.09212344541685859,0.0,0.08842832505781573,0.0007047768697499282,-0.003695120359042861,0.0007047768697499282,0.49046549974632164,0.00402030704040511,0.04545454545454545,8.498374721940739e-18,0.005,0.0,0.49340909090909096,0.0,0.04281345565749236,0.02308817870113379,0.023333333333333334,0.012583057392117918,0.46474006116207955,0.2506221798008073,0.0779816513761468,0.012136473903966011,0.085,0.013228756555322957,0.8464908256880735,0.13174142422755106,0.08659003831417623,0.011570627487004981,0.18833333333333332,0.025166114784235825,0.9399348659003831,0.1255991613714391
supervised,spatial_5fold_repeated,Palong_Basemap,logreg_l2,local14,2171.0,0.0,200.0,0.0,1971.0,0.0,0.09212344541685859,0.0,0.08374243300284863,1.6996749443881478e-17,-0.008381012414009945,0.0,0.4796347031963471,0.0,0.0,0.0,0.0,0.0,0.0,0.0,0.045871559633027525,0.0,0.025000000000000005,4.2491873609703695e-18,0.4979357798165138,0.0,0.05963302752293578,0.0,0.065,0.0,0.6473165137614679,0.0,0.07126436781609195,0.0,0.155,0.0,0.7735747126436782,0.0
supervised,spatial_5fold_repeated,Palong_Basemap,xgboost_balanced,local14,2171.0,0.0,200.0,0.0,1971.0,0.0,0.09212344541685859,0.0,0.0838150518981307,0.0012243528373807298,-0.008308393518727896,0.0012243528373807296,0.4689776763064435,0.005408539320775961,0.0,0.0,0.0,0.0,0.0,0.0,0.0581039755351682,0.005296791460455283,0.03166666666666667,0.002886751345948131,0.6307186544342508,0.057496671303242125,0.06269113149847096,0.0026483957302276414,0.06833333333333334,0.0028867513459481316,0.6805122324159022,0.028748335651621063,0.07662835249042145,0.007389770698078893,0.16666666666666666,0.01607275126832159,0.831800766283525,0.08021596092764635
supervised,spatial_5fold_repeated,Palong_Basemap,rf_balanced,local14,2171.0,0.0,200.0,0.0,1971.0,0.0,0.09212344541685859,0.0,0.08514876129961607,0.0009908255206767917,-0.006974684117242516,0.0009908255206767917,0.4812362590901404,0.008276792237870971,0.07575757575757576,0.026243194054073903,0.008333333333333333,0.002886751345948129,0.8223484848484849,0.28486987145697223,0.04892966360856269,0.014013992950935292,0.02666666666666667,0.007637626158259735,0.5311314984709481,0.1521218934824026,0.06422018348623854,0.0,0.07,0.0,0.6971100917431193,0.0,0.0735632183908046,0.0022988505747126436,0.16,0.0050000000000000044,0.7985287356321839,0.02495402298850574
supervised,spatial_5fold_repeated,Palong_Basemap,logreg_l2,all14_plus_local,2171.0,0.0,200.0,0.0,1971.0,0.0,0.09212344541685859,0.0,0.09864266561613862,1.6996749443881478e-17,0.006519220199280043,0.0,0.5446245560629122,0.0,0.0909090909090909,1.6996749443881478e-17,0.01,0.0,0.9868181818181819,0.0,0.07339449541284404,0.0,0.04,0.0,0.7966972477064221,0.0,0.08256880733944955,0.0,0.09000000000000001,1.6996749443881478e-17,0.8962844036697248,0.0,0.0896551724137931,0.0,0.19499999999999998,3.3993498887762956e-17,0.9732068965517242,0.0
supervised,spatial_5fold_repeated,Palong_Basemap,xgboost_balanced,all14_plus_local,2171.0,0.0,200.0,0.0,1971.0,0.0,0.09212344541685859,0.0,0.10150302534778104,0.0004993643409665782,0.00937957993092245,0.0004993643409665782,0.5274894300693388,0.004636785704854855,0.12121212121212122,0.0524863881081478,0.013333333333333334,0.005773502691896258,1.315757575757576,0.5697397429139444,0.12232415902140674,0.005296791460455283,0.06666666666666667,0.0028867513459481316,1.3278287461773701,0.057496671303242125,0.11162079510703364,0.0026483957302276414,0.12166666666666666,0.0028867513459481316,1.2116437308868502,0.028748335651621063,0.10344827586206896,0.006896551724137931,0.22499999999999998,0.015,1.1229310344827585,0.07486206896551717
supervised,spatial_5fold_repeated,Palong_Basemap,rf_balanced,all14_plus_local,2171.0,0.0,200.0,0.0,1971.0,0.0,0.09212344541685859,0.0,0.09878378756009402,0.0017774982293273362,0.0066603421432354275,0.0017774982293273362,0.49989852866565193,0.005486572149291752,0.196969696969697,0.0524863881081478,0.021666666666666667,0.005773502691896258,2.1381060606060607,0.5697397429139445,0.08868501529051988,0.010593582920910566,0.04833333333333333,0.005773502691896259,0.9626758409785934,0.11499334260648425,0.09785932721712538,0.0026483957302276414,0.10666666666666667,0.002886751345948131,1.0622629969418964,0.028748335651621063,0.09272030651340996,0.0026544839962741413,0.20166666666666666,0.005773502691896247,1.0064789272030652,0.028814423779555735
supervised,spatial_5fold_repeated,Palong_Basemap,logreg_l2,raw4_plus_local,2171.0,0.0,200.0,0.0,1971.0,0.0,0.09212344541685859,0.0,0.1009601408535001,0.0,0.008836695436641506,0.0,0.5331024860476915,0.0,0.0909090909090909,1.6996749443881478e-17,0.01,0.0,0.9868181818181819,0.0,0.11926605504587157,0.0,0.065,0.0,1.2946330275229359,0.0,0.11009174311926606,0.0,0.12,0.0,1.195045871559633,0.0,0.09885057471264368,0.0,0.215,0.0,1.0730229885057472,0.0
supervised,spatial_5fold_repeated,Palong_Basemap,xgboost_balanced,raw4_plus_local,2171.0,0.0,200.0,0.0,1971.0,0.0,0.09212344541685859,0.0,0.09308763727192078,0.0005054686302673605,0.0009641918550622001,0.0005054686302673605,0.505484525621512,0.0006421820851120722,0.07575757575757576,0.05248638810814779,0.008333333333333333,0.005773502691896257,0.8223484848484849,0.5697397429139444,0.08562691131498472,0.014013992950935292,0.04666666666666667,0.007637626158259733,0.9294801223241591,0.1521218934824026,0.09174311926605505,0.007945187190682924,0.09999999999999999,0.008660254037844387,0.9958715596330276,0.08624500695486319,0.09425287356321839,0.0022988505747126436,0.205,0.0049999999999999906,1.0231149425287356,0.024954022988505797
supervised,spatial_5fold_repeated,Palong_Basemap,rf_balanced,raw4_plus_local,2171.0,0.0,200.0,0.0,1971.0,0.0,0.09212344541685859,0.0,0.0946631310028741,0.0005065009534638103,0.0025396855860155138,0.0005065009534638103,0.5169228817858955,0.002001107267776295,0.0909090909090909,1.6996749443881478e-17,0.01,0.0,0.9868181818181819,0.0,0.09785932721712538,0.005296791460455283,0.05333333333333334,0.0028867513459481273,1.0622629969418962,0.057496671303242125,0.08562691131498472,0.0026483957302276414,0.09333333333333334,0.0028867513459481316,0.9294801223241591,0.028748335651621063,0.0842911877394636,0.004785439079232489,0.18333333333333335,0.010408329997330672,0.9149808429118774,0.05194594120506871
supervised,spatial_5fold_repeated,Palong_Basemap,logreg_l2,raw4_plus_ext,2171.0,0.0,200.0,0.0,1971.0,0.0,0.09212344541685859,0.0,0.0939976414319373,1.6996749443881478e-17,0.0018741960150787246,0.0,0.5254020801623541,0.0,0.04545454545454545,8.498374721940739e-18,0.005,0.0,0.49340909090909096,0.0,0.10091743119266056,0.0,0.055,0.0,1.0954587155963305,0.0,0.08256880733944955,0.0,0.09000000000000001,1.6996749443881478e-17,0.8962844036697248,0.0,0.07816091954022988,0.0,0.17,0.0,0.8484367816091954,0.0
supervised,spatial_5fold_repeated,Palong_Basemap,xgboost_balanced,raw4_plus_ext,2171.0,0.0,200.0,0.0,1971.0,0.0,0.09212344541685859,0.0,0.08021163581008106,0.001333394004001874,-0.011911809606777526,0.001333394004001874,0.4567127515643497,0.006574315895283014,0.0,0.0,0.0,0.0,0.0,0.0,0.06422018348623854,0.009174311926605505,0.035,0.005000000000000001,0.6971100917431193,0.09958715596330281,0.06269113149847096,0.0026483957302276414,0.06833333333333334,0.0028867513459481316,0.6805122324159022,0.028748335651621063,0.06743295019157088,0.007023104513342283,0.1466666666666667,0.015275252316519465,0.7319846743295019,0.07623579949233053
supervised,spatial_5fold_repeated,Palong_Basemap,logreg_l2,coords_only,2171.0,0.0,200.0,0.0,1971.0,0.0,0.09212344541685859,0.0,0.18512753011617958,3.3993498887762956e-17,0.09300408469932102,0.0,0.7367376966007103,0.0,0.0909090909090909,1.6996749443881478e-17,0.01,0.0,0.9868181818181819,0.0,0.25688073394495414,0.0,0.14,0.0,2.7884403669724773,0.0,0.17431192660550457,3.3993498887762956e-17,0.19000000000000003,3.3993498887762956e-17,1.8921559633027527,2.7194799110210365e-16,0.2114942528735632,3.3993498887762956e-17,0.46,0.0,2.295770114942529,0.0
supervised,spatial_5fold_repeated,Palong_Basemap,xgboost_balanced,coords_only,2171.0,0.0,200.0,0.0,1971.0,0.0,0.09212344541685859,0.0,0.17245626408617687,0.0024630579143259243,0.08033281866931831,0.0024630579143259243,0.7046063757821749,0.00310278195706786,0.22727272727272727,0.0,0.025000000000000005,4.2491873609703695e-18,2.4670454545454548,0.0,0.1834862385321101,0.009174311926605505,0.10000000000000002,0.0049999999999999975,1.9917431192660553,0.09958715596330281,0.18807339449541285,0.007945187190682924,0.205,0.008660254037844378,2.041536697247707,0.08624500695486306,0.16551724137931034,0.01053465677001342,0.36000000000000004,0.02291287847477919,1.796689655172414,0.11435369923849568
supervised,spatial_5fold_repeated,Serting_Basemap,logreg_l2,all14,1667.0,0.0,154.0,0.0,1513.0,0.0,0.09238152369526094,1.6996749443881478e-17,0.09409397148753178,0.0,0.0017124477922708242,0.0,0.4996266126471017,0.0,0.0588235294117647,8.498374721940739e-18,0.006493506493506493,1.0622968402425924e-18,0.6367456073338426,0.0,0.047619047619047616,0.0,0.025974025974025972,4.2491873609703695e-18,0.515460729746444,0.0,0.041916167664670656,0.0,0.04545454545454545,8.498374721940739e-18,0.4537289058247141,6.798699777552591e-17,0.0718562874251497,0.0,0.15584415584415584,0.0,0.7778209814137957,0.0
supervised,spatial_5fold_repeated,Serting_Basemap,logreg_l1,all14,1667.0,0.0,154.0,0.0,1513.0,0.0,0.09238152369526094,1.6996749443881478e-17,0.08900444743920181,1.2954454583838955e-06,-0.0033770762560591575,1.2954454583838957e-06,0.49135200556218406,7.433630645098256e-06,0.0588235294117647,8.498374721940739e-18,0.006493506493506493,1.0622968402425924e-18,0.6367456073338426,0.0,0.059523809523809514,8.498374721940739e-18,0.032467532467532464,0.0,0.644325912183055,0.0,0.0658682634730539,0.0,0.07142857142857142,0.0,0.7130025662959795,0.0,0.0718562874251497,0.0,0.15584415584415584,0.0,0.7778209814137957,0.0
supervised,spatial_5fold_repeated,Serting_Basemap,svm_rbf,all14,1667.0,0.0,154.0,0.0,1513.0,0.0,0.09238152369526094,1.6996749443881478e-17,0.097905176977455,1.6996749443881478e-17,0.005523653282194063,0.0,0.5191929683007013,0.0,0.0588235294117647,8.498374721940739e-18,0.006493506493506493,1.0622968402425924e-18,0.6367456073338426,0.0,0.08333333333333333,0.0,0.04545454545454545,8.498374721940739e-18,0.902056277056277,0.0,0.11377245508982035,0.0,0.12337662337662338,0.0,1.2315498872385098,0.0,0.08982035928143713,0.0,0.19480519480519484,3.3993498887762956e-17,0.9722762267672446,1.3597399555105182e-16
supervised,spatial_5fold_repeated,Serting_Basemap,knn_25,all14,1667.0,0.0,154.0,0.0,1513.0,0.0,0.09238152369526094,1.6996749443881478e-17,0.09436721648678542,0.0,0.001985692791524468,0.0,0.5191629256401232,0.0,0.0,0.0,0.0,0.0,0.0,0.0,0.059523809523809514,8.498374721940739e-18,0.032467532467532464,0.0,0.644325912183055,0.0,0.08383233532934131,0.0,0.0909090909090909,1.6996749443881478e-17,0.9074578116494282,1.3597399555105182e-16,0.10179640718562873,1.6996749443881478e-17,0.22077922077922077,0.0,1.1019130570028772,0.0
supervised,spatial_5fold_repeated,Serting_Basemap,lda_shrink,all14,1667.0,0.0,154.0,0.0,1513.0,0.0,0.09238152369526094,1.6996749443881478e-17,0.0857620611481621,0.0,-0.006619462547098859,0.0,0.47175131543935245,0.0,0.0588235294117647,8.498374721940739e-18,0.006493506493506493,1.0622968402425924e-18,0.6367456073338426,0.0,0.03571428571428571,0.0,0.01948051948051948,0.0,0.386595547309833,0.0,0.059880239520958084,0.0,0.06493506493506493,0.0,0.6481841511781631,0.0,0.05688622754491018,0.0,0.12337662337662338,0.0,0.6157749436192549,0.0
supervised,spatial_5fold_repeated,Serting_Basemap,gaussian_nb,all14,1667.0,0.0,154.0,0.0,1513.0,0.0,0.09238152369526094,1.6996749443881478e-17,0.08575357368111432,1.6996749443881478e-17,-0.006627950014146622,0.0,0.4831589428416924,6.798699777552591e-17,0.0588235294117647,8.498374721940739e-18,0.006493506493506493,1.0622968402425924e-18,0.6367456073338426,0.0,0.059523809523809514,8.498374721940739e-18,0.032467532467532464,0.0,0.644325912183055,0.0,0.04790419161676648,8.498374721940739e-18,0.051948051948051945,8.498374721940739e-18,0.5185473209425305,0.0,0.0718562874251497,0.0,0.15584415584415584,0.0,0.7778209814137957,0.0
supervised,spatial_5fold_repeated,Serting_Basemap,rf_balanced,all14,1667.0,0.0,154.0,0.0,1513.0,0.0,0.09238152369526094,1.6996749443881478e-17,0.08301740595029006,0.0006938064111008148,-0.00936411774497089,0.0006938064111008148,0.4707498934200851,0.004154187750437858,0.0,0.0,0.0,0.0,0.0,0.0,0.031746031746031744,0.0068732174903526864,0.017316017316017316,0.003749027722010556,0.3436404864976293,0.07440034776894759,0.04990019960079841,0.009146857674562556,0.05411255411255411,0.009918995010726923,0.5401534593151359,0.0990117645681544,0.0748502994011976,0.002994011976047907,0.16233766233766234,0.006493506493506496,0.8102301889727039,0.03240920755890819
supervised,spatial_5fold_repeated,Serting_Basemap,extratrees_balanced,all14,1667.0,0.0,154.0,0.0,1513.0,0.0,0.09238152369526094,1.6996749443881478e-17,0.08430793088420231,0.0016135225360592064,-0.008073592811058636,0.0016135225360592064,0.48177769575654567,0.008286454594891454,0.0,0.0,0.0,0.0,0.0,0.0,0.007936507936507936,0.006873217490352687,0.004329004329004329,0.003749027722010557,0.08591012162440732,0.07440034776894759,0.051896207584830344,0.009146857674562556,0.05627705627705628,0.009918995010726923,0.5617595976877413,0.0990117645681544,0.07385229540918165,0.003457187240656445,0.16017316017316016,0.007498055444021116,0.7994271197864012,0.0374229294167162
supervised,spatial_5fold_repeated,Serting_Basemap,hist_gbdt_balanced,all14,1667.0,0.0,154.0,0.0,1513.0,0.0,0.09238152369526094,1.6996749443881478e-17,0.08571714114110573,0.00464042943848882,-0.006664382554155218,0.00464042943848882,0.4732827758273892,0.020674427699719784,0.0392156862745098,0.06792356108113244,0.004329004329004329,0.007498055444021114,0.42449707155589506,0.7352504955990115,0.059523809523809514,0.020619652471058063,0.03246753246753247,0.01124708316603167,0.644325912183055,0.2232010433068428,0.08183632734530938,0.0034571872406564366,0.08874458874458875,0.003749027722010558,0.8858516732768229,0.03742292941671607,0.07784431137724551,0.01372028651184383,0.16883116883116886,0.02975698503218079,0.842639396531612,0.14851764685223162
supervised,spatial_5fold_repeated,Serting_Basemap,xgboost_balanced,all14,1667.0,0.0,154.0,0.0,1513.0,0.0,0.09238152369526094,1.6996749443881478e-17,0.08788081660905085,0.002686091803989318,-0.004500707086210092,0.002686091803989318,0.47789432422611533,0.00828346903505371,0.1176470588235294,1.6996749443881478e-17,0.012987012987012986,2.1245936804851847e-18,1.2734912146676851,0.0,0.06349206349206349,0.02478173808888253,0.03463203463203463,0.01351731168484502,0.6872809729952586,0.2682542687932934,0.061876247504990024,0.006914374481312885,0.06709956709956709,0.007498055444021112,0.6697902895507686,0.07484585883343232,0.0748502994011976,0.002994011976047907,0.16233766233766234,0.006493506493506496,0.8102301889727039,0.03240920755890819
supervised,spatial_5fold_repeated,Serting_Basemap,mlp_64_16,all14,1667.0,0.0,154.0,0.0,1513.0,0.0,0.09238152369526094,1.6996749443881478e-17,0.0970097429411617,0.015063220005254925,0.004628219245900743,0.015063220005254927,0.5090628692743696,0.046421821589480425,0.0784313725490196,0.13584712216226488,0.008658008658008658,0.014996110888042228,0.8489941431117901,1.470500991198023,0.07142857142857144,0.054554472558998104,0.03896103896103896,0.029756985032180775,0.7731910946196661,0.5905344529600637,0.08582834331337326,0.04494343412853375,0.09307359307359309,0.048737360386137234,0.9290639500220337,0.4864980824173101,0.09780439121756486,0.020379818220221696,0.21212121212121213,0.044200384971130165,1.0587007802576662,0.22060491540980234
supervised,spatial_5fold_repeated,Serting_Basemap,logreg_l2,raw4,1667.0,0.0,154.0,0.0,1513.0,0.0,0.09238152369526094,1.6996749443881478e-17,0.0822428157480421,0.0,-0.010138707947218856,0.0,0.45306907236847743,6.798699777552591e-17,0.0,0.0,0.0,0.0,0.0,0.0,0.11904761904761903,1.6996749443881478e-17,0.06493506493506493,0.0,1.28865182436611,0.0,0.0718562874251497,0.0,0.07792207792207792,0.0,0.7778209814137957,0.0,0.059880239520958084,0.0,0.12987012987012986,0.0,0.6481841511781631,0.0
supervised,spatial_5fold_repeated,Serting_Basemap,xgboost_balanced,raw4,1667.0,0.0,154.0,0.0,1513.0,0.0,0.09238152369526094,1.6996749443881478e-17,0.09661444196673108,0.0014492553110285226,0.004232918271470136,0.0014492553110285226,0.524544853692243,0.0030328210932877723,0.0392156862745098,0.03396178054056622,0.004329004329004329,0.003749027722010557,0.42449707155589506,0.3676252477995057,0.07936507936507936,0.0068732174903526864,0.04329004329004329,0.003749027722010558,0.8591012162440733,0.07440034776894763,0.08582834331337326,0.009146857674562556,0.09307359307359309,0.00991899501072693,0.9290639500220338,0.09901176456815443,0.09580838323353293,0.002994011976047907,0.20779220779220778,0.006493506493506482,1.037094641885061,0.03240920755890819
supervised,spatial_5fold_repeated,Serting_Basemap,logreg_l2,existing_indices,1667.0,0.0,154.0,0.0,1513.0,0.0,0.09238152369526094,1.6996749443881478e-17,0.0775629043835508,0.0,-0.014818619311710149,0.0,0.4235929305327851,6.798699777552591e-17,0.0,0.0,0.0,0.0,0.0,0.0,0.047619047619047616,0.0,0.025974025974025972,4.2491873609703695e-18,0.515460729746444,0.0,0.0718562874251497,0.0,0.07792207792207792,0.0,0.7778209814137957,0.0,0.07784431137724551,0.0,0.16883116883116886,3.3993498887762956e-17,0.8426393965316121,0.0
supervised,spatial_5fold_repeated,Serting_Basemap,xgboost_balanced,existing_indices,1667.0,0.0,154.0,0.0,1513.0,0.0,0.09238152369526094,1.6996749443881478e-17,0.07723761351303349,0.000925973134058447,-0.015143910182227466,0.000925973134058447,0.4184670803970209,0.004246798518233983,0.0392156862745098,0.03396178054056622,0.004329004329004329,0.003749027722010557,0.42449707155589506,0.3676252477995057,0.059523809523809514,0.011904761904761904,0.03246753246753247,0.006493506493506492,0.644325912183055,0.128865182436611,0.06986027944111778,0.006914374481312882,0.07575757575757576,0.007498055444021116,0.7562148430411902,0.07484585883343234,0.06686626746506986,0.0017285936203282183,0.14502164502164502,0.003749027722010558,0.723805635482282,0.018711464708358036
supervised,spatial_5fold_repeated,Serting_Basemap,logreg_l2,extended_indices,1667.0,0.0,154.0,0.0,1513.0,0.0,0.09238152369526094,1.6996749443881478e-17,0.08389445727970972,1.6996749443881478e-17,-0.008487066415551248,0.0,0.4630131930198023,6.798699777552591e-17,0.1176470588235294,1.6996749443881478e-17,0.012987012987012986,2.1245936804851847e-18,1.2734912146676851,0.0,0.08333333333333333,0.0,0.04545454545454545,8.498374721940739e-18,0.902056277056277,0.0,0.0718562874251497,0.0,0.07792207792207792,0.0,0.7778209814137957,0.0,0.06287425149700598,0.0,0.13636363636363635,0.0,0.6805933587370713,0.0
supervised,spatial_5fold_repeated,Serting_Basemap,xgboost_balanced,extended_indices,1667.0,0.0,154.0,0.0,1513.0,0.0,0.09238152369526094,1.6996749443881478e-17,0.08707710630527833,0.0005842306441992298,-0.005304417389982617,0.0005842306441992298,0.4853892527388892,0.003272895497601409,0.0784313725490196,0.03396178054056622,0.008658008658008658,0.003749027722010557,0.8489941431117901,0.3676252477995057,0.07539682539682539,0.0068732174903526864,0.04112554112554113,0.003749027722010558,0.8161461554318697,0.07440034776894762,0.06986027944111776,0.0034571872406564366,0.07575757575757576,0.003749027722010558,0.7562148430411902,0.037422929416716134,0.0748502994011976,0.002994011976047907,0.16233766233766234,0.006493506493506496,0.8102301889727039,0.03240920755890819
supervised,spatial_5fold_repeated,Serting_Basemap,logreg_l2,all14_plus_ext,1667.0,0.0,154.0,0.0,1513.0,0.0,0.09238152369526094,1.6996749443881478e-17,0.09552256091286722,1.6996749443881478e-17,0.0031410372176062795,0.0,0.5101930455532571,0.0,0.0588235294117647,8.498374721940739e-18,0.006493506493506493,1.0622968402425924e-18,0.6367456073338426,0.0,0.047619047619047616,0.0,0.025974025974025972,4.2491873609703695e-18,0.515460729746444,0.0,0.0658682634730539,0.0,0.07142857142857142,0.0,0.7130025662959795,0.0,0.0718562874251497,0.0,0.15584415584415584,0.0,0.7778209814137957,0.0
supervised,spatial_5fold_repeated,Serting_Basemap,xgboost_balanced,all14_plus_ext,1667.0,0.0,154.0,0.0,1513.0,0.0,0.09238152369526094,1.6996749443881478e-17,0.08903157335284438,0.0008966848890457462,-0.0033499503424165807,0.0008966848890457462,0.49412451395266993,0.004938954399358144,0.0392156862745098,0.03396178054056622,0.004329004329004329,0.003749027722010557,0.42449707155589506,0.3676252477995057,0.05158730158730159,0.013746434980705375,0.02813852813852814,0.007498055444021112,0.5584157905586477,0.1488006955378952,0.07784431137724551,0.005988023952095807,0.08441558441558443,0.006493506493506496,0.8426393965316121,0.06481841511781627,0.07584830339321358,0.006232532932533331,0.1645021645021645,0.013517311684845022,0.8210332581590066,0.06746514544501993
supervised,spatial_5fold_repeated,Serting_Basemap,logreg_l2,log_raw4,1667.0,0.0,154.0,0.0,1513.0,0.0,0.09238152369526094,1.6996749443881478e-17,0.08161078806745488,0.0,-0.010770735627806075,0.0,0.453798679839658,0.0,0.0,0.0,0.0,0.0,0.0,0.0,0.10714285714285714,0.0,0.05844155844155844,0.0,1.1597866419294989,0.0,0.0718562874251497,0.0,0.07792207792207792,0.0,0.7778209814137957,0.0,0.05688622754491018,0.0,0.12337662337662338,0.0,0.6157749436192549,0.0
supervised,spatial_5fold_repeated,Serting_Basemap,xgboost_balanced,log_raw4,1667.0,0.0,154.0,0.0,1513.0,0.0,0.09238152369526094,1.6996749443881478e-17,0.09661444196673108,0.0014492553110285226,0.004232918271470136,0.0014492553110285226,0.524544853692243,0.0030328210932877723,0.0392156862745098,0.03396178054056622,0.004329004329004329,0.003749027722010557,0.42449707155589506,0.3676252477995057,0.07936507936507936,0.0068732174903526864,0.04329004329004329,0.003749027722010558,0.8591012162440733,0.07440034776894763,0.08582834331337326,0.009146857674562556,0.09307359307359309,0.00991899501072693,0.9290639500220338,0.09901176456815443,0.09580838323353293,0.002994011976047907,0.20779220779220778,0.006493506493506482,1.037094641885061,0.03240920755890819
supervised,spatial_5fold_repeated,Serting_Basemap,logreg_l2,local14,1667.0,0.0,154.0,0.0,1513.0,0.0,0.09238152369526094,1.6996749443881478e-17,0.0980433615020773,1.6996749443881478e-17,0.005661837806816339,0.0,0.4894721933717307,0.0,0.17647058823529413,0.0,0.01948051948051948,0.0,1.9102368220015282,2.7194799110210365e-16,0.07142857142857142,0.0,0.03896103896103896,0.0,0.773191094619666,0.0,0.07784431137724551,0.0,0.08441558441558443,1.6996749443881478e-17,0.8426393965316121,0.0,0.08083832335329341,0.0,0.17532467532467533,0.0,0.8750486040905202,0.0
supervised,spatial_5fold_repeated,Serting_Basemap,xgboost_balanced,local14,1667.0,0.0,154.0,0.0,1513.0,0.0,0.09238152369526094,1.6996749443881478e-17,0.09549538224876623,0.0010957278102967996,0.0031138585535052756,0.0010957278102967996,0.5048325765444074,0.002551125577429345,0.0588235294117647,8.498374721940739e-18,0.006493506493506493,1.0622968402425924e-18,0.6367456073338426,0.0,0.07539682539682539,0.013746434980705373,0.04112554112554113,0.007498055444021117,0.8161461554318697,0.14880069553789518,0.08982035928143713,0.011976047904191614,0.09740259740259742,0.012987012987012984,0.9722762267672446,0.12963683023563255,0.09181636726546906,0.006232532932533331,0.19913419913419914,0.013517311684845008,0.9938823651398502,0.06746514544501993
supervised,spatial_5fold_repeated,Serting_Basemap,rf_balanced,local14,1667.0,0.0,154.0,0.0,1513.0,0.0,0.09238152369526094,1.6996749443881478e-17,0.09274296397908888,0.0007842512472971021,0.00036144028382792404,0.0007842512472971021,0.491266169389104,0.004806904247267646,0.0588235294117647,8.498374721940739e-18,0.006493506493506493,1.0622968402425924e-18,0.6367456073338426,0.0,0.10317460317460318,0.013746434980705375,0.05627705627705628,0.007498055444021109,1.1168315811172953,0.14880069553789524,0.09381237524950099,0.009146857674562558,0.10173160173160174,0.009918995010726924,1.0154885035124555,0.09901176456815441,0.08283433133732533,0.007534764905459833,0.17965367965367965,0.01634163297677652,0.8966547424631255,0.08156138374936066
supervised,spatial_5fold_repeated,Serting_Basemap,logreg_l2,all14_plus_local,1667.0,0.0,154.0,0.0,1513.0,0.0,0.09238152369526094,1.6996749443881478e-17,0.08840164994374206,0.0,-0.0039798737515188976,0.0,0.4838971339301808,6.798699777552591e-17,0.0588235294117647,8.498374721940739e-18,0.006493506493506493,1.0622968402425924e-18,0.6367456073338426,0.0,0.047619047619047616,0.0,0.025974025974025972,4.2491873609703695e-18,0.515460729746444,0.0,0.0718562874251497,0.0,0.07792207792207792,0.0,0.7778209814137957,0.0,0.07784431137724551,0.0,0.16883116883116886,3.3993498887762956e-17,0.8426393965316121,0.0
supervised,spatial_5fold_repeated,Serting_Basemap,xgboost_balanced,all14_plus_local,1667.0,0.0,154.0,0.0,1513.0,0.0,0.09238152369526094,1.6996749443881478e-17,0.09166303734049985,0.001545912264763404,-0.0007184863547610906,0.001545912264763404,0.4851145769850331,0.006271615056861403,0.0392156862745098,0.03396178054056622,0.004329004329004329,0.003749027722010557,0.42449707155589506,0.3676252477995057,0.08333333333333333,0.011904761904761904,0.04545454545454545,0.006493506493506496,0.902056277056277,0.128865182436611,0.10379241516966069,0.006914374481312882,0.11255411255411256,0.007498055444021108,1.1235191953754826,0.07484585883343227,0.09481037924151696,0.008642968101641101,0.2056277056277056,0.018745138610052774,1.0262915726987583,0.09355732354179036
supervised,spatial_5fold_repeated,Serting_Basemap,rf_balanced,all14_plus_local,1667.0,0.0,154.0,0.0,1513.0,0.0,0.09238152369526094,1.6996749443881478e-17,0.08660000633657766,0.0020366486864569593,-0.005781517358683291,0.0020366486864569593,0.4688200101286684,0.009230175864576716,0.0,0.0,0.0,0.0,0.0,0.0,0.059523809523809514,0.011904761904761904,0.03246753246753247,0.006493506493506492,0.644325912183055,0.128865182436611,0.08383233532934131,0.011976047904191621,0.0909090909090909,0.012987012987012991,0.9074578116494284,0.12963683023563266,0.09381237524950099,0.004573428837281278,0.20346320346320348,0.009918995010726914,1.0154885035124555,0.04950588228407726
supervised,spatial_5fold_repeated,Serting_Basemap,logreg_l2,raw4_plus_local,1667.0,0.0,154.0,0.0,1513.0,0.0,0.09238152369526094,1.6996749443881478e-17,0.08784941956124999,0.0,-0.004532104134010964,0.0,0.4795109054857898,0.0,0.0,0.0,0.0,0.0,0.0,0.0,0.09523809523809523,0.0,0.051948051948051945,8.498374721940739e-18,1.030921459492888,0.0,0.0718562874251497,0.0,0.07792207792207792,0.0,0.7778209814137957,0.0,0.07784431137724551,0.0,0.16883116883116886,3.3993498887762956e-17,0.8426393965316121,0.0
supervised,spatial_5fold_repeated,Serting_Basemap,xgboost_balanced,raw4_plus_local,1667.0,0.0,154.0,0.0,1513.0,0.0,0.09238152369526094,1.6996749443881478e-17,0.09162954066958817,0.0004986935426389199,-0.0007519830256727903,0.0004986935426389199,0.505281785850193,0.0018673576760525874,0.0,0.0,0.0,0.0,0.0,0.0,0.06746031746031746,0.027492869961410746,0.03679653679653679,0.014996110888042228,0.7302360338074623,0.29760139107579037,0.09181636726546906,0.00691437448131289,0.09956709956709957,0.007498055444021116,0.9938823651398501,0.0748458588334324,0.0808383233532934,0.005988023952095814,0.17532467532467533,0.012987012987012991,0.8750486040905202,0.06481841511781639
supervised,spatial_5fold_repeated,Serting_Basemap,rf_balanced,raw4_plus_local,1667.0,0.0,154.0,0.0,1513.0,0.0,0.09238152369526094,1.6996749443881478e-17,0.08231190214427582,0.00024174674744420214,-0.010069621550985128,0.00024174674744420214,0.4558873600512728,0.0023847720988503154,0.0588235294117647,8.498374721940739e-18,0.006493506493506493,1.0622968402425924e-18,0.6367456073338426,0.0,0.06349206349206349,0.006873217490352687,0.03463203463203463,0.0037490277220105584,0.6872809729952586,0.07440034776894756,0.06786427145708583,0.003457187240656437,0.07359307359307359,0.0037490277220105584,0.7346087046685849,0.037422929416716134,0.07385229540918165,0.003457187240656445,0.16017316017316016,0.007498055444021116,0.7994271197864012,0.0374229294167162
supervised,spatial_5fold_repeated,Serting_Basemap,logreg_l2,raw4_plus_ext,1667.0,0.0,154.0,0.0,1513.0,0.0,0.09238152369526094,1.6996749443881478e-17,0.08557471609602191,0.0,-0.006806807599239045,0.0,0.47102170796817194,0.0,0.0588235294117647,8.498374721940739e-18,0.006493506493506493,1.0622968402425924e-18,0.6367456073338426,0.0,0.08333333333333333,0.0,0.04545454545454545,8.498374721940739e-18,0.902056277056277,0.0,0.07784431137724551,0.0,0.08441558441558443,1.6996749443881478e-17,0.8426393965316121,0.0,0.0658682634730539,0.0,0.14285714285714285,0.0,0.7130025662959795,0.0
supervised,spatial_5fold_repeated,Serting_Basemap,xgboost_balanced,raw4_plus_ext,1667.0,0.0,154.0,0.0,1513.0,0.0,0.09238152369526094,1.6996749443881478e-17,0.09087471635959805,0.0012376450054662816,-0.0015068073356629037,0.0012376450054662816,0.5003476365009742,0.0018573220341043118,0.0196078431372549,0.03396178054056622,0.0021645021645021645,0.003749027722010557,0.21224853577794753,0.3676252477995057,0.08730158730158728,0.018184824186332698,0.047619047619047616,0.009918995010726926,0.9450113378684807,0.19684481765335454,0.08982035928143713,0.005988023952095814,0.09740259740259742,0.006493506493506496,0.9722762267672446,0.06481841511781639,0.08283433133732536,0.004573428837281277,0.17965367965367965,0.00991899501072693,0.8966547424631256,0.049505882284077186
supervised,spatial_5fold_repeated,Serting_Basemap,logreg_l2,coords_only,1667.0,0.0,154.0,0.0,1513.0,0.0,0.09238152369526094,1.6996749443881478e-17,0.11101342045372349,0.0,0.018631896758462538,0.0,0.5791023253019287,0.0,0.0,0.0,0.0,0.0,0.0,0.0,0.07142857142857142,0.0,0.03896103896103896,0.0,0.773191094619666,0.0,0.11377245508982035,0.0,0.12337662337662338,0.0,1.2315498872385098,0.0,0.11377245508982035,0.0,0.24675324675324675,0.0,1.2315498872385098,0.0
supervised,spatial_5fold_repeated,Serting_Basemap,xgboost_balanced,coords_only,1667.0,0.0,154.0,0.0,1513.0,0.0,0.09238152369526094,1.6996749443881478e-17,0.1630890883779888,0.005983937540604606,0.07070756468272785,0.005983937540604606,0.6189238718980952,0.002266123739341689,0.3137254901960784,0.06792356108113246,0.03463203463203463,0.007498055444021112,3.395976572447161,0.7352504955990119,0.19444444444444445,0.013746434980705375,0.10606060606060606,0.007498055444021109,2.1047979797979797,0.14880069553789524,0.20159680638722555,0.0034571872406564366,0.2186147186147186,0.003749027722010558,2.182219975633149,0.03742292941671594,0.18762475049900199,0.004573428837281283,0.40692640692640697,0.00991899501072693,2.030977007024911,0.049505882284077214
