id,Long,Lat,Class
1,102.434761,2.946644,Healthy
2,102.434488,2.946161,Healthy
3,102.434845,2.946645,Healthy
4,102.434685,2.946089,Healthy
5,102.43492,2.946778,Healthy
6,102.434262,2.945335,Unhealthy
7,102.434684,2.946372,Healthy
8,102.434882,2.946433,Healthy
9,102.434916,2.946644,Healthy
10,102.434297,2.945276,Healthy
11,102.432546,2.94744,Healthy
12,102.43419,2.948137,Healthy
13,102.434377,2.945399,Healthy
14,102.434997,2.946646,Healthy
15,102.439706,2.946712,Healthy
16,102.434605,2.946106,Healthy
17,102.434881,2.946576,Healthy
18,102.434103,2.945059,Healthy
19,102.434842,2.946775,Healthy
20,102.43492,2.946505,Healthy
21,102.435028,2.946711,Unhealthy
22,102.434766,2.946229,Healthy
23,102.434187,2.94506,Healthy
24,102.434606,2.946371,Healthy
25,102.432589,2.947647,Healthy
26,102.434724,2.946569,Healthy
27,102.4348,2.946572,Healthy
28,102.434527,2.946103,Healthy
29,102.434259,2.945062,Healthy
30,102.439397,2.946162,Healthy
31,102.434727,2.94616,Healthy
32,102.434612,2.945819,Healthy
33,102.439362342,2.946098528,Healthy
34,102.434528,2.945817,Healthy
35,102.434334,2.945605,Healthy
36,102.434068,2.94499,Healthy
37,102.434918,2.94693,Healthy
38,102.439596,2.946238,Healthy
39,102.434369,2.945677,Healthy
40,102.434414,2.945747,Healthy
41,102.439941,2.946858,Healthy
42,102.434953,2.946984,Healthy
43,102.434335,2.945469,Healthy
44,102.433987,2.944992,Healthy
45,102.43421,2.945275,Healthy
46,102.434022,2.945062,Unhealthy
47,102.434684,2.946227,Healthy
48,102.432511,2.947506,Healthy
49,102.432469,2.947169,Healthy
50,102.434994,2.946778,Healthy
51,102.435154,2.946933,Healthy
52,102.434181,2.945196,Healthy
53,102.43967,2.94624,Healthy
54,102.434026,2.944923,Healthy
55,102.432786,2.94758,Unhealthy
56,102.435112,2.946989,Healthy
57,102.433056,2.948057,Healthy
58,102.439476,2.946298,Healthy
59,102.434841,2.946502,Healthy
60,102.432396,2.947303,Healthy
61,102.433611,2.947248,Healthy
62,102.439559,2.946166,Healthy
63,102.434998,2.946932,Healthy
64,102.43259,2.947239,Healthy
65,102.434336,2.945336,Healthy
66,102.433499,2.94718,Unhealthy
67,102.434807,2.946298,Healthy
68,102.434414,2.945607,Healthy
69,102.434234,2.948069,Healthy
70,102.434343,2.945197,Healthy
71,102.434568,2.94589,Unhealthy
72,102.439747,2.946785,Healthy
73,102.434725,2.946298,Healthy
74,102.439515,2.946235,Healthy
75,102.439596,2.946114,Healthy
76,102.434098,2.945197,Healthy
77,102.434487,2.945886,Healthy
78,102.43449,2.945746,Healthy
79,102.434649,2.945892,Unhealthy
80,102.439522,2.946112,Healthy
81,102.439516,2.94637,Healthy
82,102.435076,2.946932,Healthy
83,102.434038,2.948138,Healthy
84,102.432468,2.947307,Unhealthy
85,102.434802,2.946435,Healthy
86,102.439437,2.946233,Healthy
87,102.433885,2.947456,Healthy
88,102.439861,2.946857,Healthy
89,102.434689,2.945818,Healthy
90,102.434616,2.94568,Healthy
91,102.435116,2.946849,Healthy
92,102.434607,2.946224,Healthy
93,102.432709,2.947719,Healthy
94,102.439905,2.946787,Healthy
95,102.434116,2.948138,Healthy
96,102.434958,2.946571,Healthy
97,102.433993,2.948068,Healthy
98,102.439404,2.949246,Healthy
99,102.434764,2.946369,Healthy
100,102.433687,2.947249,Healthy
101,102.432511,2.947237,Healthy
102,102.433022,2.947991,Healthy
103,102.434038,2.947997,Healthy
104,102.4343,2.94513,Healthy
105,102.432509,2.947371,Healthy
106,102.434721,2.946443,Healthy
107,102.434381,2.94528,Healthy
108,102.440126,2.947066,Healthy
109,102.439787,2.946716,Healthy
110,102.439629,2.946441,Healthy
111,102.433733,2.947177,Healthy
112,102.434075,2.948071,Healthy
113,102.433533,2.947112,Healthy
114,102.4391,2.948402,Healthy
115,102.434727,2.945889,Healthy
116,102.433649,2.947451,Healthy
117,102.439556,2.946306,Healthy
118,102.434644,2.946298,Healthy
119,102.433765,2.947527,Healthy
120,102.439095,2.948546,Healthy
121,102.434104,2.944926,Healthy
122,102.439281,2.949033,Healthy
123,102.432434,2.947098,Healthy
124,102.434529,2.945677,Unhealthy
125,102.435231,2.947057,Healthy
126,102.432903,2.947921,Healthy
127,102.432704,2.947437,Unhealthy
128,102.434538,2.945537,Healthy
129,102.434262,2.945195,Healthy
130,102.43427,2.94814,Healthy
131,102.439789,2.946581,Healthy
132,102.432667,2.947648,Healthy
133,102.433768,2.947385,Healthy
134,102.439634,2.946168,Healthy
135,102.435078,2.946782,Healthy
136,102.432785,2.947717,Healthy
137,102.439183,2.948552,Healthy
138,102.433849,2.947795,Healthy
139,102.432587,2.947514,Healthy
140,102.433845,2.947661,Healthy
141,102.438823,2.948342,Healthy
142,102.439482,2.949104,Healthy
143,102.432744,2.947648,Healthy
144,102.432979,2.947921,Healthy
145,102.432311,2.947165,Healthy
146,102.434036,2.947865,Healthy
147,102.439981,2.946791,Healthy
148,102.433573,2.947317,Unhealthy
149,102.432509,2.947095,Healthy
150,102.439446,2.94917,Healthy
151,102.439362,2.949173,Healthy
152,102.433535,2.947249,Unhealthy
153,102.432389,2.947168,Healthy
154,102.433926,2.947928,Healthy
155,102.434574,2.94561,Healthy
156,102.434448,2.946101,Healthy
157,102.439593,2.946372,Healthy
158,102.432595,2.947372,Healthy
159,102.439326,2.949102,Healthy
160,102.438977,2.948616,Healthy
161,102.43373,2.947314,Healthy
162,102.433998,2.947926,Healthy
163,102.434156,2.947934,Healthy
164,102.432631,2.947439,Healthy
165,102.434412,2.946019,Healthy
166,102.432744,2.947512,Healthy
167,102.435021,2.946987,Healthy
168,102.438863,2.948278,Unhealthy
169,102.439827,2.94651,Healthy
170,102.439247,2.949097,Healthy
171,102.434876,2.946849,Healthy
172,102.433956,2.947997,Healthy
173,102.432667,2.947515,Healthy
174,102.434795,2.946713,Healthy
175,102.433882,2.947594,Healthy
176,102.43412,2.948,Healthy
177,102.439479,2.946165,Healthy
178,102.433652,2.94718,Healthy
179,102.434205,2.945398,Healthy
180,102.439127,2.948481,Healthy
181,102.432275,2.947096,Healthy
182,102.439554,2.946437,Healthy
183,102.434845,2.946364,Healthy
184,102.434955,2.946848,Unhealthy
185,102.434491,2.945605,Healthy
186,102.434119,2.947863,Healthy
187,102.440062,2.947069,Healthy
188,102.434193,2.948003,Healthy
189,102.434146,2.945128,Healthy
190,102.432743,2.947918,Healthy
191,102.433922,2.947524,Healthy
192,102.439596,2.949314,Healthy
193,102.438938,2.948275,Unhealthy
194,102.43461,2.945953,Unhealthy
195,102.438939,2.948548,Healthy
196,102.439673,2.946372,Healthy
197,102.433609,2.947384,Healthy
198,102.432823,2.947651,Healthy
199,102.439056,2.948478,Healthy
200,102.434292,2.945536,Unhealthy
201,102.439405,2.949107,Healthy
202,102.432896,2.947788,Healthy
203,102.434451,2.945677,Healthy
204,102.439706,2.946578,Healthy
205,102.434992,2.947055,Healthy
206,102.439748,2.946512,Healthy
207,102.432982,2.948057,Healthy
208,102.439207,2.949034,Healthy
209,102.43898,2.948483,Healthy
210,102.432824,2.947784,Unhealthy
211,102.432943,2.94799,Healthy
212,102.439217,2.948622,Healthy
213,102.433922,2.947665,Healthy
214,102.432745,2.947787,Healthy
215,102.439821871,2.946927039,Healthy
216,102.439021,2.948548,Healthy
217,102.433886,2.947734,Healthy
218,102.434044,2.947734,Healthy
219,102.434492,2.946017,Healthy
220,102.439321,2.949236,Healthy
221,102.439711,2.946444,Healthy
222,102.434079,2.947797,Healthy
223,102.43286,2.947718,Healthy
224,102.439863,2.946583,Healthy
225,102.439277,2.948889,Healthy
226,102.433771,2.947248,Unhealthy
227,102.440055,2.946923,Healthy
228,102.439364,2.948896,Healthy
229,102.433959,2.947593,Healthy
230,102.433958,2.947735,Healthy
231,102.435195,2.946985,Healthy
232,102.44002,2.946995,Healthy
233,102.439442,2.946097,Healthy
234,102.435023,2.94685,Healthy
235,102.439983,2.947065,Healthy
236,102.432944,2.948128,Healthy
237,102.439173,2.948963,Healthy
238,102.439588,2.946509,Healthy
239,102.434004,2.947662,Unhealthy
240,102.434571,2.946025,Healthy
241,102.433808,2.947454,Healthy
242,102.439247,2.948963,Healthy
243,102.433846,2.947527,Healthy
244,102.432941,2.947854,Healthy
245,102.433806,2.947733,Healthy
246,102.432787,2.947858,Healthy
247,102.43286,2.947988,Healthy
248,102.433729,2.947454,Healthy
249,102.439022,2.948279,Healthy
250,102.43465,2.946029,Healthy
251,102.433846,2.947385,Healthy
252,102.433691,2.947525,Healthy
253,102.439126,2.948894,Healthy
254,102.435151,2.947057,Healthy
255,102.432627,2.947714,Healthy
256,102.439745,2.946372,Healthy
257,102.433811,2.94732,Healthy
258,102.432784,2.947984,Healthy
259,102.434766,2.945957,Healthy
260,102.439666,2.946508,Healthy
261,102.432864,2.947852,Healthy
262,102.440017,2.946858,Healthy
263,102.439705,2.946311,Healthy
264,102.434076,2.947934,Healthy
265,102.43255,2.947306,Unhealthy
266,102.439939,2.94713,Healthy
267,102.439445,2.949036,Unhealthy
268,102.439160417,2.948815423,Healthy
269,102.433948,2.944922,Unhealthy
270,102.432861,2.948124,Healthy
271,102.439127,2.948618,Healthy
272,102.439785,2.946442,Healthy
273,102.43365,2.947318,Unhealthy
274,102.433764,2.947656,Healthy
275,102.439941,2.94672,Healthy
276,102.439128,2.948756,Unhealthy
277,102.439828,2.946649,Healthy
278,102.439247,2.948684,Healthy
279,102.434686,2.945957,Unhealthy
280,102.440093,2.946999,Healthy
281,102.439207,2.948896,Healthy
282,102.432673,2.947784,Healthy
283,102.434154,2.948073,Healthy
284,102.439864,2.946716,Healthy
285,102.439943,2.946995,Healthy
286,102.433097,2.948126,Healthy
287,102.433616,2.94711,Healthy
288,102.439326,2.948825,Healthy
289,102.439749,2.946647,Healthy
290,102.439069,2.948334,Healthy
291,102.432707,2.947851,Healthy
292,102.43967,2.946647,Healthy
293,102.439277,2.948756,Healthy
294,102.439519,2.949173,Healthy
295,102.433688,2.947384,Unhealthy
296,102.439481,2.94924,Healthy
297,102.438899,2.948482,Healthy
298,102.433999,2.9478,Healthy
299,102.43906,2.948618,Healthy
300,102.439627,2.946577,Healthy
301,102.438782,2.948274,Healthy
302,102.439518,2.949308,Healthy
303,102.439097,2.948684,Healthy
304,102.433806,2.947591,Healthy
305,102.432826,2.948056,Healthy
306,102.439018,2.948409,Healthy
307,102.439903,2.947063,Healthy
308,102.439864,2.946997,Healthy
309,102.439056,2.948753,Healthy
310,102.439326,2.948969,Healthy
311,102.439209,2.948752,Healthy
312,102.440016,2.947136,Healthy
313,102.439088,2.948826,Healthy
314,102.439824,2.946787,Healthy
315,102.440155,2.947127,Healthy
316,102.439361,2.949034,Healthy
317,102.434571,2.945754,Healthy
318,102.439777,2.946848,Healthy
319,102.439906,2.946655,Healthy
320,102.433685,2.94711,Healthy
321,102.438934,2.948409,Healthy
322,102.438977,2.94834,Unhealthy
323,102.439015,2.948684,Healthy
324,102.439286,2.949168,Healthy
325,102.439409,2.948964,Healthy
326,102.439561,2.94924,Healthy
327,102.439446,2.949309,Healthy
328,102.439237885,2.948827264,Unhealthy
329,102.434202,2.946359,Healthy
330,102.4342,2.946498,Healthy
331,102.436995,2.947153,Healthy
332,102.434251,2.946155,Healthy
333,102.434169,2.946428,Healthy
334,102.43401,2.946153,Healthy
335,102.437029,2.947626,Healthy
336,102.433973,2.946098,Healthy
337,102.437148,2.947696,Healthy
338,102.434173,2.946153,Unhealthy
339,102.434441,2.946927,Healthy
340,102.437144,2.947424,Healthy
341,102.436992,2.947557,Healthy
342,102.436995,2.947285,Healthy
343,102.433932,2.946019,Healthy
344,102.434253,2.946432,Healthy
345,102.438884,2.946492,Healthy
346,102.437262,2.947622,Healthy
347,102.4346,2.946928,Healthy
348,102.437034083,2.94735651,Healthy
349,102.43738,2.947838,Healthy
350,102.434131,2.946359,Healthy
351,102.436956,2.947223,Healthy
352,102.439141,2.946978,Healthy
353,102.437224,2.947696,Healthy
354,102.434477,2.946984,Healthy
355,102.434327,2.946296,Healthy
356,102.434486,2.94657,Healthy
357,102.434684,2.946927,Healthy
358,102.440093,2.947683,Healthy
359,102.43445,2.946503,Healthy
360,102.43437,2.946369,Healthy
361,102.437184,2.947769,Healthy
362,102.437068,2.947547,Healthy
363,102.438762,2.946561,Healthy
364,102.434133,2.946099,Healthy
365,102.434174,2.946019,Healthy
366,102.438554,2.947858,Healthy
367,102.434174,2.946284,Unhealthy
368,102.43869,2.946291,Healthy
369,102.437187,2.947496,Healthy
370,102.434327,2.946433,Healthy
371,102.437074,2.947291,Healthy
372,102.434329,2.946711,Healthy
373,102.434406,2.946571,Healthy
374,102.43742,2.947907,Healthy
375,102.434056,2.946223,Healthy
376,102.437222,2.947833,Healthy
377,102.434643,2.946988,Healthy
378,102.434327,2.946566,Healthy
379,102.436915,2.947421,Healthy
380,102.437069,2.947699,Healthy
381,102.434407,2.946434,Healthy
382,102.43472,2.946986,Healthy
383,102.43715,2.947565,Healthy
384,102.440112,2.94789,Healthy
385,102.438165,2.947715,Healthy
386,102.437265,2.947774,Healthy
387,102.437036,2.947221,Healthy
388,102.439075,2.946978,Healthy
389,102.434524,2.946929,Healthy
390,102.436956,2.947482,Healthy
391,102.440239,2.948226,Healthy
392,102.438595,2.947926,Healthy
393,102.437182,2.947906,Healthy
394,102.434569,2.946712,Healthy
395,102.440045,2.947885,Healthy
396,102.434289,2.946641,Healthy
397,102.439929,2.947812,Healthy
398,102.438688,2.946561,Healthy
399,102.438716,2.947721,Healthy
400,102.43726,2.947897,Healthy
401,102.438902,2.948066,Healthy
402,102.438513,2.947787,Healthy
403,102.437108,2.947353,Healthy
404,102.436918,2.947152,Healthy
405,102.438993,2.947111,Healthy
406,102.440163,2.948225,Healthy
407,102.438275,2.94819,Healthy
408,102.438847,2.946427,Healthy
409,102.43856,2.947721,Healthy
410,102.434487,2.946706,Healthy
411,102.440017,2.947545,Healthy
412,102.436878,2.947346,Healthy
413,102.434364,2.946497,Healthy
414,102.438761,2.946697,Healthy
415,102.434293,2.946363,Unhealthy
416,102.438046,2.947778,Healthy
417,102.434528,2.946636,Healthy
418,102.440089,2.948094,Healthy
419,102.437108,2.947627,Healthy
420,102.437484,2.94804,Healthy
421,102.43896,2.946634,Healthy
422,102.437345,2.947776,Healthy
423,102.437146,2.947831,Healthy
424,102.437383,2.94797,Healthy
425,102.434245,2.946567,Healthy
426,102.440113,2.948163,Healthy
427,102.434524,2.946776,Healthy
428,102.434087,2.946293,Unhealthy
429,102.436799,2.947212,Healthy
430,102.438171,2.947166,Healthy
431,102.438692,2.946153,Unhealthy
432,102.438728,2.946355,Healthy
433,102.438675,2.94765,Healthy
434,102.439079,2.946842,Healthy
435,102.434486,2.946843,Healthy
436,102.437302,2.947838,Healthy
437,102.439774,2.947396,Healthy
438,102.437297,2.94797,Healthy
439,102.434603,2.946777,Healthy
440,102.43852,2.947373,Healthy
441,102.438728,2.946219,Healthy
442,102.439111,2.946909,Healthy
443,102.438521,2.94765,Healthy
444,102.437308,2.9477,Healthy
445,102.438123,2.947779,Healthy
446,102.438442,2.94737,Healthy
447,102.438307,2.948122,Healthy
448,102.434405,2.946843,Healthy
449,102.438867,2.947994,Healthy
450,102.43831,2.947853,Healthy
451,102.438991,2.946975,Healthy
452,102.440043,2.948014,Healthy
453,102.440164,2.948097,Healthy
454,102.437337,2.947905,Healthy
455,102.438637,2.947718,Healthy
456,102.438307,2.94799,Healthy
457,102.434366,2.946638,Healthy
458,102.438726,2.946491,Healthy
459,102.438454,2.946143,Healthy
460,102.43828,2.947783,Healthy
461,102.438395,2.948129,Healthy
462,102.439037,2.946777,Healthy
463,102.439966,2.947884,Healthy
464,102.438533,2.946139,Healthy
465,102.438515,2.947512,Healthy
466,102.438362,2.947236,Healthy
467,102.438313,2.947444,Healthy
468,102.434446,2.946635,Healthy
469,102.438275,2.948053,Healthy
470,102.438883,2.946776,Healthy
471,102.438807,2.946356,Healthy
472,102.437816,2.947224,Unhealthy
473,102.439975,2.947475,Healthy
474,102.440394,2.94823,Healthy
475,102.4384,2.947307,Healthy
476,102.438725,2.94663,Healthy
477,102.438443,2.947239,Healthy
478,102.43892,2.946565,Healthy
479,102.437534,2.948113,Healthy
480,102.438201,2.947912,Healthy
481,102.438655,2.946085,Healthy
482,102.440126,2.948029,Healthy
483,102.438798,2.946772,Healthy
484,102.438748,2.948204,Healthy
485,102.43456,2.946982,Healthy
486,102.438356,2.948063,Healthy
487,102.440088,2.947955,Healthy
488,102.438884,2.946634,Healthy
489,102.434444,2.946776,Healthy
490,102.437416,2.948043,Healthy
491,102.438279,2.947918,Healthy
492,102.438354,2.948192,Healthy
493,102.434758,2.947052,Healthy
494,102.437452,2.948113,Healthy
495,102.438787,2.947997,Healthy
496,102.439737,2.947331,Healthy
497,102.438242,2.947851,Healthy
498,102.438194,2.948051,Healthy
499,102.434645,2.946845,Healthy
500,102.437573,2.948185,Healthy
501,102.438569,2.946349,Healthy
502,102.438479,2.947719,Healthy
503,102.438208,2.947237,Healthy
504,102.439658,2.947195,Healthy
505,102.439854,2.947537,Healthy
506,102.439936,2.947406,Healthy
507,102.438996,2.946707,Healthy
508,102.438709,2.947856,Healthy
509,102.438596,2.947512,Healthy
510,102.43809,2.94757,Healthy
511,102.438406,2.947167,Healthy
512,102.438767,2.946287,Healthy
513,102.437297,2.948109,Healthy
514,102.43726,2.94804,Healthy
515,102.439699,2.947261,Healthy
516,102.43981,2.947606,Healthy
517,102.440113,2.947756,Healthy
518,102.438955,2.947047,Unhealthy
519,102.438247,2.947308,Healthy
520,102.437853,2.947431,Healthy
521,102.440084,2.947819,Healthy
522,102.438607,2.946417,Healthy
523,102.439034,2.94705,Healthy
524,102.438846,2.946839,Healthy
525,102.438672,2.947925,Healthy
526,102.436877,2.947218,Unhealthy
527,102.440203,2.948025,Healthy
528,102.438442,2.947515,Unhealthy
529,102.438824,2.948066,Healthy
530,102.440055,2.947615,Healthy
531,102.438287,2.947234,Healthy
532,102.439657,2.947328,Healthy
533,102.437856,2.947163,Healthy
534,102.437485,2.948183,Healthy
535,102.438671,2.947789,Healthy
536,102.438746,2.947928,Healthy
537,102.438477,2.947583,Healthy
538,102.438362,2.947511,Healthy
539,102.43993,2.94768,Healthy
540,102.440245,2.947957,Healthy
541,102.438316,2.947168,Healthy
542,102.438901,2.948204,Healthy
543,102.437458,2.947975,Healthy
544,102.437898,2.947229,Healthy
545,102.438616,2.946147,Healthy
546,102.438158,2.947982,Healthy
547,102.438559,2.947444,Healthy
548,102.438245,2.947713,Healthy
549,102.437341,2.948041,Healthy
550,102.438398,2.947993,Healthy
551,102.439889,2.947608,Healthy
552,102.438598,2.947647,Healthy
553,102.436842,2.947285,Healthy
554,102.438054,2.947368,Healthy
555,102.434366,2.946774,Healthy
556,102.439072,2.947116,Healthy
557,102.438637,2.947858,Healthy
558,102.437927,2.947572,Healthy
559,102.437691,2.947155,Healthy
560,102.438838,2.946704,Healthy
561,102.43824,2.947983,Healthy
562,102.438845,2.946563,Unhealthy
563,102.439961,2.947615,Healthy
564,102.438357,2.947923,Healthy
565,102.438471,2.948131,Healthy
566,102.439186,2.947049,Healthy
567,102.438919,2.946706,Healthy
568,102.438825,2.948206,Healthy
569,102.438124,2.947913,Healthy
570,102.438249,2.947169,Healthy
571,102.438049,2.947505,Healthy
572,102.439734,2.947466,Healthy
573,102.438597,2.947794,Healthy
574,102.438364,2.947376,Healthy
575,102.438793,2.94786,Healthy
576,102.440204,2.947887,Healthy
577,102.438405,2.947441,Healthy
578,102.438864,2.948136,Healthy
579,102.437888,2.947497,Healthy
580,102.438288,2.947374,Healthy
581,102.438434,2.948059,Healthy
582,102.438055,2.947643,Healthy
583,102.438438,2.947644,Healthy
584,102.437935,2.947167,Healthy
585,102.438004,2.947713,Healthy
586,102.438668,2.948063,Healthy
587,102.440202,2.94816,Healthy
588,102.440012,2.94769,Healthy
589,102.437974,2.947366,Healthy
590,102.438963,2.946772,Healthy
591,102.439774,2.947537,Healthy
592,102.438168,2.947841,Healthy
593,102.438433,2.948201,Healthy
594,102.438484,2.947302,Healthy
595,102.438093,2.947442,Healthy
596,102.439887,2.947744,Healthy
597,102.438996,2.946841,Healthy
598,102.437334,2.948174,Healthy
599,102.438315,2.947303,Healthy
600,102.438921,2.946842,Healthy
601,102.438788,2.948133,Healthy
602,102.439891,2.947468,Healthy
603,102.439813,2.947468,Healthy
604,102.438765,2.946423,Healthy
605,102.439037,2.946908,Healthy
606,102.438879,2.946906,Healthy
607,102.44036,2.948167,Healthy
608,102.434409,2.946705,Healthy
609,102.438167,2.947573,Healthy
610,102.437932,2.947428,Unhealthy
611,102.439221,2.947119,Healthy
612,102.438983,2.948204,Healthy
613,102.438751,2.947791,Healthy
614,102.440284,2.948024,Healthy
615,102.438081,2.947844,Healthy
616,102.437776,2.947154,Healthy
617,102.439578,2.9472,Healthy
618,102.437971,2.947504,Healthy
619,102.438479,2.947442,Healthy
620,102.438128,2.947643,Healthy
621,102.440318,2.94823,Healthy
622,102.438084,2.94771,Healthy
623,102.438746,2.948066,Healthy
624,102.438572,2.946082,Healthy
625,102.438494,2.946212,Healthy
626,102.439852,2.947266,Healthy
627,102.438552,2.947582,Healthy
628,102.438649,2.946489,Healthy
629,102.438807,2.946495,Healthy
630,102.438512,2.948198,Healthy
631,102.434572,2.946844,Healthy
632,102.440236,2.948093,Healthy
633,102.440286,2.948163,Healthy
634,102.440322,2.948101,Healthy
635,102.440162,2.947959,Healthy
636,102.440159,2.947817,Healthy
637,102.439886,2.947336,Healthy
638,102.439771,2.947261,Healthy
639,102.439809,2.94719,Healthy
640,102.439731,2.947192,Healthy
641,102.439609,2.947255,Healthy
642,102.439691,2.947404,Healthy
643,102.438944,2.948138,Healthy
644,102.438824,2.947931,Healthy
645,102.43824,2.948122,Healthy
646,102.438709,2.948129,Healthy
647,102.438705,2.947991,Healthy
648,102.438629,2.947579,Healthy
649,102.437969,2.947229,Healthy
650,102.438012,2.947296,Healthy
651,102.437932,2.947296,Healthy
652,102.437855,2.947293,Healthy
653,102.437756,2.947286,Healthy
654,102.437801,2.947355,Healthy
655,102.4379,2.947359,Healthy
656,102.438013,2.947568,Healthy
657,102.438006,2.947438,Healthy
658,102.438212,2.947641,Healthy
659,102.43796,2.947638,Healthy
660,102.437383,2.948106,Healthy
661,102.437415,2.948173,Healthy
662,102.434597876,2.947050136,Healthy
663,102.437510708,2.946952279,Healthy
664,102.435122,2.945893,Healthy
665,102.434098,2.945603,Healthy
666,102.433864,2.94547,Healthy
667,102.433595,2.944986,Healthy
668,102.433987,2.945673,Unhealthy
669,102.4314,2.947227,Healthy
670,102.43442,2.944926,Healthy
671,102.435241,2.945963,Healthy
672,102.435831,2.944941,Healthy
673,102.434582,2.945061,Unhealthy
674,102.433509,2.944984,Healthy
675,102.433939,2.945745,Unhealthy
676,102.433711,2.945058,Healthy
677,102.434812,2.945473,Unhealthy
678,102.433632,2.944918,Healthy
679,102.434022,2.945606,Healthy
680,102.43355,2.945057,Healthy
681,102.433905,2.945266,Healthy
682,102.433827,2.945265,Healthy
683,102.433976,2.945814,Healthy
684,102.433896,2.945676,Unhealthy
685,102.433746,2.945266,Unhealthy
686,102.434691,2.945406,Healthy
687,102.431401,2.947091,Unhealthy
688,102.433868,2.945331,Healthy
689,102.431907,2.948111,Healthy
690,102.434023,2.945746,Unhealthy
691,102.433637,2.945194,Unhealthy
692,102.434051,2.945956,Healthy
693,102.435,2.945681,Healthy
694,102.434201,2.945946,Healthy
695,102.435201,2.94589,Healthy
696,102.431521,2.947428,Healthy
697,102.433901,2.945533,Healthy
698,102.431436,2.947293,Unhealthy
699,102.431478,2.947355,Healthy
700,102.43371,2.944918,Healthy
701,102.4365,2.945705,Healthy
702,102.433906,2.945402,Healthy
703,102.431326,2.947089,Healthy
704,102.432955,2.946628,Unhealthy
705,102.435032,2.945891,Healthy
706,102.433557,2.944913,Healthy
707,102.434459,2.944997,Healthy
708,102.437011,2.946058,Healthy
709,102.433941,2.945467,Healthy
710,102.434932,2.945406,Healthy
711,102.434847,2.945688,Healthy
712,102.434776,2.945407,Healthy
713,102.434014,2.945882,Healthy
714,102.434725,2.9452,Healthy
715,102.433179,2.947041,Healthy
716,102.43367,2.945128,Healthy
717,102.434775,2.945132,Healthy
718,102.435158,2.945825,Healthy
719,102.437498,2.946538,Healthy
720,102.435083,2.945689,Healthy
721,102.436581,2.94584,Healthy
722,102.434135,2.945812,Healthy
723,102.43662,2.945911,Healthy
724,102.433784,2.945333,Unhealthy
725,102.435117,2.945754,Healthy
726,102.434653,2.944932,Unhealthy
727,102.432715,2.946354,Healthy
728,102.433748,2.944988,Healthy
729,102.434535,2.944997,Healthy
730,102.437168,2.946327,Healthy
731,102.431872,2.948047,Healthy
732,102.434504,2.944924,Healthy
733,102.433746,2.945129,Healthy
734,102.433986,2.945397,Unhealthy
735,102.432753,2.946015,Unhealthy
736,102.436426,2.945569,Healthy
737,102.434101,2.945736,Healthy
738,102.433635,2.945059,Healthy
739,102.431717,2.947773,Unhealthy
740,102.433107,2.947041,Healthy
741,102.43156,2.947097,Healthy
742,102.43473,2.945477,Healthy
743,102.43736,2.946668,Healthy
744,102.433587,2.945123,Healthy
745,102.433943,2.945606,Healthy
746,102.434025,2.945465,Healthy
747,102.436032,2.94529,Healthy
748,102.431798,2.947774,Healthy
749,102.431642,2.947498,Healthy
750,102.432073,2.947984,Healthy
751,102.431876,2.947918,Healthy
752,102.436071,2.945357,Healthy
753,102.434575,2.944926,Healthy
754,102.434097,2.94588,Healthy
755,102.434964,2.945895,Healthy
756,102.431958,2.94792,Healthy
757,102.433659,2.945269,Unhealthy
758,102.431521,2.947294,Healthy
759,102.437584,2.946952,Healthy
760,102.431994,2.948112,Healthy
761,102.434965,2.945616,Healthy
762,102.434538,2.945129,Healthy
763,102.431953,2.948049,Healthy
764,102.43379,2.945057,Healthy
765,102.433256,2.947043,Healthy
766,102.434854,2.945541,Healthy
767,102.43635,2.945703,Healthy
768,102.432948,2.946764,Healthy
769,102.436462,2.945776,Healthy
770,102.431878,2.947641,Healthy
771,102.433784,2.94519,Healthy
772,102.435035,2.94562,Healthy
773,102.43611,2.945426,Healthy
774,102.436386,2.945772,Healthy
775,102.434173,2.945878,Healthy
776,102.431484,2.947227,Unhealthy
777,102.432594,2.946005,Healthy
778,102.431642,2.947362,Healthy
779,102.436227,2.945496,Healthy
780,102.431912,2.947981,Healthy
781,102.437325,2.946601,Healthy
782,102.433981,2.945535,Healthy
783,102.432792,2.946487,Healthy
784,102.433298,2.946977,Healthy
785,102.436348,2.945428,Healthy
786,102.432551808,2.946078184,Healthy
787,102.43306,2.946969,Healthy
788,102.434811,2.945616,Healthy
789,102.436192,2.945568,Healthy
790,102.434811,2.94534,Healthy
791,102.431797,2.947918,Healthy
792,102.436154,2.945085,Healthy
793,102.437321,2.946324,Healthy
794,102.437656,2.947085,Healthy
795,102.433834,2.945124,Healthy
796,102.433059,2.94656,Healthy
797,102.431681,2.947572,Healthy
798,102.431483,2.947097,Healthy
799,102.43646,2.945909,Healthy
800,102.431444,2.94716,Healthy
801,102.433186,2.946908,Healthy
802,102.436545,2.945773,Healthy
803,102.436304,2.945767,Healthy
804,102.436499,2.945843,Healthy
805,102.434853,2.94528,Healthy
806,102.437473,2.946867,Healthy
807,102.431682,2.947434,Healthy
808,102.431641,2.947636,Healthy
809,102.432983,2.946835,Healthy
810,102.434962,2.945747,Healthy
811,102.436261,2.945698,Healthy
812,102.436079,2.944949,Healthy
813,102.434927,2.945825,Healthy
814,102.436421,2.945977,Healthy
815,102.431604,2.947434,Healthy
816,102.434738,2.945338,Healthy
817,102.433137,2.946839,Unhealthy
818,102.431678,2.947299,Healthy
819,102.431839,2.947571,Healthy
820,102.432034,2.947916,Healthy
821,102.436146,2.945499,Unhealthy
822,102.431595,2.947295,Healthy
823,102.4316,2.947567,Healthy
824,102.435919,2.944947,Healthy
825,102.435005,2.945542,Healthy
826,102.434891,2.945614,Healthy
827,102.435997,2.944951,Healthy
828,102.434772,2.945549,Healthy
829,102.435008,2.945816,Healthy
830,102.433334,2.94704,Healthy
831,102.434653,2.945338,Healthy
832,102.436191,2.945293,Healthy
833,102.437091,2.946058,Healthy
834,102.437201,2.946397,Unhealthy
835,102.43168,2.947703,Healthy
836,102.436229,2.945629,Healthy
837,102.434577,2.945199,Healthy
838,102.434053,2.945675,Unhealthy
839,102.431919,2.947847,Healthy
840,102.435,2.945962,Healthy
841,102.435162,2.945956,Healthy
842,102.437548,2.947021,Healthy
843,102.4318,2.94764,Healthy
844,102.436659,2.945976,Healthy
845,102.432596,2.946149,Healthy
846,102.437782,2.947022,Healthy
847,102.436385,2.945634,Healthy
848,102.432753,2.946419,Healthy
849,102.436115,2.94529,Healthy
850,102.436579,2.945973,Healthy
851,102.437357,2.946394,Healthy
852,102.432714,2.946076,Healthy
853,102.432761,2.946149,Healthy
854,102.432987,2.946424,Unhealthy
855,102.437477,2.946604,Healthy
856,102.431916,2.947711,Healthy
857,102.433025,2.946758,Healthy
858,102.432037,2.948048,Healthy
859,102.431721,2.947366,Healthy
860,102.43619,2.945154,Unhealthy
861,102.433101,2.946903,Healthy
862,102.43744,2.946538,Healthy
863,102.437738,2.947088,Healthy
864,102.436543,2.94591,Healthy
865,102.437241,2.946458,Healthy
866,102.433219,2.946975,Healthy
867,102.437052,2.946121,Healthy
868,102.43283,2.946565,Healthy
869,102.437281,2.946529,Healthy
870,102.431717,2.94764,Healthy
871,102.436382,2.94591,Healthy
872,102.431722,2.947502,Healthy
873,102.434615,2.945277,Unhealthy
874,102.437466538,2.946468092,Healthy
875,102.436346,2.945566,Healthy
876,102.431837,2.947707,Healthy
877,102.431766441,2.947439005,Unhealthy
878,102.436116,2.945154,Healthy
879,102.433145,2.946699,Healthy
880,102.437321,2.946195,Healthy
881,102.436268,2.945564,Healthy
882,102.431562,2.947226,Healthy
883,102.431598,2.947159,Healthy
884,102.431743,2.947704,Healthy
885,102.432076,2.948111,Healthy
886,102.436237,2.945218,Healthy
887,102.43326,2.946905,Healthy
888,102.43477,2.94528,Healthy
889,102.436153,2.945358,Healthy
890,102.437133,2.946258,Healthy
891,102.433099,2.946634,Healthy
892,102.431523,2.947161,Healthy
893,102.431798,2.947501,Healthy
894,102.435873,2.945017,Healthy
895,102.436385,2.945494,Healthy
896,102.437243,2.946334,Healthy
897,102.436076,2.945082,Healthy
898,102.437396,2.946606,Healthy
899,102.431997,2.94785,Healthy
900,102.436501,2.945976,Healthy
901,102.43717,2.94606,Healthy
902,102.432637,2.946077,Healthy
903,102.436465,2.945633,Healthy
904,102.43739,2.946328,Healthy
905,102.432908,2.946423,Healthy
906,102.437628,2.946747,Healthy
907,102.433182,2.94677,Healthy
908,102.437819,2.947094,Healthy
909,102.437279,2.946397,Healthy
910,102.43306,2.94684,Healthy
911,102.436269,2.945429,Healthy
912,102.433098,2.946767,Healthy
913,102.432869,2.946213,Healthy
914,102.435954,2.945154,Healthy
915,102.431761,2.947571,Healthy
916,102.432869,2.946629,Healthy
917,102.435993,2.945082,Healthy
918,102.432715,2.946216,Healthy
919,102.431639,2.947229,Healthy
920,102.435995,2.945217,Healthy
921,102.437283,2.946127,Healthy
922,102.432675,2.946284,Unhealthy
923,102.43721,2.946259,Healthy
924,102.436302,2.94549,Healthy
925,102.437548,2.94661,Healthy
926,102.437547,2.946875,Healthy
927,102.437617,2.947021,Healthy
928,102.43604,2.945015,Healthy
929,102.437397,2.946457,Healthy
930,102.436346,2.94584,Healthy
931,102.437549,2.946737,Healthy
932,102.436151,2.945226,Healthy
933,102.437742,2.946955,Healthy
934,102.432832,2.946427,Unhealthy
935,102.432753,2.946289,Healthy
936,102.432154,2.948112,Healthy
937,102.437667,2.946955,Healthy
938,102.437471,2.946745,Healthy
939,102.435959,2.945015,Healthy
940,102.433217,2.946836,Healthy
941,102.432795,2.946098,Healthy
942,102.437433,2.946678,Healthy
943,102.43295,2.946354,Healthy
944,102.437247,2.946196,Healthy
945,102.432869,2.946355,Healthy
946,102.433142,2.946972,Healthy
947,102.432635,2.946221,Unhealthy
948,102.436068,2.945221,Healthy
949,102.437587,2.946679,Healthy
950,102.436229,2.94536,Healthy
951,102.437624,2.946884,Healthy
952,102.43631,2.945633,Healthy
953,102.437357,2.946267,Healthy
954,102.431884,2.947776,Healthy
955,102.43736,2.94653,Healthy
956,102.437097,2.946192,Healthy
957,102.437707,2.947022,Healthy
958,102.432791,2.946358,Healthy
959,102.432946,2.946498,Healthy
960,102.437315,2.946464,Healthy
961,102.436311,2.945361,Healthy
962,102.436034,2.945151,Healthy
963,102.432871,2.946495,Healthy
964,102.432911,2.946696,Healthy
965,102.435912,2.945083,Healthy
966,102.436115,2.945014,Healthy
967,102.432681,2.946139,Healthy
968,102.432826,2.946288,Healthy
969,102.432901,2.946292,Healthy
970,102.433021,2.946493,Unhealthy
971,102.43717,2.94619,Healthy
972,102.437128,2.946121,Healthy
973,102.437207,2.946123,Healthy
974,102.437283,2.946265,Healthy
975,102.437414,2.94639,Healthy
976,102.437659,2.946819,Healthy
977,102.437704,2.946883,Healthy
978,102.436227,2.946041,Healthy
979,102.434484,2.947118,Healthy
980,102.431798,2.948594,Healthy
981,102.439459,2.947808,Healthy
982,102.438015,2.947023,Healthy
983,102.43164,2.948596,Healthy
984,102.439305,2.947538,Healthy
985,102.431836,2.948799,Healthy
986,102.437632,2.94606,Healthy
987,102.431718,2.948593,Healthy
988,102.438134,2.947097,Healthy
989,102.437863,2.946481,Healthy
990,102.431479,2.948317,Healthy
991,102.431836,2.948665,Healthy
992,102.438092,2.947029,Healthy
993,102.434671,2.947594,Healthy
994,102.431879,2.948595,Healthy
995,102.438174,2.946892,Healthy
996,102.43456,2.94725,Healthy
997,102.434829,2.947597,Healthy
998,102.434558,2.947117,Healthy
999,102.434637,2.947118,Healthy
1000,102.437979,2.94696,Healthy
1001,102.437514436,2.946128741,Healthy
1002,102.434681,2.947462,Healthy
1003,102.436491,2.946801,Healthy
1004,102.431556,2.948457,Healthy
1005,102.436182,2.94625,Healthy
1006,102.431397,2.948179,Healthy
1007,102.432034,2.948866,Healthy
1008,102.436186,2.946113,Healthy
1009,102.431794,2.948867,Healthy
1010,102.431874,2.94873,Unhealthy
1011,102.438056,2.946962,Healthy
1012,102.431992,2.948796,Healthy
1013,102.431676,2.948528,Healthy
1014,102.439381,2.947672,Healthy
1015,102.439696,2.947808,Healthy
1016,102.431951,2.948864,Healthy
1017,102.436375,2.946596,Healthy
1018,102.434596,2.947462,Healthy
1019,102.438098,2.946887,Healthy
1020,102.431716,2.948321,Healthy
1021,102.434679,2.947186,Healthy
1022,102.43913,2.948076,Healthy
1023,102.432066,2.94921,Healthy
1024,102.439184,2.948005,Healthy
1025,102.438991,2.947518,Healthy
1026,102.434985,2.948142,Healthy
1027,102.439133,2.947667,Healthy
1028,102.436608,2.946595,Healthy
1029,102.434438,2.947185,Healthy
1030,102.431679,2.94825,Healthy
1031,102.436533,2.946594,Healthy
1032,102.431875,2.94887,Healthy
1033,102.435069,2.94787,Healthy
1034,102.436146,2.946042,Healthy
1035,102.435108,2.947944,Healthy
1036,102.431874,2.949007,Healthy
1037,102.439693,2.948222,Healthy
1038,102.431795,2.948728,Healthy
1039,102.431556,2.948181,Healthy
1040,102.435015,2.94808,Healthy
1041,102.439928,2.948225,Healthy
1042,102.43883,2.947518,Healthy
1043,102.434632,2.947528,Healthy
1044,102.431758,2.948664,Healthy
1045,102.43176,2.948523,Healthy
1046,102.434519,2.947187,Healthy
1047,102.431596,2.948524,Healthy
1048,102.431912,2.948797,Healthy
1049,102.436457,2.94673,Unhealthy
1050,102.434865,2.947939,Healthy
1051,102.431717,2.948733,Healthy
1052,102.431432,2.948247,Healthy
1053,102.437707,2.946336,Healthy
1054,102.436532,2.946729,Healthy
1055,102.431834,2.94893,Healthy
1056,102.436381,2.94632,Healthy
1057,102.436072,2.946043,Healthy
1058,102.437787,2.94634,Healthy
1059,102.439229,2.947255,Healthy
1060,102.431736,2.948799,Healthy
1061,102.437711,2.946205,Healthy
1062,102.431635,2.948321,Healthy
1063,102.439419,2.947605,Unhealthy
1064,102.434597,2.947322,Healthy
1065,102.439415,2.947747,Healthy
1066,102.431637,2.948182,Healthy
1067,102.43626,2.946247,Healthy
1068,102.439108,2.947595,Healthy
1069,102.434753,2.947461,Healthy
1070,102.436225,2.946181,Healthy
1071,102.439229,2.947394,Healthy
1072,102.436335,2.946528,Healthy
1073,102.431599,2.94825,Healthy
1074,102.434641,2.947256,Healthy
1075,102.431911,2.948936,Unhealthy
1076,102.439072,2.947523,Healthy
1077,102.438951,2.947588,Healthy
1078,102.439184,2.947732,Healthy
1079,102.431673,2.948385,Healthy
1080,102.434912,2.947598,Healthy
1081,102.431636,2.948455,Healthy
1082,102.431481,2.948179,Healthy
1083,102.43502,2.947802,Healthy
1084,102.439264,2.94719,Healthy
1085,102.439495,2.947599,Healthy
1086,102.432069,2.949077,Healthy
1087,102.437748,2.946271,Healthy
1088,102.432105,2.949142,Healthy
1089,102.436386,2.946182,Healthy
1090,102.43195,2.949009,Healthy
1091,102.439265,2.947327,Healthy
1092,102.438919,2.947242,Healthy
1093,102.439539,2.947666,Healthy
1094,102.431517,2.948247,Healthy
1095,102.436615,2.946726,Healthy
1096,102.437981,2.946823,Healthy
1097,102.437631,2.946202,Healthy
1098,102.439503,2.947748,Healthy
1099,102.43156,2.948318,Healthy
1100,102.43657,2.9468,Unhealthy
1101,102.436299,2.946455,Healthy
1102,102.434751,2.947737,Healthy
1103,102.434709,2.947665,Healthy
1104,102.436491,2.946661,Healthy
1105,102.437867,2.946341,Healthy
1106,102.439578,2.948012,Healthy
1107,102.434906,2.948012,Healthy
1108,102.434832,2.947461,Healthy
1109,102.437591,2.946135,Healthy
1110,102.438799,2.947176,Healthy
1111,102.436798,2.947076,Healthy
1112,102.43665,2.946799,Healthy
1113,102.439808,2.94815,Healthy
1114,102.43499,2.947734,Healthy
1115,102.434754,2.947596,Healthy
1116,102.435067,2.948141,Unhealthy
1117,102.434637,2.947388,Healthy
1118,102.434942,2.948082,Healthy
1119,102.43495,2.947666,Healthy
1120,102.43203,2.949141,Healthy
1121,102.439216,2.948213,Unhealthy
1122,102.436416,2.946525,Healthy
1123,102.431988,2.948932,Healthy
1124,102.437556,2.946064,Healthy
1125,102.432223,2.949212,Healthy
1126,102.43922,2.947939,Healthy
1127,102.434906,2.94774,Healthy
1128,102.432108,2.949007,Healthy
1129,102.439771,2.948222,Healthy
1130,102.436769,2.946869,Healthy
1131,102.434984,2.947872,Healthy
1132,102.436603,2.94687,Unhealthy
1133,102.434518,2.947323,Healthy
1134,102.438872,2.947588,Unhealthy
1135,102.439652,2.948154,Healthy
1136,102.432032,2.949004,Healthy
1137,102.434676,2.947321,Healthy
1138,102.436727,2.946806,Healthy
1139,102.439617,2.94781,Healthy
1140,102.435141,2.948146,Healthy
1141,102.439184,2.948144,Healthy
1142,102.434867,2.947668,Healthy
1143,102.439848,2.948225,Healthy
1144,102.436305,2.946182,Unhealthy
1145,102.438952,2.94745,Healthy
1146,102.437902,2.946552,Unhealthy
1147,102.434947,2.94794,Healthy
1148,102.435017,2.94794,Healthy
1149,102.437786,2.94662,Healthy
1150,102.439461,2.947672,Healthy
1151,102.439374,2.948211,Healthy
1152,102.439539,2.947813,Healthy
1153,102.43191,2.949075,Healthy
1154,102.435221,2.948143,Healthy
1155,102.437825,2.946552,Healthy
1156,102.439382,2.947529,Healthy
1157,102.439863,2.948086,Healthy
1158,102.43911,2.947189,Healthy
1159,102.438831,2.947384,Healthy
1160,102.438131,2.946961,Healthy
1161,102.437748,2.94641,Healthy
1162,102.439304,2.947392,Healthy
1163,102.431993,2.949077,Healthy
1164,102.431836,2.948524,Healthy
1165,102.434718,2.947254,Healthy
1166,102.439138,2.947254,Healthy
1167,102.438909,2.947518,Healthy
1168,102.43817,2.947027,Healthy
1169,102.43938,2.948078,Healthy
1170,102.439286,2.948076,Healthy
1171,102.43483,2.947738,Healthy
1172,102.437864,2.946619,Healthy
1173,102.438053,2.947099,Healthy
1174,102.439579,2.947601,Healthy
1175,102.434553,2.947393,Healthy
1176,102.432185,2.94914,Healthy
1177,102.438211,2.946962,Healthy
1178,102.436339,2.946384,Healthy
1179,102.438837,2.947245,Healthy
1180,102.437552,2.946202,Unhealthy
1181,102.436496,2.946391,Unhealthy
1182,102.439103,2.947868,Healthy
1183,102.437937,2.946887,Healthy
1184,102.439732,2.948017,Healthy
1185,102.439344,2.947602,Healthy
1186,102.439542,2.947531,Healthy
1187,102.435104,2.94808,Healthy
1188,102.436263,2.946116,Healthy
1189,102.436844,2.947009,Healthy
1190,102.432072,2.948926,Healthy
1191,102.437475,2.94606,Healthy
1192,102.434791,2.947385,Healthy
1193,102.437937,2.946478,Healthy
1194,102.439891,2.948154,Healthy
1195,102.439538,2.947945,Healthy
1196,102.431958,2.94873,Healthy
1197,102.437788,2.946478,Healthy
1198,102.439462,2.947533,Healthy
1199,102.438792,2.947451,Healthy
1200,102.438987,2.947655,Healthy
1201,102.438992,2.947385,Healthy
1202,102.439066,2.947676,Healthy
1203,102.43487,2.94753,Healthy
1204,102.437672,2.946132,Healthy
1205,102.439263,2.947865,Healthy
1206,102.438096,2.946765,Healthy
1207,102.438944,2.947731,Healthy
1208,102.439258,2.948139,Unhealthy
1209,102.431715,2.948453,Healthy
1210,102.436676,2.946731,Healthy
1211,102.439385,2.947397,Healthy
1212,102.432146,2.949076,Healthy
1213,102.439808,2.948011,Healthy
1214,102.439334,2.948147,Healthy
1215,102.436461,2.946321,Unhealthy
1216,102.439266,2.948006,Healthy
1217,102.4379,2.946413,Healthy
1218,102.431989,2.949212,Healthy
1219,102.436674,2.94701,Healthy
1220,102.437671,2.946269,Healthy
1221,102.439461,2.947395,Healthy
1222,102.436421,2.946252,Healthy
1223,102.439419,2.947463,Healthy
1224,102.432151,2.949208,Healthy
1225,102.434823,2.947872,Unhealthy
1226,102.439689,2.947944,Healthy
1227,102.438874,2.947447,Healthy
1228,102.436379,2.946457,Healthy
1229,102.436608,2.947008,Healthy
1230,102.439179,2.947318,Healthy
1231,102.436496,2.946522,Unhealthy
1232,102.439309,2.947943,Healthy
1233,102.437826,2.946272,Healthy
1234,102.438794,2.947314,Healthy
1235,102.438908,2.947658,Healthy
1236,102.439697,2.948079,Healthy
1237,102.437754,2.946134,Healthy
1238,102.438021,2.946616,Healthy
1239,102.438758,2.947243,Healthy
1240,102.434989,2.94801,Healthy
1241,102.436455,2.94646,Healthy
1242,102.438755,2.947382,Healthy
1243,102.438913,2.947383,Healthy
1244,102.436146,2.946182,Healthy
1245,102.439577,2.94774,Healthy
1246,102.438878,2.947179,Healthy
1247,102.438957,2.947314,Healthy
1248,102.43872,2.947175,Healthy
1249,102.438708,2.947308,Healthy
1250,102.439103,2.948002,Healthy
1251,102.439614,2.948083,Healthy
1252,102.434789,2.947807,Healthy
1253,102.439731,2.947877,Healthy
1254,102.4395,2.947879,Healthy
1255,102.437708,2.946069,Healthy
1256,102.436722,2.947072,Healthy
1257,102.439339,2.948009,Healthy
1258,102.439776,2.948084,Healthy
1259,102.438878,2.947318,Healthy
1260,102.439182,2.947872,Healthy
1261,102.439502,2.947463,Healthy
1262,102.43495,2.947806,Healthy
1263,102.435064,2.94801,Healthy
1264,102.43965,2.948011,Healthy
1265,102.439065,2.947795,Healthy
1266,102.435184,2.948079,Healthy
1267,102.438984,2.947796,Healthy
1268,102.43634,2.946252,Healthy
1269,102.43611,2.946112,Healthy
1270,102.437592,2.946271,Healthy
1271,102.439139,2.947802,Healthy
1272,102.439343,2.947327,Healthy
1273,102.436224,2.946318,Healthy
1274,102.437939,2.946752,Healthy
1275,102.439345,2.94719,Healthy
1276,102.439617,2.947944,Healthy
1277,102.436535,2.946454,Healthy
1278,102.439027,2.947865,Healthy
1279,102.436345,2.946119,Healthy
1280,102.439135,2.947938,Healthy
1281,102.438017,2.946896,Healthy
1282,102.43688,2.94708,Healthy
1283,102.439307,2.94726,Healthy
1284,102.439729,2.948151,Healthy
1285,102.43786,2.946746,Healthy
1286,102.437709,2.946469,Healthy
1287,102.439769,2.947945,Healthy
1288,102.439449,2.94822,Healthy
1289,102.436419,2.946382,Healthy
1290,102.436652,2.947074,Healthy
1291,102.436768,2.947009,Healthy
1292,102.436804,2.946945,Healthy
1293,102.437663,2.946407,Healthy
1294,102.437626,2.946338,Healthy
1295,102.437747,2.946544,Healthy
1296,102.438018,2.946758,Healthy
1297,102.438055,2.946693,Healthy
1298,102.437891,2.946811,Healthy
1299,102.437821,2.946685,Unhealthy
1300,102.437899,2.946685,Healthy
1301,102.437984,2.946685,Healthy
1302,102.43794,2.946619,Healthy
1303,102.437976,2.946538,Healthy
1304,102.437782,2.946206,Healthy
1305,102.438254,2.947038,Healthy
1306,102.438293,2.947099,Healthy
1307,102.439418,2.947323,Healthy
1308,102.439385,2.947261,Healthy
1309,102.439589,2.947881,Healthy
1310,102.439421,2.948151,Healthy
1311,102.438673,2.947243,Healthy
1312,102.436742,2.945576,Healthy
1313,102.436696931,2.945644152,Healthy
1314,102.438446,2.946008,Healthy
1315,102.43666,2.945435,Healthy
1316,102.436776,2.945503,Healthy
1317,102.43689,2.945715,Healthy
1318,102.436389,2.945096,Healthy
1319,102.436977,2.945713,Healthy
1320,102.43685,2.94564,Unhealthy
1321,102.436623,2.945365,Healthy
1322,102.437012,2.945916,Healthy
1323,102.438116,2.945253,Unhealthy
1324,102.439875,2.949118,Unhealthy
1325,102.43693,2.945782,Healthy
1326,102.436588,2.945298,Healthy
1327,102.436816,2.945707,Healthy
1328,102.43639,2.944956,Healthy
1329,102.43651,2.945029,Healthy
1330,102.436661,2.945563,Healthy
1331,102.439914,2.949315,Healthy
1332,102.438072,2.945326,Unhealthy
1333,102.436578,2.945434,Healthy
1334,102.437564,2.945107,Healthy
1335,102.436736,2.945708,Healthy
1336,102.436743,2.945299,Healthy
1337,102.436509,2.945157,Healthy
1338,102.434007,2.947119,Healthy
1339,102.434283,2.947315,Healthy
1340,102.436549,2.945093,Healthy
1341,102.436815,2.945576,Healthy
1342,102.436737,2.945433,Healthy
1343,102.439999,2.949327,Healthy
1344,102.436586,2.945163,Healthy
1345,102.438153,2.945322,Unhealthy
1346,102.43682,2.945432,Healthy
1347,102.437011,2.945778,Unhealthy
1348,102.436934,2.945646,Healthy
1349,102.43799,2.946004,Healthy
1350,102.436428,2.945026,Healthy
1351,102.436468,2.944957,Healthy
1352,102.436311,2.944956,Healthy
1353,102.437405,2.945109,Healthy
1354,102.434128,2.947182,Healthy
1355,102.439766,2.948773,Healthy
1356,102.436887,2.945978,Healthy
1357,102.438228,2.945472,Healthy
1358,102.43432,2.947523,Healthy
1359,102.436627,2.945088,Healthy
1360,102.439446,2.948625,Healthy
1361,102.439875,2.949252,Healthy
1362,102.434281,2.947452,Healthy
1363,102.436352,2.945026,Healthy
1364,102.438424,2.945808,Healthy
1365,102.43764,2.945247,Healthy
1366,102.43988,2.948974,Healthy
1367,102.439798,2.949246,Healthy
1368,102.439915,2.949181,Healthy
1369,102.437873,2.944978,Healthy
1370,102.434198,2.947186,Unhealthy
1371,102.436622,2.94523,Healthy
1372,102.437996,2.945052,Healthy
1373,102.436974,2.945851,Healthy
1374,102.439252,2.948282,Healthy
1375,102.437717,2.944977,Unhealthy
1376,102.434323,2.94739,Healthy
1377,102.440038,2.949257,Healthy
1378,102.439952,2.949112,Healthy
1379,102.436971,2.945978,Healthy
1380,102.437993,2.945324,Unhealthy
1381,102.439378,2.948351,Healthy
1382,102.437485,2.944972,Unhealthy
1383,102.436855,2.945916,Unhealthy
1384,102.438065,2.945597,Healthy
1385,102.439841,2.949048,Healthy
1386,102.436705,2.945233,Healthy
1387,102.43705,2.945851,Healthy
1388,102.436589,2.94502,Healthy
1389,102.436549,2.944955,Healthy
1390,102.434083,2.947116,Healthy
1391,102.439681,2.948901,Healthy
1392,102.438497,2.945942,Healthy
1393,102.438345,2.945673,Healthy
1394,102.437836,2.945185,Healthy
1395,102.436899,2.945578,Healthy
1396,102.437989,2.945864,Healthy
1397,102.438026,2.945932,Healthy
1398,102.436899,2.945849,Healthy
1399,102.437911,2.94573,Healthy
1400,102.437755,2.945862,Unhealthy
1401,102.434355,2.94787,Unhealthy
1402,102.436815,2.945842,Healthy
1403,102.439954,2.949255,Healthy
1404,102.43424,2.947527,Healthy
1405,102.439762,2.948904,Healthy
1406,102.434546,2.947938,Healthy
1407,102.434441,2.947589,Healthy
1408,102.439719,2.949107,Healthy
1409,102.434005,2.947249,Healthy
1410,102.434082,2.947251,Healthy
1411,102.439331,2.948419,Healthy
1412,102.439841,2.948906,Healthy
1413,102.437874,2.945251,Healthy
1414,102.434635,2.947937,Healthy
1415,102.434515,2.947868,Healthy
1416,102.434239,2.947664,Healthy
1417,102.436468,2.945092,Healthy
1418,102.440073,2.949321,Healthy
1419,102.439918,2.949047,Healthy
1420,102.439835,2.949183,Healthy
1421,102.437951,2.945933,Healthy
1422,102.437047,2.945988,Healthy
1423,102.439412,2.948556,Healthy
1424,102.438303,2.945602,Healthy
1425,102.438112,2.945525,Unhealthy
1426,102.437602,2.945176,Healthy
1427,102.436547,2.945227,Healthy
1428,102.437561,2.945249,Healthy
1429,102.437674,2.945729,Healthy
1430,102.437598,2.94545,Healthy
1431,102.43976,2.949042,Healthy
1432,102.439691,2.948632,Healthy
1433,102.437718,2.945521,Healthy
1434,102.437952,2.945256,Healthy
1435,102.439801,2.948978,Healthy
1436,102.437992,2.945186,Healthy
1437,102.434357,2.947593,Healthy
1438,102.439686,2.948767,Healthy
1439,102.438304,2.945875,Healthy
1440,102.43458,2.948141,Healthy
1441,102.437956,2.945118,Healthy
1442,102.437838,2.945043,Healthy
1443,102.43783,2.94573,Healthy
1444,102.434508,2.948138,Healthy
1445,102.437912,2.946002,Healthy
1446,102.438264,2.94567,Unhealthy
1447,102.439614,2.948496,Healthy
1448,102.437793,2.945663,Healthy
1449,102.434508,2.948004,Healthy
1450,102.43737,2.945039,Healthy
1451,102.434278,2.947594,Healthy
1452,102.437714,2.945387,Healthy
1453,102.437834,2.945863,Unhealthy
1454,102.434748,2.948139,Healthy
1455,102.437912,2.945326,Healthy
1456,102.439729,2.948701,Healthy
1457,102.439646,2.948832,Healthy
1458,102.438226,2.945598,Healthy
1459,102.439563,2.948835,Healthy
1460,102.439998,2.949188,Healthy
1461,102.439807,2.948836,Healthy
1462,102.437525,2.94531,Healthy
1463,102.438024,2.945259,Healthy
1464,102.434044,2.947319,Healthy
1465,102.43949,2.948697,Healthy
1466,102.437368,2.945171,Healthy
1467,102.439526,2.94863,Healthy
1468,102.439494,2.948423,Healthy
1469,102.434396,2.947663,Healthy
1470,102.437955,2.944981,Healthy
1471,102.438108,2.945394,Healthy
1472,102.439606,2.948764,Healthy
1473,102.439488,2.948559,Healthy
1474,102.434316,2.947796,Healthy
1475,102.434165,2.947113,Healthy
1476,102.439679,2.949042,Healthy
1477,102.439834,2.949315,Healthy
1478,102.439452,2.948346,Healthy
1479,102.437797,2.945115,Healthy
1480,102.43795,2.945795,Healthy
1481,102.434517,2.947732,Healthy
1482,102.434359,2.947455,Healthy
1483,102.434671,2.948007,Healthy
1484,102.437874,2.945935,Healthy
1485,102.434474,2.94766,Healthy
1486,102.438036,2.945119,Healthy
1487,102.434431,2.947729,Healthy
1488,102.437094,2.945921,Unhealthy
1489,102.436657,2.94516,Healthy
1490,102.438144,2.945597,Healthy
1491,102.4396,2.948905,Healthy
1492,102.439531,2.948491,Healthy
1493,102.434318,2.947663,Healthy
1494,102.437639,2.945657,Healthy
1495,102.434279,2.947733,Healthy
1496,102.434547,2.948073,Healthy
1497,102.434553,2.947801,Healthy
1498,102.437907,2.945864,Healthy
1499,102.439648,2.948699,Healthy
1500,102.437714,2.945789,Healthy
1501,102.434471,2.948071,Healthy
1502,102.434715,2.948076,Healthy
1503,102.437446,2.945037,Healthy
1504,102.434167,2.947527,Healthy
1505,102.437796,2.945519,Healthy
1506,102.437534,2.945037,Healthy
1507,102.43795,2.945389,Healthy
1508,102.437483,2.94511,Healthy
1509,102.437288,2.945037,Healthy
1510,102.437526,2.945175,Healthy
1511,102.437601,2.945319,Healthy
1512,102.437875,2.945112,Healthy
1513,102.437638,2.945386,Healthy
1514,102.434123,2.947456,Healthy
1515,102.439609,2.94863,Healthy
1516,102.437557,2.945518,Unhealthy
1517,102.437562,2.945378,Healthy
1518,102.437684,2.945589,Healthy
1519,102.434631,2.948074,Healthy
1520,102.439799,2.94911,Healthy
1521,102.433966,2.947179,Healthy
1522,102.437987,2.945452,Healthy
1523,102.434193,2.947596,Healthy
1524,102.437678,2.945317,Healthy
1525,102.436781,2.945365,Healthy
1526,102.438067,2.946005,Healthy
1527,102.438381,2.945876,Unhealthy
1528,102.434401,2.947521,Healthy
1529,102.434593,2.948007,Healthy
1530,102.43964,2.948967,Healthy
1531,102.439534,2.948356,Healthy
1532,102.438183,2.945661,Healthy
1533,102.437916,2.945187,Unhealthy
1534,102.434124,2.94732,Healthy
1535,102.439576,2.94842,Healthy
1536,102.437786,2.945931,Healthy
1537,102.438228,2.945872,Healthy
1538,102.43945,2.948488,Healthy
1539,102.43752,2.945453,Healthy
1540,102.434434,2.947869,Healthy
1541,102.438532,2.946013,Healthy
1542,102.434672,2.94814,Healthy
1543,102.434196,2.947318,Healthy
1544,102.438144,2.945731,Healthy
1545,102.43745,2.945179,Healthy
1546,102.43776,2.945045,Healthy
1547,102.439571,2.948559,Healthy
1548,102.43928,2.948347,Healthy
1549,102.43443,2.948005,Healthy
1550,102.434196,2.947457,Healthy
1551,102.438234,2.945737,Healthy
1552,102.434594,2.947871,Healthy
1553,102.437916,2.945044,Healthy
1554,102.439416,2.948418,Healthy
1555,102.437799,2.944974,Healthy
1556,102.438145,2.945466,Healthy
1557,102.437249,2.944967,Healthy
1558,102.437599,2.945583,Healthy
1559,102.437674,2.945455,Healthy
1560,102.43416,2.947249,Healthy
1561,102.437801,2.945795,Healthy
1562,102.439719,2.948972,Healthy
1563,102.437409,2.945247,Healthy
1564,102.437334,2.944972,Healthy
1565,102.434086,2.94739,Healthy
1566,102.439372,2.948486,Healthy
1567,102.438299,2.946001,Healthy
1568,102.437641,2.945521,Healthy
1569,102.437719,2.945661,Healthy
1570,102.439524,2.948766,Healthy
1571,102.437446,2.945318,Healthy
1572,102.438181,2.945804,Healthy
1573,102.438107,2.945667,Healthy
1574,102.437869,2.945663,Healthy
1575,102.437834,2.945592,Healthy
1576,102.437756,2.945596,Healthy
1577,102.437755,2.945455,Healthy
1578,102.437128,2.945992,Healthy
1579,102.436464,2.94523,Healthy
1580,102.434392,2.947802,Healthy
1581,102.43447,2.947802,Healthy
1582,102.434395,2.947934,Healthy
1583,102.434165,2.947389,Healthy
1584,102.439343,2.948284,Healthy
1585,102.439082,2.946295,Healthy
1586,102.439047,2.946227,Healthy
1587,102.437117,2.946809,Healthy
1588,102.436753,2.947691,Healthy
1589,102.43704,2.94653,Healthy
1590,102.43309,2.949216,Healthy
1591,102.432893,2.94889,Healthy
1592,102.43912,2.946225,Healthy
1593,102.439275,2.946502,Healthy
1594,102.439007,2.946157,Healthy
1595,102.439043,2.94609,Healthy
1596,102.438887,2.946089,Healthy
1597,102.438966,2.946089,Healthy
1598,102.433694,2.946983,Healthy
1599,102.439467,2.946848,Healthy
1600,102.437003,2.946741,Healthy
1601,102.436842,2.946463,Healthy
1602,102.433184,2.946076,Healthy
1603,102.433538,2.946565,Healthy
1604,102.439506,2.946938,Healthy
1605,102.433148,2.946,Healthy
1606,102.43645,2.947283,Healthy
1607,102.436716,2.947483,Healthy
1608,102.433775,2.946979,Healthy
1609,102.435836,2.949115,Healthy
1610,102.439267,2.946635,Unhealthy
1611,102.437114,2.94708,Healthy
1612,102.437276,2.94695,Healthy
1613,102.437008,2.946596,Healthy
1614,102.436368,2.947277,Healthy
1615,102.439081,2.946158,Healthy
1616,102.437196,2.94681,Healthy
1617,102.432508,2.948328,Healthy
1618,102.432898,2.948744,Healthy
1619,102.433535,2.946976,Healthy
1620,102.439428,2.946916,Healthy
1621,102.436564,2.947347,Healthy
1622,102.436443,2.947141,Unhealthy
1623,102.439393,2.946707,Healthy
1624,102.432674,2.948328,Healthy
1625,102.437278,2.947079,Healthy
1626,102.439125309,2.946093537,Healthy
1627,102.438968,2.946226,Healthy
1628,102.432743,2.948478,Healthy
1629,102.436923,2.946598,Healthy
1630,102.439274,2.94678,Healthy
1631,102.435572,2.948357,Healthy
1632,102.43912,2.946364,Healthy
1633,102.436527,2.947143,Healthy
1634,102.43683,2.947691,Healthy
1635,102.437196,2.946951,Healthy
1636,102.436665,2.947555,Unhealthy
1637,102.433575,2.946909,Healthy
1638,102.436788,2.948034,Healthy
1639,102.435838,2.948975,Healthy
1640,102.439353,2.946917,Healthy
1641,102.433374,2.946287,Healthy
1642,102.433503,2.946492,Healthy
1643,102.437191,2.94708,Healthy
1644,102.436408,2.947354,Healthy
1645,102.432389,2.948263,Healthy
1646,102.436791,2.947769,Healthy
1647,102.436999,2.946458,Healthy
1648,102.435613,2.9487,Healthy
1649,102.435415,2.948356,Healthy
1650,102.432587,2.948329,Healthy
1651,102.439162845,2.946159805,Healthy
1652,102.439046,2.946363,Healthy
1653,102.433495,2.946907,Healthy
1654,102.433613,2.946712,Healthy
1655,102.433345,2.946357,Healthy
1656,102.436003,2.948978,Healthy
1657,102.436854,2.946185,Healthy
1658,102.436489,2.947214,Healthy
1659,102.437113,2.946668,Healthy
1660,102.436761,2.947558,Unhealthy
1661,102.435456,2.948424,Healthy
1662,102.439465,2.946989,Healthy
1663,102.436776,2.946187,Unhealthy
1664,102.432431,2.948327,Healthy
1665,102.436834,2.947962,Unhealthy
1666,102.432968,2.948872,Healthy
1667,102.438929,2.946158,Healthy
1668,102.433577,2.947042,Healthy
1669,102.437082,2.946738,Healthy
1670,102.439201,2.946237,Healthy
1671,102.436403,2.947208,Healthy
1672,102.435525,2.948557,Healthy
1673,102.439238,2.946433,Healthy
1674,102.435568,2.948634,Healthy
1675,102.433616,2.946981,Healthy
1676,102.437079,2.946877,Healthy
1677,102.436844,2.946594,Healthy
1678,102.43702,2.948174,Healthy
1679,102.433736,2.946903,Healthy
1680,102.433463,2.946422,Healthy
1681,102.439238,2.946712,Healthy
1682,102.433536,2.946701,Healthy
1683,102.436999,2.946873,Healthy
1684,102.433578,2.946629,Healthy
1685,102.433051,2.949019,Healthy
1686,102.437079,2.947014,Healthy
1687,102.43677,2.946328,Unhealthy
1688,102.436637,2.947485,Healthy
1689,102.436851,2.946324,Healthy
1690,102.439585,2.94692,Healthy
1691,102.437156,2.947013,Healthy
1692,102.437155,2.946734,Healthy
1693,102.432809,2.948733,Healthy
1694,102.43309,2.949097,Healthy
1695,102.435381,2.948291,Healthy
1696,102.437043,2.946946,Healthy
1697,102.43577,2.948839,Unhealthy
1698,102.436883,2.946668,Healthy
1699,102.436927,2.946737,Healthy
1700,102.433066,2.946016,Healthy
1701,102.433454,2.946687,Healthy
1702,102.436817,2.946123,Healthy
1703,102.439625,2.946992,Healthy
1704,102.436735,2.946258,Healthy
1705,102.43668,2.94605,Healthy
1706,102.436636,2.947763,Healthy
1707,102.435614,2.948557,Healthy
1708,102.436912,2.947967,Healthy
1709,102.4371,2.948173,Healthy
1710,102.439429,2.946777,Healthy
1711,102.436739,2.946122,Healthy
1712,102.435804,2.949045,Healthy
1713,102.439353,2.946778,Healthy
1714,102.435767,2.948975,Healthy
1715,102.433144,2.946287,Healthy
1716,102.432585,2.948604,Healthy
1717,102.436963,2.94639,Healthy
1718,102.432626,2.94826,Healthy
1719,102.436988,2.947966,Unhealthy
1720,102.43608,2.949113,Healthy
1721,102.43243,2.94819,Healthy
1722,102.436751,2.947964,Unhealthy
1723,102.433268,2.946359,Healthy
1724,102.436689936,2.946187301,Healthy
1725,102.435888,2.948909,Healthy
1726,102.436489,2.947353,Healthy
1727,102.436666,2.947822,Healthy
1728,102.436927,2.946325,Healthy
1729,102.433454,2.94684,Healthy
1730,102.432588,2.94819,Healthy
1731,102.436527,2.94742,Healthy
1732,102.43342,2.946356,Healthy
1733,102.433653,2.946905,Healthy
1734,102.435807,2.948906,Healthy
1735,102.436873,2.94777,Healthy
1736,102.433235,2.946144,Healthy
1737,102.43901,2.946297,Healthy
1738,102.435841,2.948702,Healthy
1739,102.433225,2.946008,Healthy
1740,102.433031,2.946096,Unhealthy
1741,102.436754,2.947826,Healthy
1742,102.436813,2.946257,Healthy
1743,102.436775,2.94605,Healthy
1744,102.43954,2.947129,Healthy
1745,102.433375,2.946564,Healthy
1746,102.436121,2.949185,Healthy
1747,102.436892,2.946394,Unhealthy
1748,102.433263,2.946497,Healthy
1749,102.435924,2.949254,Healthy
1750,102.43681,2.946392,Unhealthy
1751,102.436,2.949254,Healthy
1752,102.435534,2.948426,Healthy
1753,102.436442,2.947418,Healthy
1754,102.436671,2.947417,Healthy
1755,102.432969,2.949147,Healthy
1756,102.432626,2.948403,Healthy
1757,102.435648,2.948495,Healthy
1758,102.435961,2.949186,Healthy
1759,102.4366,2.947416,Healthy
1760,102.436713,2.947892,Healthy
1761,102.437232,2.947012,Healthy
1762,102.435648,2.948633,Healthy
1763,102.439083,2.946435,Healthy
1764,102.432814,2.949015,Healthy
1765,102.435924,2.949114,Healthy
1766,102.435727,2.948908,Healthy
1767,102.436293,2.947143,Healthy
1768,102.433372,2.946698,Healthy
1769,102.439503,2.947059,Healthy
1770,102.436876,2.948037,Healthy
1771,102.43381,2.947046,Unhealthy
1772,102.43286,2.948806,Healthy
1773,102.432466,2.948397,Healthy
1774,102.439582,2.947058,Healthy
1775,102.433344,2.946214,Healthy
1776,102.436562,2.947619,Healthy
1777,102.436639,2.947347,Healthy
1778,102.439392,2.946846,Healthy
1779,102.436535,2.946046,Healthy
1780,102.43584,2.94884,Healthy
1781,102.435922,2.94884,Healthy
1782,102.436156,2.949255,Healthy
1783,102.433303,2.946428,Healthy
1784,102.43716,2.946875,Healthy
1785,102.436965,2.946666,Healthy
1786,102.439196,2.946364,Healthy
1787,102.433304,2.946287,Healthy
1788,102.433187,2.946217,Healthy
1789,102.435688,2.948558,Healthy
1790,102.439239,2.946302,Healthy
1791,102.436566,2.947219,Healthy
1792,102.432544,2.948398,Healthy
1793,102.439662,2.947064,Healthy
1794,102.433224,2.946428,Healthy
1795,102.43604,2.949049,Healthy
1796,102.436924,2.946458,Healthy
1797,102.439546,2.946986,Healthy
1798,102.435733,2.948496,Healthy
1799,102.4392,2.946506,Healthy
1800,102.437115,2.946951,Healthy
1801,102.432466,2.948256,Healthy
1802,102.436987,2.948108,Healthy
1803,102.433417,2.946767,Healthy
1804,102.436713,2.947766,Healthy
1805,102.435653,2.948765,Healthy
1806,102.436001,2.949116,Healthy
1807,102.435688,2.948839,Healthy
1808,102.432776,2.948945,Healthy
1809,102.433375,2.946426,Healthy
1810,102.433347,2.946492,Healthy
1811,102.437067,2.948103,Healthy
1812,102.435338,2.948218,Healthy
1813,102.436948,2.94818,Healthy
1814,102.433011,2.949084,Healthy
1815,102.439144,2.946294,Healthy
1816,102.436667,2.947688,Healthy
1817,102.432707,2.948802,Healthy
1818,102.435733,2.948632,Healthy
1819,102.436658,2.946121,Healthy
1820,102.439622,2.947128,Healthy
1821,102.436581,2.946119,Healthy
1822,102.435804,2.948769,Healthy
1823,102.433734,2.94705,Healthy
1824,102.439312,2.94671,Healthy
1825,102.43285,2.948664,Healthy
1826,102.436562,2.94749,Healthy
1827,102.432736,2.948877,Healthy
1828,102.435577,2.948222,Healthy
1829,102.435882,2.949185,Healthy
1830,102.435419,2.948219,Healthy
1831,102.432349,2.94819,Healthy
1832,102.43943,2.947061,Healthy
1833,102.436914,2.947834,Healthy
1834,102.435885,2.949045,Healthy
1835,102.439156897,2.94643387,Healthy
1836,102.436832,2.948105,Healthy
1837,102.439277,2.946365,Healthy
1838,102.433149,2.946148,Healthy
1839,102.432512,2.948188,Healthy
1840,102.435727,2.948767,Healthy
1841,102.435768,2.948708,Healthy
1842,102.433184,2.946361,Healthy
1843,102.433456,2.946568,Healthy
1844,102.436886,2.946528,Healthy
1845,102.435696,2.94842,Healthy
1846,102.432889,2.949003,Healthy
1847,102.439161365,2.946573779,Healthy
1848,102.435576,2.948493,Healthy
1849,102.435963,2.948911,Healthy
1850,102.432707,2.948393,Healthy
1851,102.436617,2.946185,Healthy
1852,102.433268,2.946216,Healthy
1853,102.435924,2.948974,Healthy
1854,102.433623,2.946828,Healthy
1855,102.43691,2.948104,Healthy
1856,102.435692,2.948701,Healthy
1857,102.435887,2.948767,Healthy
1858,102.436078,2.949253,Healthy
1859,102.43259,2.948472,Healthy
1860,102.436692449,2.94631689,Healthy
1861,102.432545,2.948259,Healthy
1862,102.439508,2.946782,Healthy
1863,102.439357,2.946507,Healthy
1864,102.435615,2.948423,Healthy
1865,102.436954,2.947901,Healthy
1866,102.435499,2.948353,Healthy
1867,102.435651,2.948356,Healthy
1868,102.439392,2.946574,Healthy
1869,102.432663,2.948729,Healthy
1870,102.436871,2.948176,Healthy
1871,102.436889,2.946261,Healthy
1872,102.436828,2.947828,Healthy
1873,102.435616,2.948289,Healthy
1874,102.439545,2.946848,Healthy
1875,102.439697,2.947131,Healthy
1876,102.436039,2.949185,Healthy
1877,102.439393,2.946986,Healthy
1878,102.436795,2.94789,Healthy
1879,102.433297,2.946563,Healthy
1880,102.439433,2.946644,Healthy
1881,102.436528,2.947283,Healthy
1882,102.432967,2.949009,Healthy
1883,102.439308871,2.946435838,Healthy
1884,102.433505,2.946766,Healthy
1885,102.436946,2.948036,Healthy
1886,102.436523,2.947554,Healthy
1887,102.432818,2.948878,Healthy
1888,102.433537,2.946833,Healthy
1889,102.432893,2.949145,Healthy
1890,102.435461,2.948286,Healthy
1891,102.43735,2.94708,Unhealthy
1892,102.435538,2.94829,Healthy
1893,102.435494,2.948491,Healthy
1894,102.432506,2.948461,Healthy
1895,102.436599,2.947555,Healthy
1896,102.435766,2.948559,Healthy
1897,102.436596,2.947686,Healthy
1898,102.433341,2.946635,Unhealthy
1899,102.433224,2.94629,Healthy
1900,102.439309,2.946847,Healthy
1901,102.439357,2.946642,Healthy
1902,102.439312,2.946579,Healthy
1903,102.439124,2.946506,Healthy
1904,102.436645,2.947623,Healthy
1905,102.432858863,2.949089699,Healthy
1906,102.433007,2.94922,Healthy
1907,102.432921,2.949217,Healthy
1908,102.433011,2.948948,Healthy
1909,102.435493,2.948215,Healthy
1910,102.435901,2.946455,Unhealthy
1911,102.431948,2.948181,Healthy
1912,102.4402,2.948703,Healthy
1913,102.43541,2.94501,Healthy
1914,102.440194,2.949118,Unhealthy
1915,102.440197,2.948982,Healthy
1916,102.436293,2.946865,Healthy
1917,102.432344,2.948874,Healthy
1918,102.440107,2.948986,Healthy
1919,102.436096,2.946937,Healthy
1920,102.440389,2.949191,Healthy
1921,102.435868,2.945693,Healthy
1922,102.438222,2.946277,Healthy
1923,102.44016,2.948776,Healthy
1924,102.440234,2.949189,Healthy
1925,102.440354,2.949268,Healthy
1926,102.432106,2.948596,Healthy
1927,102.432185,2.948595,Healthy
1928,102.432225,2.948666,Healthy
1929,102.439962,2.948706,Healthy
1930,102.432263,2.948736,Healthy
1931,102.436215,2.946868,Healthy
1932,102.432265,2.948598,Healthy
1933,102.432388,2.948939,Healthy
1934,102.440234,2.94905,Healthy
1935,102.440082,2.948777,Healthy
1936,102.440233,2.948916,Healthy
1937,102.435832,2.945766,Healthy
1938,102.432307,2.948666,Healthy
1939,102.438227,2.946147,Healthy
1940,102.436173,2.9468,Healthy
1941,102.432302,2.948802,Unhealthy
1942,102.438334,2.946352,Healthy
1943,102.435445,2.944939,Healthy
1944,102.440199,2.948845,Healthy
1945,102.432108,2.948463,Healthy
1946,102.440272,2.949256,Healthy
1947,102.440107,2.948848,Healthy
1948,102.43614,2.946732,Healthy
1949,102.435634,2.945423,Healthy
1950,102.435838,2.945351,Healthy
1951,102.436293,2.946997,Unhealthy
1952,102.435365,2.944935,Healthy
1953,102.438298,2.94628,Healthy
1954,102.435679,2.945352,Healthy
1955,102.438066,2.946277,Healthy
1956,102.435701,2.946242,Healthy
1957,102.436032,2.945698,Healthy
1958,102.43203,2.94832,Healthy
1959,102.435983,2.946457,Healthy
1960,102.440431,2.94912,Healthy
1961,102.436254,2.946797,Healthy
1962,102.43211,2.948321,Healthy
1963,102.432425,2.948872,Healthy
1964,102.438254,2.946487,Healthy
1965,102.432432,2.947916,Healthy
1966,102.435792,2.946111,Healthy
1967,102.438062,2.946141,Healthy
1968,102.432379,2.9488,Healthy
1969,102.435715,2.946118,Healthy
1970,102.432271,2.947509,Healthy
1971,102.436134,2.947005,Unhealthy
1972,102.432423,2.94901,Healthy
1973,102.437989,2.946135,Healthy
1974,102.440276,2.949126,Healthy
1975,102.431995,2.947438,Unhealthy
1976,102.43637,2.947003,Healthy
1977,102.438333544,2.946764666,Healthy
1978,102.432229,2.947708,Healthy
1979,102.437948,2.94607,Healthy
1980,102.432428,2.947777,Healthy
1981,102.440002,2.948778,Healthy
1982,102.432273,2.947635,Healthy
1983,102.43633,2.94694,Healthy
1984,102.440432,2.949256,Healthy
1985,102.432117,2.947648,Healthy
1986,102.440041,2.948709,Healthy
1987,102.440392,2.949047,Healthy
1988,102.432072,2.948395,Healthy
1989,102.440552,2.949334,Healthy
1990,102.440511,2.949261,Healthy
1991,102.440077,2.94891,Healthy
1992,102.432195,2.947642,Healthy
1993,102.432357,2.947645,Healthy
1994,102.431948,2.948324,Healthy
1995,102.432472,2.947986,Healthy
1996,102.440239,2.948775,Healthy
1997,102.432387,2.94867,Healthy
1998,102.43585,2.946388,Unhealthy
1999,102.435951,2.945836,Healthy
2000,102.438601,2.946972,Healthy
2001,102.435679,2.94549,Healthy
2002,102.432193,2.947778,Healthy
2003,102.440004,2.948642,Healthy
2004,102.43575,2.946318,Healthy
2005,102.432545,2.947988,Healthy
2006,102.436018,2.946526,Healthy
2007,102.43599,2.945624,Unhealthy
2008,102.432036,2.948182,Healthy
2009,102.440159,2.948913,Healthy
2010,102.438565,2.946904,Healthy
2011,102.432035,2.947369,Healthy
2012,102.438685,2.946975,Healthy
2013,102.439884,2.94843,Healthy
2014,102.435849,2.946515,Unhealthy
2015,102.431986,2.948254,Healthy
2016,102.435829,2.946038,Healthy
2017,102.432351,2.948049,Healthy
2018,102.43837,2.946829,Healthy
2019,102.438183,2.946211,Healthy
2020,102.432158,2.947298,Healthy
2021,102.438141,2.946413,Healthy
2022,102.440106,2.948705,Unhealthy
2023,102.438218,2.946555,Healthy
2024,102.440273,2.948985,Healthy
2025,102.438021,2.946073,Healthy
2026,102.438178,2.946486,Healthy
2027,102.438022,2.946208,Healthy
2028,102.435868,2.945837,Healthy
2029,102.435941,2.94666,Unhealthy
2030,102.432515,2.947921,Healthy
2031,102.43602,2.946793,Healthy
2032,102.432077,2.947298,Healthy
2033,102.435868,2.945419,Healthy
2034,102.432073,2.947572,Unhealthy
2035,102.435985,2.946313,Healthy
2036,102.435829,2.946178,Healthy
2037,102.436406,2.947076,Healthy
2038,102.440314,2.948915,Healthy
2039,102.436211,2.947002,Healthy
2040,102.432469,2.94785,Healthy
2041,102.4325,2.949006,Healthy
2042,102.435871,2.945558,Healthy
2043,102.438455,2.946561,Healthy
2044,102.43997,2.948292,Healthy
2045,102.436027,2.945973,Healthy
2046,102.436023,2.946384,Healthy
2047,102.432388,2.948118,Healthy
2048,102.439969,2.948571,Healthy
2049,102.435748,2.946179,Healthy
2050,102.432318,2.947714,Healthy
2051,102.432196,2.947367,Healthy
2052,102.43254,2.949078,Healthy
2053,102.435524,2.945212,Healthy
2054,102.436097,2.946799,Unhealthy
2055,102.432502,2.949151,Healthy
2056,102.440471,2.949328,Healthy
2057,102.435593,2.946033,Healthy
2058,102.436136,2.946864,Healthy
2059,102.438254,2.946625,Healthy
2060,102.435793,2.946248,Healthy
2061,102.440314,2.949049,Healthy
2062,102.435804,2.945558,Healthy
2063,102.43599,2.945904,Healthy
2064,102.438319,2.946483,Healthy
2065,102.436109,2.94584,Healthy
2066,102.43845,2.946689,Healthy
2067,102.432236,2.947849,Healthy
2068,102.43876,2.947109,Healthy
2069,102.431839,2.947164,Healthy
2070,102.436248,2.947071,Healthy
2071,102.439922,2.948497,Healthy
2072,102.439806,2.948432,Healthy
2073,102.435671,2.946039,Healthy
2074,102.432157,2.947434,Unhealthy
2075,102.43219,2.948463,Healthy
2076,102.435907,2.946312,Unhealthy
2077,102.435604,2.945215,Healthy
2078,102.435681,2.945217,Healthy
2079,102.440279,2.948845,Healthy
2080,102.435831,2.946316,Unhealthy
2081,102.432589,2.948056,Healthy
2082,102.435716,2.945423,Healthy
2083,102.436064,2.94645,Healthy
2084,102.432197,2.947507,Healthy
2085,102.432656,2.949148,Healthy
2086,102.438316,2.946628,Healthy
2087,102.43856,2.947036,Healthy
2088,102.438097,2.94621,Healthy
2089,102.43988,2.948564,Healthy
2090,102.438531,2.947104,Healthy
2091,102.439808,2.948293,Healthy
2092,102.432464,2.948804,Healthy
2093,102.435754,2.94604,Healthy
2094,102.43246,2.949212,Healthy
2095,102.435782,2.946389,Healthy
2096,102.432153,2.948392,Healthy
2097,102.439922,2.948637,Healthy
2098,102.432501,2.948876,Healthy
2099,102.432072,2.948248,Healthy
2100,102.43254,2.948945,Healthy
2101,102.432318,2.947848,Healthy
2102,102.43227,2.948465,Healthy
2103,102.440044,2.948575,Healthy
2104,102.436069,2.945904,Healthy
2105,102.432511,2.948055,Healthy
2106,102.432387,2.949074,Unhealthy
2107,102.436185,2.945975,Healthy
2108,102.43262,2.949082,Healthy
2109,102.436336,2.947071,Healthy
2110,102.438412,2.946618,Healthy
2111,102.43814,2.946142,Healthy
2112,102.435841,2.945627,Healthy
2113,102.43826,2.94635,Healthy
2114,102.432042,2.947229,Healthy
2115,102.438103,2.946343,Healthy
2116,102.435854,2.946246,Healthy
2117,102.432346,2.948601,Healthy
2118,102.432192,2.948325,Healthy
2119,102.432156,2.947712,Healthy
2120,102.432424,2.948733,Healthy
2121,102.436108,2.945977,Healthy
2122,102.432274,2.947916,Healthy
2123,102.432431,2.948052,Healthy
2124,102.432344,2.948732,Healthy
2125,102.43204,2.947502,Healthy
2126,102.432113,2.947504,Healthy
2127,102.440114,2.948573,Healthy
2128,102.435987,2.945765,Healthy
2129,102.432162,2.94757,Healthy
2130,102.438637,2.94704,Healthy
2131,102.431799,2.947093,Healthy
2132,102.435908,2.945904,Healthy
2133,102.436147,2.945907,Healthy
2134,102.435943,2.946246,Healthy
2135,102.435562,2.945288,Healthy
2136,102.439918,2.948359,Healthy
2137,102.435524,2.945072,Healthy
2138,102.43606,2.946731,Healthy
2139,102.431961,2.947092,Healthy
2140,102.438412,2.946902,Healthy
2141,102.438104,2.946074,Healthy
2142,102.432302,2.948939,Healthy
2143,102.435638,2.945149,Healthy
2144,102.431877,2.947097,Healthy
2145,102.431998,2.947299,Healthy
2146,102.438141,2.946278,Healthy
2147,102.435721,2.945564,Healthy
2148,102.432075,2.947434,Healthy
2149,102.431959,2.947369,Healthy
2150,102.43188,2.947234,Healthy
2151,102.435914,2.945486,Healthy
2152,102.43239,2.947985,Healthy
2153,102.435797,2.945288,Healthy
2154,102.438179,2.946347,Healthy
2155,102.435565,2.945142,Healthy
2156,102.432578,2.949146,Healthy
2157,102.432273,2.94778,Healthy
2158,102.432001,2.947163,Healthy
2159,102.432234,2.948395,Healthy
2160,102.435482,2.94514,Healthy
2161,102.435641,2.945287,Healthy
2162,102.432354,2.947916,Healthy
2163,102.435794,2.945694,Healthy
2164,102.435907,2.946179,Healthy
2165,102.436028,2.945837,Healthy
2166,102.432549,2.948122,Healthy
2167,102.438215,2.946414,Healthy
2168,102.435718,2.94529,Healthy
2169,102.432626,2.948125,Healthy
2170,102.431919,2.947163,Healthy
2171,102.435719,2.945148,Unhealthy
2172,102.43254,2.949217,Healthy
2173,102.432119,2.947367,Healthy
2174,102.435758,2.945357,Healthy
2175,102.436021,2.946656,Healthy
2176,102.432586,2.949014,Healthy
2177,102.43973,2.948296,Healthy
2178,102.435951,2.945974,Healthy
2179,102.432113,2.948179,Healthy
2180,102.435982,2.946726,Healthy
2181,102.438568,2.946765,Healthy
2182,102.438525,2.946832,Healthy
2183,102.435909,2.945764,Healthy
2184,102.440087,2.948498,Healthy
2185,102.438488,2.94703,Healthy
2186,102.432149,2.948251,Healthy
2187,102.432228,2.948529,Healthy
2188,102.438373,2.946422,Healthy
2189,102.432077,2.947169,Healthy
2190,102.435761,2.945215,Healthy
2191,102.435915,2.94563,Healthy
2192,102.438408,2.946483,Healthy
2193,102.438368,2.946555,Healthy
2194,102.431957,2.947232,Healthy
2195,102.440044,2.948432,Healthy
2196,102.438292,2.946558,Healthy
2197,102.432618,2.949218,Healthy
2198,102.432462,2.94908,Healthy
2199,102.435682,2.945079,Unhealthy
2200,102.435948,2.94556,Healthy
2201,102.436099,2.946661,Healthy
2202,102.438409,2.946758,Healthy
2203,102.432147,2.948533,Healthy
2204,102.436072,2.945768,Healthy
2205,102.432694,2.949218,Unhealthy
2206,102.438186,2.946076,Unhealthy
2207,102.438484,2.946905,Healthy
2208,102.439966,2.948428,Healthy
2209,102.438371,2.946686,Healthy
2210,102.440006,2.948362,Healthy
2211,102.438608,2.946837,Healthy
2212,102.435599,2.944942,Healthy
2213,102.439893,2.948296,Healthy
2214,102.438644,2.946904,Healthy
2215,102.43595,2.945696,Healthy
2216,102.438444,2.946829,Healthy
2217,102.432468,2.948124,Healthy
2218,102.435758,2.945626,Healthy
2219,102.438682,2.947108,Healthy
2220,102.435606,2.945079,Healthy
2221,102.435648,2.945014,Unhealthy
2222,102.435605,2.945351,Healthy
2223,102.438515,2.946968,Healthy
2224,102.43872,2.947043,Unhealthy
2225,102.432311,2.947983,Healthy
2226,102.432115,2.947238,Healthy
2227,102.432043,2.947099,Healthy
2228,102.43192,2.947304,Healthy
2229,102.432304,2.948542,Healthy
2230,102.439849,2.948366,Healthy
2231,102.438487,2.946764,Healthy
2232,102.436385,2.949258,Healthy
2233,102.433095,2.948406,Healthy
2234,102.436043,2.948498,Healthy
2235,102.433554,2.949221,Healthy
2236,102.433482,2.949228,Healthy
2237,102.437491,2.947498,Healthy
2238,102.436977,2.945176,Healthy
2239,102.437425,2.947496,Healthy
2240,102.436469,2.949255,Healthy
2241,102.436431,2.949184,Healthy
2242,102.437577,2.94778,Healthy
2243,102.43731,2.947152,Healthy
2244,102.437493,2.947219,Healthy
2245,102.437359,2.945723,Healthy
2246,102.437271,2.94722,Healthy
2247,102.437458,2.947286,Healthy
2248,102.436197,2.948914,Healthy
2249,102.433363,2.949023,Healthy
2250,102.435968,2.948498,Healthy
2251,102.437205,2.945718,Healthy
2252,102.436625,2.949254,Healthy
2253,102.437488,2.947356,Healthy
2254,102.436941,2.94496,Healthy
2255,102.437352,2.947231,Healthy
2256,102.436782,2.94496,Healthy
2257,102.433364,2.948747,Healthy
2258,102.437465,2.947428,Healthy
2259,102.433478,2.94909,Healthy
2260,102.43635,2.949188,Healthy
2261,102.436899,2.945032,Healthy
2262,102.437925,2.94798,Unhealthy
2263,102.435053,2.948969,Healthy
2264,102.436433,2.949053,Healthy
2265,102.436003,2.948568,Healthy
2266,102.433404,2.949224,Healthy
2267,102.437618,2.947426,Healthy
2268,102.437617,2.947849,Healthy
2269,102.434553,2.948485,Healthy
2270,102.435969,2.94836,Healthy
2271,102.437425,2.947223,Healthy
2272,102.436043,2.948368,Healthy
2273,102.436505,2.949177,Healthy
2274,102.437655,2.947912,Healthy
2275,102.436081,2.948434,Healthy
2276,102.434431,2.94828,Healthy
2277,102.437964,2.948046,Healthy
2278,102.436395,2.949118,Healthy
2279,102.437439,2.945716,Healthy
2280,102.436466,2.948985,Healthy
2281,102.437462,2.947152,Healthy
2282,102.432823,2.948192,Healthy
2283,102.434899,2.948964,Healthy
2284,102.437232,2.94715,Healthy
2285,102.437056,2.945172,Healthy
2286,102.437343,2.947363,Healthy
2287,102.437655,2.947777,Healthy
2288,102.437488,2.947638,Healthy
2289,102.436437,2.948915,Healthy
2290,102.433447,2.949155,Healthy
2291,102.435209,2.949241,Healthy
2292,102.43302,2.948268,Healthy
2293,102.436471,2.949117,Healthy
2294,102.43758,2.947497,Healthy
2295,102.433057,2.94834,Healthy
2296,102.436863,2.945096,Healthy
2297,102.436355,2.948915,Healthy
2298,102.433138,2.948338,Healthy
2299,102.437736,2.947631,Healthy
2300,102.436548,2.949247,Healthy
2301,102.437365,2.945995,Healthy
2302,102.436904,2.945173,Healthy
2303,102.435135,2.94924,Healthy
2304,102.437014,2.9451,Healthy
2305,102.436315,2.948983,Healthy
2306,102.437283,2.945721,Healthy
2307,102.436585,2.949184,Healthy
2308,102.43286,2.948268,Healthy
2309,102.433521,2.949016,Healthy
2310,102.437584,2.947361,Healthy
2311,102.434668,2.948552,Healthy
2312,102.434465,2.948346,Healthy
2313,102.434823,2.948553,Healthy
2314,102.43306,2.948198,Healthy
2315,102.43589,2.948362,Healthy
2316,102.437052,2.945027,Healthy
2317,102.433441,2.949017,Healthy
2318,102.437481,2.945791,Healthy
2319,102.436164,2.948436,Healthy
2320,102.433175,2.948408,Healthy
2321,102.437771,2.947985,Healthy
2322,102.437386,2.947156,Healthy
2323,102.437582,2.947636,Healthy
2324,102.432979,2.948195,Healthy
2325,102.43682,2.945027,Healthy
2326,102.435094,2.949176,Healthy
2327,102.435133,2.949103,Healthy
2328,102.437463,2.947569,Healthy
2329,102.437689,2.947979,Healthy
2330,102.436357,2.94905,Healthy
2331,102.437522,2.945863,Unhealthy
2332,102.437017,2.944962,Healthy
2333,102.437737,2.947777,Healthy
2334,102.434587,2.94855,Healthy
2335,102.435173,2.949179,Healthy
2336,102.437425,2.947355,Healthy
2337,102.437887,2.947912,Healthy
2338,102.437725,2.948051,Healthy
2339,102.433362,2.949159,Healthy
2340,102.432976,2.948335,Healthy
2341,102.434508,2.948415,Unhealthy
2342,102.436128,2.948365,Healthy
2343,102.433404,2.949092,Healthy
2344,102.436083,2.948574,Healthy
2345,102.433594,2.949159,Healthy
2346,102.436122,2.948502,Healthy
2347,102.433284,2.949028,Unhealthy
2348,102.433017,2.948405,Healthy
2349,102.437403,2.945926,Healthy
2350,102.437399,2.94579,Unhealthy
2351,102.434858,2.948754,Healthy
2352,102.437813,2.947774,Unhealthy
2353,102.433097,2.948268,Healthy
2354,102.436165,2.948707,Healthy
2355,102.43462,2.948621,Healthy
2356,102.43302,2.948541,Healthy
2357,102.436199,2.948775,Healthy
2358,102.434509,2.948274,Healthy
2359,102.43754,2.947566,Healthy
2360,102.436315,2.949116,Healthy
2361,102.435055,2.949243,Unhealthy
2362,102.435926,2.948429,Healthy
2363,102.434747,2.948417,Healthy
2364,102.433246,2.948675,Healthy
2365,102.434748,2.948552,Healthy
2366,102.436861,2.944951,Healthy
2367,102.433241,2.948814,Unhealthy
2368,102.437777,2.947707,Healthy
2369,102.433328,2.948676,Healthy
2370,102.437095,2.945099,Healthy
2371,102.433405,2.948811,Healthy
2372,102.433104,2.948677,Healthy
2373,102.433639,2.949231,Healthy
2374,102.433558,2.949091,Healthy
2375,102.437884,2.948048,Healthy
2376,102.435013,2.948899,Healthy
2377,102.437805,2.948185,Healthy
2378,102.435894,2.948223,Healthy
2379,102.436509,2.949053,Healthy
2380,102.437846,2.947977,Healthy
2381,102.4377,2.947844,Healthy
2382,102.436274,2.948774,Healthy
2383,102.437247,2.945646,Healthy
2384,102.434821,2.948967,Healthy
2385,102.434782,2.948896,Healthy
2386,102.43584,2.94829,Healthy
2387,102.436087,2.9483,Healthy
2388,102.437737,2.947916,Healthy
2389,102.437131,2.945309,Healthy
2390,102.437809,2.94791,Healthy
2391,102.436237,2.94898,Healthy
2392,102.436041,2.948638,Healthy
2393,102.437774,2.947842,Healthy
2394,102.437651,2.947636,Unhealthy
2395,102.437693,2.947701,Healthy
2396,102.437616,2.947565,Healthy
2397,102.434785,2.948487,Healthy
2398,102.437696,2.947567,Unhealthy
2399,102.437769,2.948116,Healthy
2400,102.433132,2.948477,Healthy
2401,102.433138,2.948607,Healthy
2402,102.437812,2.948049,Healthy
2403,102.437614,2.947705,Healthy
2404,102.435923,2.948295,Healthy
2405,102.436324,2.948708,Healthy
2406,102.434706,2.94835,Healthy
2407,102.437134,2.945441,Healthy
2408,102.433057,2.948608,Healthy
2409,102.432903,2.948194,Healthy
2410,102.436161,2.948575,Healthy
2411,102.435965,2.948228,Healthy
2412,102.434784,2.948761,Healthy
2413,102.436003,2.948296,Healthy
2414,102.436156,2.948843,Healthy
2415,102.436238,2.948842,Healthy
2416,102.433288,2.948882,Unhealthy
2417,102.437329,2.945654,Healthy
2418,102.436397,2.948848,Healthy
2419,102.437014,2.945373,Healthy
2420,102.436045,2.948231,Healthy
2421,102.437132,2.945169,Healthy
2422,102.433324,2.948811,Healthy
2423,102.436125,2.948637,Healthy
2424,102.434666,2.948691,Healthy
2425,102.433329,2.949091,Healthy
2426,102.43754,2.947426,Healthy
2427,102.433207,2.948735,Healthy
2428,102.43608,2.948707,Healthy
2429,102.437169,2.945377,Healthy
2430,102.436202,2.948499,Healthy
2431,102.43725,2.945517,Healthy
2432,102.433362,2.948881,Healthy
2433,102.437057,2.945443,Healthy
2434,102.434824,2.948692,Healthy
2435,102.436121,2.948774,Healthy
2436,102.433324,2.948954,Healthy
2437,102.435007,2.949173,Healthy
2438,102.43636,2.948775,Healthy
2439,102.434702,2.948486,Healthy
2440,102.437548,2.947291,Healthy
2441,102.437174,2.945241,Healthy
2442,102.437212,2.945448,Healthy
2443,102.437211,2.945582,Healthy
2444,102.436976,2.945303,Healthy
2445,102.43725,2.945384,Healthy
2446,102.433403,2.948947,Healthy
2447,102.437559,2.945931,Healthy
2448,102.437541,2.947702,Healthy
2449,102.434859,2.948625,Healthy
2450,102.433461,2.948887,Healthy
2451,102.434782,2.948624,Healthy
2452,102.437848,2.948114,Healthy
2453,102.437089,2.945237,Healthy
2454,102.436273,2.949051,Healthy
2455,102.434627,2.948348,Healthy
2456,102.434473,2.94821,Healthy
2457,102.436241,2.948575,Healthy
2458,102.433291,2.948607,Healthy
2459,102.436274,2.948912,Unhealthy
2460,102.432972,2.94847,Healthy
2461,102.435809,2.94822,Healthy
2462,102.437133,2.945584,Healthy
2463,102.433205,2.948603,Healthy
2464,102.437096,2.945512,Healthy
2465,102.433104,2.948543,Healthy
2466,102.436315,2.94885,Healthy
2467,102.43709,2.945374,Healthy
2468,102.433287,2.948742,Healthy
2469,102.434668,2.948419,Healthy
2470,102.434858,2.949034,Healthy
2471,102.437249,2.945784,Healthy
2472,102.434973,2.949105,Healthy
2473,102.43717,2.945649,Healthy
2474,102.437516,2.945994,Healthy
2475,102.433133,2.948743,Healthy
2476,102.437212,2.945307,Healthy
2477,102.436283,2.948642,Healthy
2478,102.43732,2.945926,Healthy
2479,102.434701,2.94862,Healthy
2480,102.436395,2.948985,Healthy
2481,102.437441,2.945855,Healthy
2482,102.434628,2.948488,Healthy
2483,102.434938,2.949039,Healthy
2484,102.434979,2.948966,Healthy
2485,102.437174,2.945513,Healthy
2486,102.437056,2.945303,Healthy
2487,102.434977,2.949241,Healthy
2488,102.434938,2.948897,Healthy
2489,102.434547,2.948347,Healthy
2490,102.434894,2.949105,Healthy
2491,102.434862,2.948898,Healthy
2492,102.436202,2.948637,Healthy
2493,102.43474,2.94869,Healthy
2494,102.434588,2.948275,Healthy
2495,102.436241,2.948706,Healthy
2496,102.437593,2.945995,Healthy
2497,102.437292,2.945447,Healthy
2498,102.437281,2.945853,Healthy
2499,102.437888,2.948185,Healthy
2500,102.437927,2.948121,Healthy
2501,102.434628,2.948211,Healthy
2502,102.434694,2.948761,Healthy
2503,102.434735,2.948826,Healthy
2504,102.434815,2.948831,Healthy
2505,102.434937,2.949175,Healthy
2506,102.43498,2.948831,Healthy
2507,102.434894,2.948827,Healthy
2508,102.434929,2.948757,Unhealthy
2509,102.434901,2.948691,Healthy
2510,102.437438,2.945993,Healthy
2511,102.437963152,2.948186337,Healthy
