location,sampler,cv,n,n_pos,n_neg,pos_rate,pr_auc,pr_auc_baseline,pr_auc_lift,roc_auc,precision_U,recall_U,f1_U,precision_H,recall_H,f1_macro,MCC,bal_acc,accuracy,tn,fp,fn,tp,thr_best_f1,f1_U_best,recall_U_best,n_train_fit,n_synthetic,params
AHCensus_Basemap,none,spatial,2511,160,2351,0.06371963361210672,0.06183177390410096,0.06371963361210672,-0.0018878597080057638,0.503868034878775,0.0,0.0,0.0,0.9359231077292751,0.9940450871969375,0.48205445544554454,-0.01953387586126721,0.49702254359846876,0.9307048984468339,2337,14,160,0,0.05,0.11289198606271778,0.50625,2008,0,{}
AHCensus_Basemap,none,random,2511,160,2351,0.06371963361210672,0.08337476477423099,0.06371963361210672,0.019655131162124265,0.5701071352615907,0.2,0.00625,0.012121212121212121,0.9365522745411013,0.9982985963419821,0.48928070076927394,0.024922302792217937,0.5022742981709911,0.9350856232576663,2347,4,159,1,0.12,0.1315345699831366,0.24375,2008,0,{}
AHCensus_Basemap,class_weighted_rf,spatial,2511,160,2351,0.06371963361210672,0.06274351790881136,0.06371963361210672,-0.000976115703295366,0.49666498298596345,0.0,0.0,0.0,0.9362549800796812,0.9995746490854955,0.4834396214770623,-0.005207110764926456,0.49978732454274777,0.9358821186778176,2350,1,160,0,0.05,0.1042296072507553,0.43125,2008,0,{}
AHCensus_Basemap,class_weighted_rf,random,2511,160,2351,0.06371963361210672,0.07764427102044923,0.06371963361210672,0.013924637408342502,0.5598003509145045,0.0,0.0,0.0,0.936229573535273,0.9991492981709911,0.48333333333333334,-0.00736543402863829,0.49957464908549554,0.9354838709677419,2349,2,160,0,0.05,0.13005551149881048,0.5125,2008,0,{}
AHCensus_Basemap,random_oversample,spatial,2511,160,2351,0.06371963361210672,0.060732198914132486,0.06371963361210672,-0.002987434697974238,0.4906050616758826,0.0,0.0,0.0,0.9356136820925554,0.9889408762228838,0.4807692307692308,-0.026684382310467273,0.4944704381114419,0.9259259259259259,2325,26,160,0,0.1,0.10475266731328807,0.3375,3761,1752,{}
AHCensus_Basemap,random_oversample,random,2511,160,2351,0.06371963361210672,0.07526154807107925,0.06371963361210672,0.011541914458972527,0.5460734793704807,0.17391304347826086,0.025,0.04371584699453552,0.9372990353697749,0.9919183326244151,0.5037756750988384,0.04337652523893256,0.5084591663122076,0.9303066507367582,2332,19,156,4,0.11,0.12967032967032968,0.36875,3761,1752,{}
AHCensus_Basemap,smote,spatial,2511,160,2351,0.06371963361210672,0.06306692301164071,0.06371963361210672,-0.000652710600466011,0.4935067524457677,0.057803468208092484,0.125,0.07905138339920949,0.9353348729792148,0.861335601871544,0.4879313604329971,-0.009682997358166636,0.493167800935772,0.8144165671047392,2025,326,140,20,0.06,0.12090909090909091,0.83125,3761,1752,"{""k_neighbors"": 5}"
AHCensus_Basemap,smote,random,2511,160,2351,0.06371963361210672,0.07446490190271635,0.06371963361210672,0.010745268290609622,0.5489326350489152,0.07278481012658228,0.14375,0.09663865546218488,0.9375854214123007,0.8753721820501914,0.5010250030500542,0.01408195495622524,0.5095610910250957,0.8287534846674631,2058,293,137,23,0.31,0.13808463251670378,0.3875,3761,1752,"{""k_neighbors"": 5}"
AHCensus_Basemap,gsmote,spatial,2511,160,2351,0.06371963361210672,0.06349971214798564,0.06371963361210672,-0.0002199214641210867,0.4981749787324542,0.05518763796909492,0.15625,0.08156606851549755,0.934402332361516,0.8179498085920884,0.4769363570066714,-0.016388433666225558,0.4870999042960442,0.7757865392273995,1923,428,135,25,0.09,0.1241250583294447,0.83125,3761,1752,"{""deformation_factor"": 0.0, ""k_neighbors"": 5, ""selection_strategy"": ""combined"", ""truncation_factor"": 1.0}"
AHCensus_Basemap,gsmote,random,2511,160,2351,0.06371963361210672,0.08466121896133934,0.06371963361210672,0.020941585349232614,0.5676520629519355,0.07109004739336493,0.1875,0.10309278350515463,0.9377692675921494,0.8332624415142492,0.4927626079687935,0.013562485363791264,0.5103812207571246,0.7921146953405018,1959,392,130,30,0.31,0.13703703703703704,0.4625,3761,1752,"{""deformation_factor"": 0.0, ""k_neighbors"": 5, ""selection_strategy"": ""combined"", ""truncation_factor"": 1.0}"
Palong_Basemap,none,spatial,2171,200,1971,0.09212344541685859,0.08072819374455625,0.09212344541685859,-0.011395251672302334,0.45805175038051754,0.0,0.0,0.0,0.9067599067599068,0.9868087265347539,0.47254616132167154,-0.035070722374298355,0.49340436326737697,0.8959005066789498,1945,26,200,0,0.05,0.15880597014925374,0.665,1736,0,{}
Palong_Basemap,none,random,2171,200,1971,0.09212344541685859,0.11859603715180132,0.09212344541685859,0.026472591734942735,0.5830669710806696,0.15384615384615385,0.01,0.018779342723004695,0.9082483781278962,0.9944190766108574,0.48408087988656895,0.01656503830085109,0.5022095383054287,0.9037309995393827,1960,11,198,2,0.08,0.1932367149758454,0.6,1736,0,{}
Palong_Basemap,class_weighted_rf,spatial,2171,200,1971,0.09212344541685859,0.07929341312152914,0.09212344541685859,-0.012830032295329447,0.44820395738203966,0.0,0.0,0.0,0.9075785582255084,0.9964485032978183,0.4749697702539299,-0.018117241668448844,0.49822425164890916,0.9046522339935513,1964,7,200,0,0.05,0.14267015706806283,0.545,1736,0,{}
Palong_Basemap,class_weighted_rf,random,2171,200,1971,0.09212344541685859,0.11664619346297934,0.09212344541685859,0.024522748046120757,0.5814193302891932,0.14285714285714285,0.005,0.00966183574879227,0.9080406654343808,0.9969558599695586,0.4800425260968871,0.0099774238045529,0.5009779299847793,0.9055734684477199,1965,6,199,1,0.09,0.18361303060217177,0.465,1736,0,{}
Palong_Basemap,random_oversample,spatial,2171,200,1971,0.09212344541685859,0.0820580387146352,0.09212344541685859,-0.01006540670222339,0.4622044647387114,0.05263157894736842,0.02,0.028985507246376812,0.9064439140811456,0.9634703196347032,0.48153653129165863,-0.02600901803886537,0.4917351598173516,0.8765545831414094,1899,72,196,4,0.05,0.15563298490127758,0.67,3153,1416,{}
Palong_Basemap,random_oversample,random,2171,200,1971,0.09212344541685859,0.11376150446373506,0.09212344541685859,0.021638059046876476,0.5766679350583461,0.09090909090909091,0.02,0.03278688524590164,0.9078514339445228,0.9797057331303907,0.487598908703966,-0.0006039341613832305,0.49985286656519534,0.8912943344081069,1931,40,196,4,0.15,0.18797814207650274,0.43,3153,1416,{}
Palong_Basemap,smote,spatial,2171,200,1971,0.09212344541685859,0.08277270721378686,0.09212344541685859,-0.009350738203071723,0.47186453576864545,0.07219251336898395,0.135,0.09407665505226481,0.9037284362826934,0.823947234906139,0.4780362043838819,-0.031440604282248485,0.4794736174530695,0.7604790419161677,1624,347,173,27,0.07,0.16421692853522554,0.81,3153,1416,"{""k_neighbors"": 5}"
Palong_Basemap,smote,random,2171,200,1971,0.09212344541685859,0.11194261382337554,0.09212344541685859,0.019819168406516957,0.5679046169457129,0.1327683615819209,0.235,0.16967509025270758,0.9157952669235003,0.8442415017757483,0.5241194881041785,0.06203430385237764,0.5396207508878741,0.7881160755412252,1664,307,153,47,0.07,0.18539616778871051,0.895,3153,1416,"{""k_neighbors"": 5}"
Palong_Basemap,gsmote,spatial,2171,200,1971,0.09212344541685859,0.08460865628467362,0.09212344541685859,-0.007514789132184965,0.46736808726534745,0.07663551401869159,0.205,0.11156462585034013,0.9028117359413202,0.7493658041603247,0.4652638765514523,-0.03062528726997858,0.47718290208016234,0.6992169507139567,1477,494,159,41,0.05,0.16423357664233576,0.9,3153,1416,"{""deformation_factor"": 0.0, ""k_neighbors"": 5, ""selection_strategy"": ""combined"", ""truncation_factor"": 1.0}"
Palong_Basemap,gsmote,random,2171,200,1971,0.09212344541685859,0.11861597469468811,0.09212344541685859,0.026492529277829524,0.5723046676813801,0.12830957230142567,0.315,0.18234442836468887,0.9184523809523809,0.7828513444951801,0.5137961528292905,0.06764406845471183,0.54892567224759,0.7397512666973745,1543,428,137,63,0.31,0.18724778046811946,0.58,3153,1416,"{""deformation_factor"": 0.0, ""k_neighbors"": 5, ""selection_strategy"": ""combined"", ""truncation_factor"": 1.0}"
Serting_Basemap,none,spatial,1667,154,1513,0.09238152369526095,0.09121746814877364,0.09238152369526095,-0.001164055546487311,0.4945429652964352,0.0625,0.006493506493506494,0.011764705882352941,0.90732889158086,0.9900859220092532,0.4793336803748048,-0.010158859852299315,0.4982897142513798,0.8992201559688062,1498,15,153,1,0.05,0.16425855513307985,0.7012987012987013,1333,0,{}
Serting_Basemap,none,random,1667,154,1513,0.09238152369526095,0.13542069086613062,0.09238152369526095,0.04303916717086967,0.5706775049141208,0.5555555555555556,0.032467532467532464,0.06134969325153374,0.9101326899879373,0.9973562458691342,0.5065499648849912,0.11784983245249148,0.5149118891683333,0.9082183563287343,1509,4,149,5,0.14,0.19389587073608616,0.35064935064935066,1333,0,{}
Serting_Basemap,class_weighted_rf,spatial,1667,154,1513,0.09238152369526095,0.0971593308788244,0.09238152369526095,0.004777807183563451,0.512853966918739,0.0,0.0,0.0,0.9071170084439083,0.9940515532055518,0.4742983286029644,-0.023505521338200202,0.4970257766027759,0.9022195560887822,1504,9,154,0,0.06,0.17511520737327188,0.6168831168831169,1333,0,{}
Serting_Basemap,class_weighted_rf,random,1667,154,1513,0.09238152369526095,0.13008752940013715,0.09238152369526095,0.0377060057048762,0.564898584561506,0.3333333333333333,0.012987012987012988,0.025,0.9084888621312462,0.9973562458691342,0.48792533081285444,0.050012294137061555,0.5051716294280736,0.9064187162567486,1509,4,152,2,0.15,0.1965065502183406,0.2922077922077922,1333,0,{}
Serting_Basemap,random_oversample,spatial,1667,154,1513,0.09238152369526095,0.09927584021643596,0.09238152369526095,0.0068943165211750035,0.5076565866387414,0.11538461538461539,0.03896103896103896,0.05825242718446602,0.908359133126935,0.969596827495043,0.49811598341320484,0.014254677440357673,0.504278933228041,0.883623275344931,1467,46,148,6,0.07,0.16932103939647947,0.6558441558441559,2420,1087,{}
Serting_Basemap,random_oversample,random,1667,154,1513,0.09238152369526095,0.13477711673499365,0.09238152369526095,0.0423955930397327,0.5795357979759831,0.18867924528301888,0.06493506493506493,0.0966183574879227,0.9107806691449815,0.9715796430931923,0.5184083152965677,0.06026400033066078,0.5182573540141286,0.8878224355128974,1470,43,144,10,0.24,0.2073732718894009,0.2922077922077922,2420,1087,{}
Serting_Basemap,smote,spatial,1667,154,1513,0.09238152369526095,0.09611610649636934,0.09238152369526095,0.003734582801108388,0.5058754860473301,0.10526315789473684,0.18181818181818182,0.13333333333333333,0.9100642398286938,0.8426966292134831,0.5042095630290552,0.0193842270621522,0.5122574055158324,0.7816436712657469,1275,238,126,28,0.07,0.16854678168546783,0.8246753246753247,2420,1087,"{""k_neighbors"": 5}"
Serting_Basemap,smote,random,1667,154,1513,0.09238152369526095,0.13403374624568762,0.09238152369526095,0.041652222550426665,0.5743706062608905,0.15294117647058825,0.2532467532467532,0.19070904645476772,0.9185552407932012,0.8572372769332453,0.5387733266461873,0.08887751303189274,0.5552420150899993,0.8014397120575885,1297,216,115,39,0.52,0.1974025974025974,0.24675324675324675,2420,1087,"{""k_neighbors"": 5}"
Serting_Basemap,gsmote,spatial,1667,154,1513,0.09238152369526095,0.09723893434390717,0.09238152369526095,0.004857410648646213,0.5034291551145483,0.10406091370558376,0.2662337662337662,0.14963503649635038,0.9112333071484682,0.7666886979510905,0.4911850702941192,0.022439327937859785,0.5164612320924283,0.7204559088182364,1160,353,113,41,0.12,0.17442622950819672,0.8636363636363636,2420,1087,"{""deformation_factor"": 0.0, ""k_neighbors"": 5, ""selection_strategy"": ""combined"", ""truncation_factor"": 1.0}"
Serting_Basemap,gsmote,random,1667,154,1513,0.09238152369526095,0.1395149789777781,0.09238152369526095,0.04713345528251714,0.5730272701521875,0.12806539509536785,0.3051948051948052,0.18042226487523993,0.9176923076923077,0.7884996695307337,0.5143135142364113,0.06547704885941778,0.5468472373627694,0.7438512297540492,1193,320,107,47,0.58,0.20673076923076922,0.2792207792207792,2420,1087,"{""deformation_factor"": 0.0, ""k_neighbors"": 5, ""selection_strategy"": ""combined"", ""truncation_factor"": 1.0}"
