location,sampler,cv,n,n_pos,n_neg,pos_rate,n_train_fit,n_synthetic,pr_auc,pr_auc_baseline,pr_auc_lift,roc_auc,accuracy,bal_acc,precision_U,recall_U,f1_U,precision_H,recall_H,f1_macro,MCC,tn,fp,fn,tp,thr_best_f1,f1_U_best,recall_U_best,params,gsmote_k_neighbors,gsmote_truncation_factor,gsmote_deformation_factor,gsmote_selection_strategy
Palong_Basemap,gsmote,spatial,2171,200,1971,0.09212344541685859,3153,1416,0.08991121450452019,0.09212344541685859,-0.002212230912338395,0.49641045154743785,0.5785352372178719,0.4848477929984779,0.08574739281575898,0.37,0.13922859830667922,0.9036697247706422,0.5996955859969558,0.4300900539566333,-0.017908323483990164,1182,789,126,74,0.09,0.17383669885864794,0.99,"{""deformation_factor"": 0.0, ""k_neighbors"": 3, ""selection_strategy"": ""minority"", ""truncation_factor"": -1.0}",3,-1.0,0.0,minority
Palong_Basemap,gsmote,spatial,2171,200,1971,0.09212344541685859,3153,1416,0.08204655220636857,0.09212344541685859,-0.010076893210490018,0.45803145611364793,0.7116536158452326,0.4728006088280061,0.07228915662650602,0.18,0.10315186246418338,0.9019725044829647,0.7656012176560122,0.4656813099368118,-0.037418368419824204,1509,462,164,36,0.05,0.16795279164775306,0.925,"{""deformation_factor"": 0.0, ""k_neighbors"": 3, ""selection_strategy"": ""majority"", ""truncation_factor"": -1.0}",3,-1.0,0.0,majority
Palong_Basemap,gsmote,spatial,2171,200,1971,0.09212344541685859,3153,1416,0.0822171053361225,0.09212344541685859,-0.009906340080736084,0.4559639776763065,0.6946107784431138,0.46116818873668186,0.06566604127579738,0.175,0.09549795361527967,0.8992673992673993,0.7473363774733638,0.45589527772202054,-0.052186167103563205,1473,498,165,35,0.06,0.16941391941391942,0.925,"{""deformation_factor"": 0.0, ""k_neighbors"": 3, ""selection_strategy"": ""combined"", ""truncation_factor"": -1.0}",3,-1.0,0.0,combined
Palong_Basemap,gsmote,spatial,2171,200,1971,0.09212344541685859,3153,1416,0.08729954432235237,0.09212344541685859,-0.004823901094506214,0.4809538305428716,0.650852141870106,0.4730098934550989,0.07727272727272727,0.255,0.1186046511627907,0.9013898080741231,0.6910197869101978,0.4504568344843247,-0.03393819218481058,1362,609,149,51,0.05,0.17303469477382522,0.985,"{""deformation_factor"": 0.5, ""k_neighbors"": 3, ""selection_strategy"": ""minority"", ""truncation_factor"": -1.0}",3,-1.0,0.5,minority
Palong_Basemap,gsmote,spatial,2171,200,1971,0.09212344541685859,3153,1416,0.08013611317420923,0.09212344541685859,-0.011987332242649362,0.4512468290208016,0.7683095347766007,0.47480086250634196,0.0659025787965616,0.115,0.08378870673952642,0.9028540065861691,0.8346017250126839,0.4755879995601139,-0.03968140876309549,1645,326,177,23,0.05,0.16203259827420902,0.845,"{""deformation_factor"": 0.5, ""k_neighbors"": 3, ""selection_strategy"": ""majority"", ""truncation_factor"": -1.0}",3,-1.0,0.5,majority
Palong_Basemap,gsmote,spatial,2171,200,1971,0.09212344541685859,3153,1416,0.08027926931908153,0.09212344541685859,-0.011844176097777062,0.45347158802638254,0.7627821280515892,0.4740030441400304,0.06611570247933884,0.12,0.0852575488454707,0.9026548672566371,0.8280060882800608,0.4744890549202214,-0.04029566031487334,1632,339,176,24,0.05,0.16446124763705103,0.87,"{""deformation_factor"": 0.5, ""k_neighbors"": 3, ""selection_strategy"": ""combined"", ""truncation_factor"": -1.0}",3,-1.0,0.5,combined
Palong_Basemap,gsmote,spatial,2171,200,1971,0.09212344541685859,3153,1416,0.08245984951999256,0.09212344541685859,-0.009663595896866023,0.46256341958396757,0.751727314601566,0.4858853373921867,0.0794044665012407,0.16,0.10613598673300166,0.9049773755656109,0.8117706747843734,0.48098989761897476,-0.020997382207405425,1600,371,168,32,0.09,0.17361784675072744,0.895,"{""deformation_factor"": 1.0, ""k_neighbors"": 3, ""selection_strategy"": ""minority"", ""truncation_factor"": -1.0}",3,-1.0,1.0,minority
Palong_Basemap,gsmote,spatial,2171,200,1971,0.09212344541685859,3153,1416,0.0807881243732417,0.09212344541685859,-0.011335321043616883,0.45391679350583464,0.8281897742975587,0.48306950786402836,0.06091370558375635,0.06,0.060453400503778336,0.9047619047619048,0.9061390157280568,0.4829516685662111,-0.034091899598432736,1786,185,188,12,0.1,0.15486194477791115,0.645,"{""deformation_factor"": 1.0, ""k_neighbors"": 3, ""selection_strategy"": ""majority"", ""truncation_factor"": -1.0}",3,-1.0,1.0,majority
Palong_Basemap,gsmote,spatial,2171,200,1971,0.09212344541685859,3153,1416,0.07864904952294487,0.09212344541685859,-0.013474395893913721,0.44070395738203955,0.8263473053892215,0.4865474378488077,0.06829268292682927,0.07,0.0691358024691358,0.9053916581892166,0.9030948756976154,0.4866888054763764,-0.026608759335450694,1780,191,186,14,0.05,0.1540020263424519,0.76,"{""deformation_factor"": 1.0, ""k_neighbors"": 3, ""selection_strategy"": ""combined"", ""truncation_factor"": -1.0}",3,-1.0,1.0,combined
Palong_Basemap,gsmote,spatial,2171,200,1971,0.09212344541685859,3153,1416,0.09060445755685508,0.09212344541685859,-0.0015189878600035123,0.49987569761542366,0.5725472132657762,0.5017668696093354,0.09284116331096197,0.415,0.15173674588665448,0.9083790133124511,0.5885337392186707,0.43301123008618436,0.0020764840446918513,1160,811,117,83,0.07,0.17360806663743972,0.99,"{""deformation_factor"": 0.0, ""k_neighbors"": 3, ""selection_strategy"": ""minority"", ""truncation_factor"": 0.0}",3,0.0,0.0,minority
Palong_Basemap,gsmote,spatial,2171,200,1971,0.09212344541685859,3153,1416,0.08304084843811298,0.09212344541685859,-0.00908259697874561,0.4622234906139016,0.6867802855826808,0.46584094368340945,0.06989247311827956,0.195,0.10290237467018469,0.9001859888406696,0.7366818873668188,0.4565851159065209,-0.04521264210424478,1452,519,161,39,0.05,0.16870748299319727,0.93,"{""deformation_factor"": 0.0, ""k_neighbors"": 3, ""selection_strategy"": ""majority"", ""truncation_factor"": 0.0}",3,0.0,0.0,majority
Palong_Basemap,gsmote,spatial,2171,200,1971,0.09212344541685859,3153,1416,0.08238344115812991,0.09212344541685859,-0.009740004258728674,0.45906773211567725,0.680792261630585,0.45805048198883813,0.06525573192239859,0.185,0.09647979139504563,0.8983790523690773,0.7311009639776763,0.45131681877444585,-0.055235917143549224,1441,530,163,37,0.05,0.17207207207207206,0.955,"{""deformation_factor"": 0.0, ""k_neighbors"": 3, ""selection_strategy"": ""combined"", ""truncation_factor"": 0.0}",3,0.0,0.0,combined
Palong_Basemap,gsmote,spatial,2171,200,1971,0.09212344541685859,3153,1416,0.0862344966309968,0.09212344541685859,-0.005888948785861783,0.47403982749873164,0.6416397973284201,0.48590690005073567,0.08477011494252873,0.295,0.13169642857142858,0.9044067796610169,0.6768138001014713,0.4529637105132245,-0.017466030236642373,1334,637,141,59,0.05,0.17299205648720212,0.98,"{""deformation_factor"": 0.5, ""k_neighbors"": 3, ""selection_strategy"": ""minority"", ""truncation_factor"": 0.0}",3,0.0,0.5,minority
Palong_Basemap,gsmote,spatial,2171,200,1971,0.09212344541685859,3153,1416,0.0815903363870006,0.09212344541685859,-0.01053310902985799,0.4575900558092339,0.7480423767848917,0.479363267376966,0.07371007371007371,0.15,0.09884678747940692,0.9036281179138322,0.808726534753932,0.4761971554532242,-0.030583187545181943,1594,377,170,30,0.09,0.1641025641025641,0.8,"{""deformation_factor"": 0.5, ""k_neighbors"": 3, ""selection_strategy"": ""majority"", ""truncation_factor"": 0.0}",3,0.0,0.5,majority
Palong_Basemap,gsmote,spatial,2171,200,1971,0.09212344541685859,3153,1416,0.08047399542786049,0.09212344541685859,-0.011649449988998098,0.4522805682394723,0.751727314601566,0.4724074074074074,0.06649616368286446,0.13,0.08798646362098139,0.902247191011236,0.8148148148148148,0.4721457244791124,-0.04153196069864411,1606,365,174,26,0.06,0.16460513796384396,0.865,"{""deformation_factor"": 0.5, ""k_neighbors"": 3, ""selection_strategy"": ""combined"", ""truncation_factor"": 0.0}",3,0.0,0.5,combined
Palong_Basemap,gsmote,spatial,2171,200,1971,0.09212344541685859,3153,1416,0.08175682435551865,0.09212344541685859,-0.01036662106133994,0.4652866565195332,0.7333026255181944,0.47573820395738203,0.07223476297968397,0.16,0.09953343701399689,0.9027777777777778,0.791476407914764,0.4715023227243545,-0.03482070188165919,1560,411,168,32,0.06,0.1706642066420664,0.925,"{""deformation_factor"": 1.0, ""k_neighbors"": 3, ""selection_strategy"": ""minority"", ""truncation_factor"": 0.0}",3,0.0,1.0,minority
Palong_Basemap,gsmote,spatial,2171,200,1971,0.09212344541685859,3153,1416,0.08135479616157447,0.09212344541685859,-0.010768649255284118,0.4588533739218671,0.8037770612620913,0.4696245560629122,0.048,0.06,0.05333333333333334,0.9021343050494534,0.8792491121258245,0.4719390202124015,-0.05503985140521818,1733,238,188,12,0.06,0.1589873417721519,0.785,"{""deformation_factor"": 1.0, ""k_neighbors"": 3, ""selection_strategy"": ""majority"", ""truncation_factor"": 0.0}",3,0.0,1.0,majority
Palong_Basemap,gsmote,spatial,2171,200,1971,0.09212344541685859,3153,1416,0.07989639093102012,0.09212344541685859,-0.012227054485838468,0.45275621511922887,0.7996315062183326,0.4785730593607306,0.06319702602230483,0.085,0.07249466950959488,0.9037854889589906,0.8721461187214612,0.48008931771374397,-0.03761552050826231,1719,252,183,17,0.05,0.15933528836754643,0.815,"{""deformation_factor"": 1.0, ""k_neighbors"": 3, ""selection_strategy"": ""combined"", ""truncation_factor"": 0.0}",3,0.0,1.0,combined
Palong_Basemap,gsmote,spatial,2171,200,1971,0.09212344541685859,3153,1416,0.09103160331753445,0.09212344541685859,-0.0010918420993241418,0.49579020801623547,0.5859051128512206,0.4911529680365297,0.08833922261484099,0.375,0.14299332697807435,0.905446293494705,0.6073059360730594,0.4349949932795018,-0.010486156361157132,1197,774,125,75,0.13,0.17505668934240362,0.965,"{""deformation_factor"": 0.0, ""k_neighbors"": 3, ""selection_strategy"": ""minority"", ""truncation_factor"": 0.5}",3,0.5,0.0,minority
Palong_Basemap,gsmote,spatial,2171,200,1971,0.09212344541685859,3153,1416,0.08397186601148261,0.09212344541685859,-0.008151579405375975,0.4677359208523592,0.6895439889451865,0.46511669203450023,0.06909090909090909,0.19,0.10133333333333333,0.9000616903146206,0.7402333840690005,0.45684706755753524,-0.046390933917567295,1459,512,162,38,0.06,0.16927322907083717,0.92,"{""deformation_factor"": 0.0, ""k_neighbors"": 3, ""selection_strategy"": ""majority"", ""truncation_factor"": 0.5}",3,0.5,0.0,majority
Palong_Basemap,gsmote,spatial,2171,200,1971,0.09212344541685859,3153,1416,0.0823455997471288,0.09212344541685859,-0.009777845669729793,0.45957382039573813,0.6830953477660064,0.472796803652968,0.07491289198606271,0.215,0.1111111111111111,0.9016906700062617,0.730593607305936,0.45914299950174386,-0.035677945482999976,1440,531,157,43,0.05,0.16982836495031617,0.94,"{""deformation_factor"": 0.0, ""k_neighbors"": 3, ""selection_strategy"": ""combined"", ""truncation_factor"": 0.5}",3,0.5,0.0,combined
Palong_Basemap,gsmote,spatial,2171,200,1971,0.09212344541685859,3153,1416,0.08556597990639928,0.09212344541685859,-0.006557465510459312,0.4807876712328767,0.6609857208659604,0.4785908168442415,0.07993730407523511,0.255,0.12171837708830549,0.9028049575994781,0.702181633688483,0.4558363574939244,-0.027183600963088642,1384,587,149,51,0.06,0.1732495511669659,0.965,"{""deformation_factor"": 0.5, ""k_neighbors"": 3, ""selection_strategy"": ""minority"", ""truncation_factor"": 0.5}",3,0.5,0.5,minority
Palong_Basemap,gsmote,spatial,2171,200,1971,0.09212344541685859,3153,1416,0.08142269722633494,0.09212344541685859,-0.010700748190523648,0.45840309487569764,0.7521879318286504,0.47266108574327753,0.06666666666666667,0.13,0.08813559322033898,0.9023020774845593,0.8153221714865551,0.4723727006613422,-0.04119128167289901,1607,364,174,26,0.05,0.16815406294034757,0.895,"{""deformation_factor"": 0.5, ""k_neighbors"": 3, ""selection_strategy"": ""majority"", ""truncation_factor"": 0.5}",3,0.5,0.5,majority
Palong_Basemap,gsmote,spatial,2171,200,1971,0.09212344541685859,3153,1416,0.08096908187251088,0.09212344541685859,-0.011154363544347706,0.45548579401319134,0.7498848456932289,0.46690005073566715,0.061381074168797956,0.12,0.08121827411167512,0.9011235955056179,0.8138001014713343,0.46822843857543234,-0.049821552192324016,1604,367,176,24,0.06,0.16488845780795344,0.85,"{""deformation_factor"": 0.5, ""k_neighbors"": 3, ""selection_strategy"": ""combined"", ""truncation_factor"": 0.5}",3,0.5,0.5,combined
Palong_Basemap,gsmote,spatial,2171,200,1971,0.09212344541685859,3153,1416,0.08301792230761791,0.09212344541685859,-0.009105523109240676,0.46727803145611363,0.760939659143252,0.49095890410958903,0.0835509138381201,0.16,0.1097770154373928,0.9060402684563759,0.821917808219178,0.4858541900810268,-0.013719119431018126,1620,351,168,32,0.05,0.1699953553181607,0.915,"{""deformation_factor"": 1.0, ""k_neighbors"": 3, ""selection_strategy"": ""minority"", ""truncation_factor"": 0.5}",3,0.5,1.0,minority
Palong_Basemap,gsmote,spatial,2171,200,1971,0.09212344541685859,3153,1416,0.0803378307378507,0.09212344541685859,-0.011785614679007891,0.454580162354135,0.8139106402579457,0.4774518011161847,0.05652173913043478,0.065,0.06046511627906977,0.9036579082946935,0.8899036022323693,0.478596566319494,-0.0423763431523263,1754,217,187,13,0.08,0.1586433260393873,0.725,"{""deformation_factor"": 1.0, ""k_neighbors"": 3, ""selection_strategy"": ""majority"", ""truncation_factor"": 0.5}",3,0.5,1.0,majority
Palong_Basemap,gsmote,spatial,2171,200,1971,0.09212344541685859,3153,1416,0.08004879360511041,0.09212344541685859,-0.012074651811748174,0.4562620497209538,0.809765085214187,0.48415398274987315,0.06882591093117409,0.085,0.07606263982102908,0.9048856548856549,0.8833079654997463,0.4850146318488971,-0.028864060059019838,1741,230,183,17,0.06,0.161439588688946,0.785,"{""deformation_factor"": 1.0, ""k_neighbors"": 3, ""selection_strategy"": ""combined"", ""truncation_factor"": 0.5}",3,0.5,1.0,combined
Palong_Basemap,gsmote,spatial,2171,200,1971,0.09212344541685859,3153,1416,0.08867025447959724,0.09212344541685859,-0.0034531909372613467,0.49291603247082705,0.592814371257485,0.49046549974632164,0.08795180722891566,0.365,0.141747572815534,0.9052945563012678,0.6159309994926433,0.43741968012757376,-0.011348352183001538,1214,757,127,73,0.06,0.17506631299734748,0.99,"{""deformation_factor"": 0.0, ""k_neighbors"": 3, ""selection_strategy"": ""minority"", ""truncation_factor"": 1.0}",3,1.0,0.0,minority
Palong_Basemap,gsmote,spatial,2171,200,1971,0.09212344541685859,3153,1416,0.08555816087960097,0.09212344541685859,-0.006565284537257618,0.4681544901065449,0.707508060801474,0.47725646879756467,0.07602339181286549,0.195,0.1093969144460028,0.9028950542822678,0.7595129375951294,0.46720879064818743,-0.030966723398873124,1497,474,161,39,0.05,0.16788990825688074,0.915,"{""deformation_factor"": 0.0, ""k_neighbors"": 3, ""selection_strategy"": ""majority"", ""truncation_factor"": 1.0}",3,1.0,0.0,majority
Palong_Basemap,gsmote,spatial,2171,200,1971,0.09212344541685859,3153,1416,0.08398414278474302,0.09212344541685859,-0.00813930263211557,0.46738964992389653,0.7001381851681253,0.4776902587519026,0.07692307692307693,0.205,0.11186903137789904,0.9029304029304029,0.7503805175038052,0.46574332699402016,-0.029982116386887903,1479,492,159,41,0.05,0.16795983569146508,0.92,"{""deformation_factor"": 0.0, ""k_neighbors"": 3, ""selection_strategy"": ""combined"", ""truncation_factor"": 1.0}",3,1.0,0.0,combined
Palong_Basemap,gsmote,spatial,2171,200,1971,0.09212344541685859,3153,1416,0.08334517437865477,0.09212344541685859,-0.00877827103820382,0.4715055809233891,0.6701980654076463,0.4634474885844749,0.07,0.21,0.105,0.8994271164863145,0.7168949771689498,0.451427159796725,-0.04727611814943166,1413,558,158,42,0.05,0.1738343141693074,0.96,"{""deformation_factor"": 0.5, ""k_neighbors"": 3, ""selection_strategy"": ""minority"", ""truncation_factor"": 1.0}",3,1.0,0.5,minority
Palong_Basemap,gsmote,spatial,2171,200,1971,0.09212344541685859,3153,1416,0.0813208923906227,0.09212344541685859,-0.010802553026235881,0.46063926940639266,0.7664670658682635,0.4715398274987316,0.06267806267806268,0.11,0.07985480943738657,0.9021978021978022,0.8330796549974632,0.47305850469231503,-0.04471328537673665,1642,329,178,22,0.05,0.16475095785440613,0.86,"{""deformation_factor"": 0.5, ""k_neighbors"": 3, ""selection_strategy"": ""majority"", ""truncation_factor"": 1.0}",3,1.0,0.5,majority
Palong_Basemap,gsmote,spatial,2171,200,1971,0.09212344541685859,3153,1416,0.08230605257761872,0.09212344541685859,-0.009817392839239866,0.4595852359208524,0.7669276830953478,0.4762861491628615,0.06779661016949153,0.12,0.08664259927797834,0.903137039075399,0.832572298325723,0.4765314369145964,-0.03712883262874323,1641,330,176,24,0.05,0.16291327264015332,0.85,"{""deformation_factor"": 0.5, ""k_neighbors"": 3, ""selection_strategy"": ""combined"", ""truncation_factor"": 1.0}",3,1.0,0.5,combined
Palong_Basemap,gsmote,spatial,2171,200,1971,0.09212344541685859,3153,1416,0.08105712945771529,0.09212344541685859,-0.0110663159591433,0.46050481988838154,0.7858129894058038,0.47545535261288685,0.0627062706270627,0.095,0.07554671968190854,0.9031049250535332,0.8559107052257737,0.47721071331842235,-0.04096711233677044,1687,284,181,19,0.06,0.1580547112462006,0.78,"{""deformation_factor"": 1.0, ""k_neighbors"": 3, ""selection_strategy"": ""minority"", ""truncation_factor"": 1.0}",3,1.0,1.0,minority
Palong_Basemap,gsmote,spatial,2171,200,1971,0.09212344541685859,3153,1416,0.08015761482548736,0.09212344541685859,-0.011965830591371227,0.4554984779299848,0.8355596499309074,0.48038939624556065,0.05142857142857143,0.045,0.048,0.904308617234469,0.9157787924911213,0.4790037811948576,-0.04166582422529577,1805,166,191,9,0.06,0.15658747300215983,0.725,"{""deformation_factor"": 1.0, ""k_neighbors"": 3, ""selection_strategy"": ""majority"", ""truncation_factor"": 1.0}",3,1.0,1.0,majority
Palong_Basemap,gsmote,spatial,2171,200,1971,0.09212344541685859,3153,1416,0.08101577693485776,0.09212344541685859,-0.01110766848200083,0.46229452054794523,0.8355596499309074,0.4826357179096905,0.05649717514124294,0.05,0.05305039787798409,0.9047141424272819,0.915271435819381,0.48150628342827323,-0.036702523718446595,1804,167,190,10,0.05,0.15879605604566685,0.765,"{""deformation_factor"": 1.0, ""k_neighbors"": 3, ""selection_strategy"": ""combined"", ""truncation_factor"": 1.0}",3,1.0,1.0,combined
Palong_Basemap,gsmote,spatial,2171,200,1971,0.09212344541685859,3153,1416,0.08949664518319361,0.09212344541685859,-0.002626800233664975,0.49787290715372906,0.5776140027637033,0.500064687975647,0.09215017064846416,0.405,0.15013901760889714,0.9078947368421053,0.5951293759512938,0.43455464518201525,7.622302350756725e-05,1173,798,119,81,0.06,0.17410323709536307,0.995,"{""deformation_factor"": 0.0, ""k_neighbors"": 4, ""selection_strategy"": ""minority"", ""truncation_factor"": -1.0}",4,-1.0,0.0,minority
Palong_Basemap,gsmote,spatial,2171,200,1971,0.09212344541685859,3153,1416,0.0838173540793257,0.09212344541685859,-0.008306091337532892,0.47131278538812793,0.7111929986181483,0.48153221714865546,0.07889546351084813,0.2,0.11315417256011315,0.9038461538461539,0.763064434297311,0.4703322444643757,-0.025247735067379824,1504,467,160,40,0.13,0.1674515960230246,0.8,"{""deformation_factor"": 0.0, ""k_neighbors"": 4, ""selection_strategy"": ""combined"", ""truncation_factor"": -1.0}",4,-1.0,0.0,combined
Palong_Basemap,gsmote,spatial,2171,200,1971,0.09212344541685859,3153,1416,0.08686968108717877,0.09212344541685859,-0.005253764329679819,0.47987823439878236,0.6282818977429756,0.45608701166920346,0.06950354609929078,0.245,0.10828729281767956,0.8969986357435198,0.6671740233384069,0.43674475202420204,-0.05424000917853544,1315,656,151,49,0.05,0.17341549295774647,0.985,"{""deformation_factor"": 0.5, ""k_neighbors"": 4, ""selection_strategy"": ""minority"", ""truncation_factor"": -1.0}",4,-1.0,0.5,minority
Palong_Basemap,gsmote,spatial,2171,200,1971,0.09212344541685859,3153,1416,0.08151718287058811,0.09212344541685859,-0.010606262546270478,0.4613964992389651,0.7637033625057578,0.4722640791476408,0.06406685236768803,0.115,0.08228980322003578,0.902317880794702,0.8295281582952816,0.47334157092008927,-0.0431821810574428,1635,336,177,23,0.05,0.16475095785440613,0.86,"{""deformation_factor"": 0.5, ""k_neighbors"": 4, ""selection_strategy"": ""combined"", ""truncation_factor"": -1.0}",4,-1.0,0.5,combined
Palong_Basemap,gsmote,spatial,2171,200,1971,0.09212344541685859,3153,1416,0.08142839978585457,0.09212344541685859,-0.010695045631004013,0.45748731608320653,0.7383694150161216,0.47852866565195334,0.07407407407407407,0.16,0.10126582278481013,0.9033927544565843,0.7970573313039067,0.47408304616329455,-0.031106824284716093,1571,400,168,32,0.05,0.1710646041856233,0.94,"{""deformation_factor"": 1.0, ""k_neighbors"": 4, ""selection_strategy"": ""minority"", ""truncation_factor"": -1.0}",4,-1.0,1.0,minority
Palong_Basemap,gsmote,spatial,2171,200,1971,0.09212344541685859,3153,1416,0.08011341641806924,0.09212344541685859,-0.012010028998789349,0.4516412988330797,0.8189774297558728,0.477995941146626,0.055299539170506916,0.06,0.05755395683453238,0.9037871033776868,0.8959918822932521,0.47871328414975023,-0.04243253292601492,1766,205,188,12,0.05,0.15680323722812342,0.775,"{""deformation_factor"": 1.0, ""k_neighbors"": 4, ""selection_strategy"": ""combined"", ""truncation_factor"": -1.0}",4,-1.0,1.0,combined
Palong_Basemap,gsmote,spatial,2171,200,1971,0.09212344541685859,3153,1416,0.09269082290738706,0.09212344541685859,0.0005673774905284729,0.4956456113647894,0.5601105481345002,0.4949175545408422,0.09011943539630836,0.415,0.1480820695807315,0.9064,0.5748351090816844,0.42579514841967336,-0.005948071917073279,1133,838,117,83,0.11,0.17570596145226355,0.98,"{""deformation_factor"": 0.0, ""k_neighbors"": 4, ""selection_strategy"": ""minority"", ""truncation_factor"": 0.0}",4,0.0,0.0,minority
Palong_Basemap,gsmote,spatial,2171,200,1971,0.09212344541685859,3153,1416,0.08300779423624347,0.09212344541685859,-0.009115651180615122,0.4665131912734653,0.688622754491018,0.4780872653475393,0.07801418439716312,0.22,0.11518324607329843,0.9029247044181705,0.7361745306950787,0.4631254408119427,-0.028902632114416318,1451,520,156,44,0.05,0.1709868121873579,0.94,"{""deformation_factor"": 0.0, ""k_neighbors"": 4, ""selection_strategy"": ""combined"", ""truncation_factor"": 0.0}",4,0.0,0.0,combined
Palong_Basemap,gsmote,spatial,2171,200,1971,0.09212344541685859,3153,1416,0.08546628423214987,0.09212344541685859,-0.006657161184708715,0.48346017250126844,0.643021649009673,0.4754363267376966,0.07906295754026355,0.27,0.12231030577576443,0.9018817204301075,0.6808726534753932,0.44912855560543063,-0.030596362667604037,1342,629,146,54,0.15,0.17459538989700835,0.89,"{""deformation_factor"": 0.5, ""k_neighbors"": 4, ""selection_strategy"": ""minority"", ""truncation_factor"": 0.0}",4,0.0,0.5,minority
Palong_Basemap,gsmote,spatial,2171,200,1971,0.09212344541685859,3153,1416,0.08143202971962143,0.09212344541685859,-0.010691415697237153,0.46617706747843746,0.7494242284661446,0.4688926940639269,0.06345177664974619,0.125,0.08417508417508418,0.9015194147439505,0.8127853881278538,0.4695155036670512,-0.04668301331089129,1602,369,175,25,0.05,0.16745956232159848,0.88,"{""deformation_factor"": 0.5, ""k_neighbors"": 4, ""selection_strategy"": ""combined"", ""truncation_factor"": 0.0}",4,0.0,0.5,combined
Palong_Basemap,gsmote,spatial,2171,200,1971,0.09212344541685859,3153,1416,0.08165122235241311,0.09212344541685859,-0.01047222306444548,0.46798198883815323,0.7236296637494243,0.4569330289193303,0.05752212389380531,0.13,0.07975460122699386,0.8987783595113438,0.7838660578386606,0.45857648760536684,-0.06135154142203257,1545,426,174,26,0.05,0.1714546283629731,0.94,"{""deformation_factor"": 1.0, ""k_neighbors"": 4, ""selection_strategy"": ""minority"", ""truncation_factor"": 0.0}",4,0.0,1.0,minority
Palong_Basemap,gsmote,spatial,2171,200,1971,0.09212344541685859,3153,1416,0.0801426811821026,0.09212344541685859,-0.011980764234755983,0.4589789446981228,0.7991708889912482,0.46933409436834095,0.04961832061068702,0.065,0.05627705627705628,0.9020429544264013,0.8736681887366818,0.47195296112821883,-0.054449073051198456,1722,249,187,13,0.06,0.16307692307692306,0.795,"{""deformation_factor"": 1.0, ""k_neighbors"": 4, ""selection_strategy"": ""combined"", ""truncation_factor"": 0.0}",4,0.0,1.0,combined
Palong_Basemap,gsmote,spatial,2171,200,1971,0.09212344541685859,3153,1416,0.09204995521783825,0.09212344541685859,-7.349019902033738e-05,0.4943226788432268,0.5743896821741133,0.5027815829528158,0.09325842696629214,0.415,0.15229357798165138,0.9086651053864169,0.5905631659056316,0.434080368326619,0.0032712275376332567,1164,807,117,83,0.11,0.17639077340569878,0.975,"{""deformation_factor"": 0.0, ""k_neighbors"": 4, ""selection_strategy"": ""minority"", ""truncation_factor"": 0.5}",4,0.5,0.0,minority
Palong_Basemap,gsmote,spatial,2171,200,1971,0.09212344541685859,3153,1416,0.08255372169761593,0.09212344541685859,-0.009569723719242654,0.4624771689497717,0.688622754491018,0.47134830035514963,0.07347670250896057,0.205,0.10817941952506596,0.9014259144451333,0.7376966007102993,0.45978167404824727,-0.03792315073680091,1454,517,159,41,0.05,0.16819012797074953,0.92,"{""deformation_factor"": 0.0, ""k_neighbors"": 4, ""selection_strategy"": ""combined"", ""truncation_factor"": 0.5}",4,0.5,0.0,combined
Palong_Basemap,gsmote,spatial,2171,200,1971,0.09212344541685859,3153,1416,0.08509069650476833,0.09212344541685859,-0.007032748912090256,0.48284119736174536,0.6577614002763703,0.4835540334855403,0.08294930875576037,0.27,0.12690951821386603,0.9039473684210526,0.6971080669710806,0.45703825953660937,-0.020760385756449153,1374,597,146,54,0.06,0.17399103139013453,0.97,"{""deformation_factor"": 0.5, ""k_neighbors"": 4, ""selection_strategy"": ""minority"", ""truncation_factor"": 0.5}",4,0.5,0.5,minority
Palong_Basemap,gsmote,spatial,2171,200,1971,0.09212344541685859,3153,1416,0.0804630521794884,0.09212344541685859,-0.011660393237370184,0.45912988330796545,0.7475817595578075,0.4588926940639269,0.05384615384615385,0.105,0.0711864406779661,0.8994946659180236,0.8127853881278538,0.46256550178887645,-0.061935986254847544,1602,369,179,21,0.05,0.16420047732696896,0.86,"{""deformation_factor"": 0.5, ""k_neighbors"": 4, ""selection_strategy"": ""combined"", ""truncation_factor"": 0.5}",4,0.5,0.5,combined
Palong_Basemap,gsmote,spatial,2171,200,1971,0.09212344541685859,3153,1416,0.08242549254721147,0.09212344541685859,-0.009697952869647114,0.47203703703703703,0.7540304007369876,0.47816844241501777,0.07179487179487179,0.14,0.09491525423728814,0.9034250421111735,0.8163368848300355,0.4762955802103285,-0.032893399840119596,1609,362,172,28,0.05,0.17298797409805736,0.935,"{""deformation_factor"": 1.0, ""k_neighbors"": 4, ""selection_strategy"": ""minority"", ""truncation_factor"": 0.5}",4,0.5,1.0,minority
Palong_Basemap,gsmote,spatial,2171,200,1971,0.09212344541685859,3153,1416,0.07916862930038077,0.09212344541685859,-0.012954816116477821,0.4550380517503805,0.8070013818516812,0.4691539827498732,0.04564315352697095,0.055,0.049886621315192746,0.9020725388601036,0.8833079654997463,0.4712391322418055,-0.05679370835821932,1741,230,189,11,0.06,0.15987622485817432,0.775,"{""deformation_factor"": 1.0, ""k_neighbors"": 4, ""selection_strategy"": ""combined"", ""truncation_factor"": 0.5}",4,0.5,1.0,combined
Palong_Basemap,gsmote,spatial,2171,200,1971,0.09212344541685859,3153,1416,0.09315971850399624,0.09212344541685859,0.0010362730871376485,0.49460553018772196,0.5808383233532934,0.49510147133434806,0.09006928406466513,0.39,0.14634146341463414,0.9065134099616858,0.6002029426686961,0.4342818428184282,-0.005786150926345341,1183,788,122,78,0.05,0.17333919929608446,0.985,"{""deformation_factor"": 0.0, ""k_neighbors"": 4, ""selection_strategy"": ""minority"", ""truncation_factor"": 1.0}",4,1.0,0.0,minority
Palong_Basemap,gsmote,spatial,2171,200,1971,0.09212344541685859,3153,1416,0.08316321980316306,0.09212344541685859,-0.008960225613695527,0.4627067478437341,0.6978350990327038,0.4674365804160324,0.06981132075471698,0.185,0.10136986301369863,0.9006703229737965,0.7498731608320649,0.4598765151170376,-0.04384560686539658,1478,493,163,37,0.07,0.16784535596416786,0.89,"{""deformation_factor"": 0.0, ""k_neighbors"": 4, ""selection_strategy"": ""combined"", ""truncation_factor"": 1.0}",4,1.0,0.0,combined
Palong_Basemap,gsmote,spatial,2171,200,1971,0.09212344541685859,3153,1416,0.08463926169852004,0.09212344541685859,-0.007484183718338547,0.4838406900050737,0.6757254721326578,0.4777232369355657,0.07859531772575251,0.235,0.11779448621553884,0.9027336300063573,0.7204464738711314,0.4595744440107039,-0.028842004352522346,1420,551,153,47,0.05,0.1700984780662489,0.95,"{""deformation_factor"": 0.5, ""k_neighbors"": 4, ""selection_strategy"": ""minority"", ""truncation_factor"": 1.0}",4,1.0,0.5,minority
Palong_Basemap,gsmote,spatial,2171,200,1971,0.09212344541685859,3153,1416,0.08075004684987422,0.09212344541685859,-0.011373398566984369,0.4579895991882294,0.7600184246890834,0.4612493658041603,0.052924791086350974,0.095,0.06797853309481217,0.9001103752759382,0.8274987316083207,0.4651285739753733,-0.060331038253346826,1631,340,181,19,0.05,0.16328502415458937,0.845,"{""deformation_factor"": 0.5, ""k_neighbors"": 4, ""selection_strategy"": ""combined"", ""truncation_factor"": 1.0}",4,1.0,0.5,combined
Palong_Basemap,gsmote,spatial,2171,200,1971,0.09212344541685859,3153,1416,0.08100776304176684,0.09212344541685859,-0.011115682375091751,0.4624974632166413,0.783049286043298,0.476179604261796,0.06430868167202572,0.1,0.07827788649706457,0.9032258064516129,0.852359208523592,0.4776667427786811,-0.03932788681681965,1680,291,180,20,0.05,0.16553727008712488,0.855,"{""deformation_factor"": 1.0, ""k_neighbors"": 4, ""selection_strategy"": ""minority"", ""truncation_factor"": 1.0}",4,1.0,1.0,minority
Palong_Basemap,gsmote,spatial,2171,200,1971,0.09212344541685859,3153,1416,0.07941461061257886,0.09212344541685859,-0.012708834804279728,0.45279680365296804,0.8309534776600644,0.48009893455098934,0.053475935828877004,0.05,0.05167958656330749,0.9042338709677419,0.9101978691019786,0.47944282741566135,-0.041027305609600835,1794,177,190,10,0.06,0.15764075067024128,0.735,"{""deformation_factor"": 1.0, ""k_neighbors"": 4, ""selection_strategy"": ""combined"", ""truncation_factor"": 1.0}",4,1.0,1.0,combined
