source,window,C,set,n_feats,fold_pr,ref_fold_pr,diff_fold_pr,share_cells_better,pooled_roc,ref_pooled_roc
pt10m,survey_12m,0.01,NDVI_only,1,0.1354,0.1354,0.0,0.0,0.6429,0.6429
pt10m,survey_12m,0.01,S1_anom_all,12,0.0834,0.1354,-0.052,0.08,0.557,0.6429
pt10m,survey_12m,0.01,S1_anom_all+NDVI,13,0.1329,0.1354,-0.0024,0.54,0.6378,0.6429
pt10m,survey_12m,0.01,S1_anom_desc,6,0.0923,0.1354,-0.0431,0.16,0.5849,0.6429
pt10m,survey_12m,0.01,S1_anom_desc+NDVI,7,0.1383,0.1354,0.0029,0.6,0.6508,0.6429
pt10m,survey_12m,0.01,S2_anom,4,0.1068,0.1354,-0.0286,0.2,0.5815,0.6429
pt10m,survey_12m,0.01,S2_anom+NDVI,5,0.1287,0.1354,-0.0066,0.28,0.6166,0.6429
pt10m,survey_12m,0.01,S1_desc_all,18,0.0926,0.1354,-0.0428,0.2,0.5841,0.6429
pt10m,survey_12m,0.01,S1_desc_all+NDVI,19,0.138,0.1354,0.0027,0.56,0.6521,0.6429
pt10m,survey_12m,0.1,NDVI_only,1,0.1354,0.1354,0.0,0.0,0.6428,0.6428
pt10m,survey_12m,0.1,S1_anom_all,12,0.0827,0.1354,-0.0527,0.08,0.5515,0.6428
pt10m,survey_12m,0.1,S1_anom_all+NDVI,13,0.1295,0.1354,-0.0058,0.44,0.6342,0.6428
pt10m,survey_12m,0.1,S1_anom_desc,6,0.0914,0.1354,-0.044,0.14,0.5823,0.6428
pt10m,survey_12m,0.1,S1_anom_desc+NDVI,7,0.1367,0.1354,0.0014,0.56,0.648,0.6428
pt10m,survey_12m,0.1,S2_anom,4,0.1048,0.1354,-0.0306,0.2,0.5837,0.6428
pt10m,survey_12m,0.1,S2_anom+NDVI,5,0.1277,0.1354,-0.0077,0.26,0.6103,0.6428
pt10m,survey_12m,0.1,S1_desc_all,18,0.0908,0.1354,-0.0446,0.18,0.5829,0.6428
pt10m,survey_12m,0.1,S1_desc_all+NDVI,19,0.1348,0.1354,-0.0006,0.52,0.6498,0.6428
pt10m,survey_12m,1.0,NDVI_only,1,0.1354,0.1354,0.0,0.0,0.6428,0.6428
pt10m,survey_12m,1.0,S1_anom_all,12,0.0825,0.1354,-0.0529,0.08,0.5506,0.6428
pt10m,survey_12m,1.0,S1_anom_all+NDVI,13,0.1291,0.1354,-0.0063,0.42,0.6335,0.6428
pt10m,survey_12m,1.0,S1_anom_desc,6,0.0912,0.1354,-0.0442,0.14,0.5819,0.6428
pt10m,survey_12m,1.0,S1_anom_desc+NDVI,7,0.1364,0.1354,0.001,0.56,0.6475,0.6428
pt10m,survey_12m,1.0,S2_anom,4,0.1049,0.1354,-0.0304,0.2,0.5854,0.6428
pt10m,survey_12m,1.0,S2_anom+NDVI,5,0.1258,0.1354,-0.0095,0.2,0.6076,0.6428
pt10m,survey_12m,1.0,S1_desc_all,18,0.0857,0.1354,-0.0497,0.14,0.5803,0.6428
pt10m,survey_12m,1.0,S1_desc_all+NDVI,19,0.1295,0.1354,-0.0059,0.46,0.6451,0.6428
pt10m,survey_6m,0.01,NDVI_only,1,0.1354,0.1354,0.0,0.0,0.6429,0.6429
pt10m,survey_6m,0.01,S1_anom_all,6,0.079,0.1354,-0.0564,0.04,0.5027,0.6429
pt10m,survey_6m,0.01,S1_anom_all+NDVI,7,0.1308,0.1354,-0.0046,0.44,0.6199,0.6429
pt10m,survey_6m,0.01,S2_anom,4,0.1007,0.1354,-0.0347,0.14,0.5637,0.6429
pt10m,survey_6m,0.01,S2_anom+NDVI,5,0.1305,0.1354,-0.0048,0.36,0.6212,0.6429
pt10m,survey_6m,0.1,NDVI_only,1,0.1354,0.1354,0.0,0.0,0.6428,0.6428
pt10m,survey_6m,0.1,S1_anom_all,6,0.0798,0.1354,-0.0556,0.04,0.507,0.6428
pt10m,survey_6m,0.1,S1_anom_all+NDVI,7,0.1309,0.1354,-0.0045,0.48,0.6187,0.6428
pt10m,survey_6m,0.1,S2_anom,4,0.1034,0.1354,-0.032,0.22,0.5798,0.6428
pt10m,survey_6m,0.1,S2_anom+NDVI,5,0.1312,0.1354,-0.0042,0.46,0.6245,0.6428
pt10m,survey_6m,1.0,NDVI_only,1,0.1354,0.1354,0.0,0.0,0.6428,0.6428
pt10m,survey_6m,1.0,S1_anom_all,6,0.0798,0.1354,-0.0556,0.04,0.5077,0.6428
pt10m,survey_6m,1.0,S1_anom_all+NDVI,7,0.1308,0.1354,-0.0046,0.46,0.6184,0.6428
pt10m,survey_6m,1.0,S2_anom,4,0.1046,0.1354,-0.0308,0.24,0.5882,0.6428
pt10m,survey_6m,1.0,S2_anom+NDVI,5,0.1309,0.1354,-0.0045,0.44,0.6251,0.6428
pt10m,matched_12m,0.01,NDVI_only,1,0.1354,0.1354,0.0,0.0,0.6429,0.6429
pt10m,matched_12m,0.01,S1_anom_all,12,0.0855,0.1354,-0.0499,0.04,0.5586,0.6429
pt10m,matched_12m,0.01,S1_anom_all+NDVI,13,0.1347,0.1354,-0.0007,0.5,0.6358,0.6429
pt10m,matched_12m,0.01,S1_anom_desc,6,0.0923,0.1354,-0.0431,0.16,0.5849,0.6429
pt10m,matched_12m,0.01,S1_anom_desc+NDVI,7,0.1383,0.1354,0.0029,0.6,0.6508,0.6429
pt10m,matched_12m,0.01,S2_anom,4,0.104,0.1354,-0.0314,0.18,0.5746,0.6429
pt10m,matched_12m,0.01,S2_anom+NDVI,5,0.1278,0.1354,-0.0075,0.26,0.6162,0.6429
pt10m,matched_12m,0.01,S1_desc_all,18,0.0926,0.1354,-0.0428,0.2,0.5841,0.6429
pt10m,matched_12m,0.01,S1_desc_all+NDVI,19,0.138,0.1354,0.0027,0.56,0.6521,0.6429
pt10m,matched_12m,0.1,NDVI_only,1,0.1354,0.1354,0.0,0.0,0.6428,0.6428
pt10m,matched_12m,0.1,S1_anom_all,12,0.085,0.1354,-0.0504,0.04,0.5534,0.6428
pt10m,matched_12m,0.1,S1_anom_all+NDVI,13,0.1325,0.1354,-0.0029,0.52,0.6317,0.6428
pt10m,matched_12m,0.1,S1_anom_desc,6,0.0914,0.1354,-0.044,0.14,0.5823,0.6428
pt10m,matched_12m,0.1,S1_anom_desc+NDVI,7,0.1367,0.1354,0.0014,0.56,0.648,0.6428
pt10m,matched_12m,0.1,S2_anom,4,0.1046,0.1354,-0.0308,0.18,0.5802,0.6428
pt10m,matched_12m,0.1,S2_anom+NDVI,5,0.1273,0.1354,-0.0081,0.22,0.6112,0.6428
pt10m,matched_12m,0.1,S1_desc_all,18,0.0908,0.1354,-0.0446,0.18,0.5829,0.6428
pt10m,matched_12m,0.1,S1_desc_all+NDVI,19,0.1348,0.1354,-0.0006,0.52,0.6498,0.6428
pt10m,matched_12m,1.0,NDVI_only,1,0.1354,0.1354,0.0,0.0,0.6428,0.6428
pt10m,matched_12m,1.0,S1_anom_all,12,0.085,0.1354,-0.0504,0.06,0.5524,0.6428
pt10m,matched_12m,1.0,S1_anom_all+NDVI,13,0.1322,0.1354,-0.0031,0.52,0.6309,0.6428
pt10m,matched_12m,1.0,S1_anom_desc,6,0.0912,0.1354,-0.0442,0.14,0.5819,0.6428
pt10m,matched_12m,1.0,S1_anom_desc+NDVI,7,0.1364,0.1354,0.001,0.56,0.6475,0.6428
pt10m,matched_12m,1.0,S2_anom,4,0.1066,0.1354,-0.0287,0.18,0.5837,0.6428
pt10m,matched_12m,1.0,S2_anom+NDVI,5,0.1268,0.1354,-0.0086,0.22,0.6089,0.6428
pt10m,matched_12m,1.0,S1_desc_all,18,0.0857,0.1354,-0.0497,0.14,0.5803,0.6428
pt10m,matched_12m,1.0,S1_desc_all+NDVI,19,0.1295,0.1354,-0.0059,0.46,0.6451,0.6428
box3x3,survey_12m,0.01,NDVI_only,1,0.1354,0.1354,0.0,0.0,0.6429,0.6429
box3x3,survey_12m,0.01,S1_anom_all,12,0.0947,0.1354,-0.0407,0.08,0.5667,0.6429
box3x3,survey_12m,0.01,S1_anom_all+NDVI,13,0.136,0.1354,0.0006,0.6,0.6347,0.6429
box3x3,survey_12m,0.01,S1_anom_desc,6,0.091,0.1354,-0.0444,0.08,0.58,0.6429
box3x3,survey_12m,0.01,S1_anom_desc+NDVI,7,0.1412,0.1354,0.0058,0.8,0.6518,0.6429
box3x3,survey_12m,0.01,S2_anom,4,0.1072,0.1354,-0.0282,0.12,0.5593,0.6429
box3x3,survey_12m,0.01,S2_anom+NDVI,5,0.1284,0.1354,-0.007,0.28,0.6115,0.6429
box3x3,survey_12m,0.01,S1_desc_all,18,0.0936,0.1354,-0.0418,0.12,0.5695,0.6429
box3x3,survey_12m,0.01,S1_desc_all+NDVI,19,0.1375,0.1354,0.0022,0.48,0.6503,0.6429
box3x3,survey_12m,0.1,NDVI_only,1,0.1354,0.1354,0.0,0.0,0.6428,0.6428
box3x3,survey_12m,0.1,S1_anom_all,12,0.0933,0.1354,-0.042,0.08,0.5631,0.6428
box3x3,survey_12m,0.1,S1_anom_all+NDVI,13,0.1347,0.1354,-0.0006,0.6,0.6318,0.6428
box3x3,survey_12m,0.1,S1_anom_desc,6,0.0902,0.1354,-0.0451,0.1,0.5769,0.6428
box3x3,survey_12m,0.1,S1_anom_desc+NDVI,7,0.1407,0.1354,0.0054,0.7,0.6498,0.6428
box3x3,survey_12m,0.1,S2_anom,4,0.1032,0.1354,-0.0322,0.1,0.545,0.6428
box3x3,survey_12m,0.1,S2_anom+NDVI,5,0.129,0.1354,-0.0063,0.38,0.6007,0.6428
box3x3,survey_12m,0.1,S1_desc_all,18,0.0902,0.1354,-0.0452,0.14,0.566,0.6428
box3x3,survey_12m,0.1,S1_desc_all+NDVI,19,0.1358,0.1354,0.0005,0.46,0.6505,0.6428
box3x3,survey_12m,1.0,NDVI_only,1,0.1354,0.1354,0.0,0.0,0.6428,0.6428
box3x3,survey_12m,1.0,S1_anom_all,12,0.0932,0.1354,-0.0422,0.08,0.5625,0.6428
box3x3,survey_12m,1.0,S1_anom_all+NDVI,13,0.1346,0.1354,-0.0008,0.6,0.6312,0.6428
box3x3,survey_12m,1.0,S1_anom_desc,6,0.0903,0.1354,-0.0451,0.1,0.5765,0.6428
box3x3,survey_12m,1.0,S1_anom_desc+NDVI,7,0.1406,0.1354,0.0053,0.7,0.6494,0.6428
box3x3,survey_12m,1.0,S2_anom,4,0.1017,0.1354,-0.0337,0.12,0.5363,0.6428
box3x3,survey_12m,1.0,S2_anom+NDVI,5,0.1292,0.1354,-0.0062,0.5,0.5949,0.6428
box3x3,survey_12m,1.0,S1_desc_all,18,0.0905,0.1354,-0.0449,0.16,0.5684,0.6428
box3x3,survey_12m,1.0,S1_desc_all+NDVI,19,0.1348,0.1354,-0.0006,0.32,0.6508,0.6428
box3x3,survey_6m,0.01,NDVI_only,1,0.1354,0.1354,0.0,0.0,0.6429,0.6429
box3x3,survey_6m,0.01,S1_anom_all,6,0.1075,0.1354,-0.0278,0.14,0.5227,0.6429
box3x3,survey_6m,0.01,S1_anom_all+NDVI,7,0.1333,0.1354,-0.0021,0.54,0.6264,0.6429
box3x3,survey_6m,0.01,S2_anom,4,0.1021,0.1354,-0.0333,0.2,0.545,0.6429
box3x3,survey_6m,0.01,S2_anom+NDVI,5,0.133,0.1354,-0.0024,0.36,0.6294,0.6429
box3x3,survey_6m,0.1,NDVI_only,1,0.1354,0.1354,0.0,0.0,0.6428,0.6428
box3x3,survey_6m,0.1,S1_anom_all,6,0.1077,0.1354,-0.0276,0.16,0.5245,0.6428
box3x3,survey_6m,0.1,S1_anom_all+NDVI,7,0.1319,0.1354,-0.0035,0.46,0.6266,0.6428
box3x3,survey_6m,0.1,S2_anom,4,0.113,0.1354,-0.0223,0.26,0.5744,0.6428
box3x3,survey_6m,0.1,S2_anom+NDVI,5,0.1348,0.1354,-0.0006,0.46,0.6324,0.6428
box3x3,survey_6m,1.0,NDVI_only,1,0.1354,0.1354,0.0,0.0,0.6428,0.6428
box3x3,survey_6m,1.0,S1_anom_all,6,0.1065,0.1354,-0.0289,0.12,0.5248,0.6428
box3x3,survey_6m,1.0,S1_anom_all+NDVI,7,0.1319,0.1354,-0.0035,0.48,0.6266,0.6428
box3x3,survey_6m,1.0,S2_anom,4,0.1186,0.1354,-0.0168,0.28,0.595,0.6428
box3x3,survey_6m,1.0,S2_anom+NDVI,5,0.1347,0.1354,-0.0007,0.44,0.6293,0.6428
box3x3,matched_12m,0.01,NDVI_only,1,0.1354,0.1354,0.0,0.0,0.6429,0.6429
box3x3,matched_12m,0.01,S1_anom_all,12,0.0961,0.1354,-0.0393,0.1,0.5606,0.6429
box3x3,matched_12m,0.01,S1_anom_all+NDVI,13,0.1366,0.1354,0.0012,0.48,0.628,0.6429
box3x3,matched_12m,0.01,S1_anom_desc,6,0.0899,0.1354,-0.0455,0.12,0.5793,0.6429
box3x3,matched_12m,0.01,S1_anom_desc+NDVI,7,0.1403,0.1354,0.005,0.74,0.6489,0.6429
box3x3,matched_12m,0.01,S2_anom,4,0.109,0.1354,-0.0264,0.1,0.5661,0.6429
box3x3,matched_12m,0.01,S2_anom+NDVI,5,0.129,0.1354,-0.0064,0.34,0.6143,0.6429
box3x3,matched_12m,0.01,S1_desc_all,21,0.0916,0.1354,-0.0438,0.14,0.57,0.6429
box3x3,matched_12m,0.01,S1_desc_all+NDVI,22,0.1353,0.1354,-0.0001,0.52,0.645,0.6429
box3x3,matched_12m,0.1,NDVI_only,1,0.1354,0.1354,0.0,0.0,0.6428,0.6428
box3x3,matched_12m,0.1,S1_anom_all,12,0.096,0.1354,-0.0394,0.1,0.5568,0.6428
box3x3,matched_12m,0.1,S1_anom_all+NDVI,13,0.1356,0.1354,0.0002,0.5,0.6256,0.6428
box3x3,matched_12m,0.1,S1_anom_desc,6,0.0904,0.1354,-0.0449,0.14,0.5763,0.6428
box3x3,matched_12m,0.1,S1_anom_desc+NDVI,7,0.14,0.1354,0.0046,0.64,0.6468,0.6428
box3x3,matched_12m,0.1,S2_anom,4,0.1053,0.1354,-0.03,0.14,0.5544,0.6428
box3x3,matched_12m,0.1,S2_anom+NDVI,5,0.1305,0.1354,-0.0048,0.4,0.6077,0.6428
box3x3,matched_12m,0.1,S1_desc_all,21,0.0958,0.1354,-0.0396,0.26,0.5783,0.6428
box3x3,matched_12m,0.1,S1_desc_all+NDVI,22,0.1355,0.1354,0.0001,0.5,0.6461,0.6428
box3x3,matched_12m,1.0,NDVI_only,1,0.1354,0.1354,0.0,0.0,0.6428,0.6428
box3x3,matched_12m,1.0,S1_anom_all,12,0.0964,0.1354,-0.039,0.1,0.5561,0.6428
box3x3,matched_12m,1.0,S1_anom_all+NDVI,13,0.1353,0.1354,-0.0,0.5,0.6252,0.6428
box3x3,matched_12m,1.0,S1_anom_desc,6,0.0907,0.1354,-0.0447,0.16,0.5759,0.6428
box3x3,matched_12m,1.0,S1_anom_desc+NDVI,7,0.14,0.1354,0.0046,0.64,0.6465,0.6428
box3x3,matched_12m,1.0,S2_anom,4,0.1037,0.1354,-0.0316,0.16,0.5456,0.6428
box3x3,matched_12m,1.0,S2_anom+NDVI,5,0.1289,0.1354,-0.0064,0.4,0.6005,0.6428
box3x3,matched_12m,1.0,S1_desc_all,21,0.0928,0.1354,-0.0426,0.2,0.5817,0.6428
box3x3,matched_12m,1.0,S1_desc_all+NDVI,22,0.1331,0.1354,-0.0023,0.46,0.6474,0.6428
