,n,cohen_d,mwu_p,roc_auc_dir,pr_auc_dir
s2ndvi_mean,2511.0,-0.2239,0.0051011690250859386,0.5661,0.0872
s2ndvi_std,2511.0,-0.212,0.03049218809242224,0.551,0.0715
s2ndvi_cv,2511.0,-0.1828,0.08946664950341378,0.5401,0.0666
s2ndvi_slope,2511.0,0.0374,0.6221114150502209,0.4884,0.0691
s2ndvi_delta90,2511.0,-0.0466,0.6845130848015168,0.5096,0.07
s2ndvi_anom_mean,2511.0,-0.3409,8.6481920471361e-06,0.6049,0.099
s2ndvi_anom_std,2511.0,0.1364,0.1367980563738279,0.4649,0.0574
s2ndre_mean,2511.0,-0.3354,9.69311600490741e-05,0.592,0.0993
s2ndre_std,2511.0,-0.3111,0.00034032657812937077,0.5845,0.0772
s2ndre_cv,2511.0,-0.2574,0.005915969410494789,0.5649,0.0715
s2ndre_slope,2511.0,-0.1526,0.03568694958375338,0.5496,0.0779
s2ndre_delta90,2511.0,-0.2198,0.004556677871589893,0.5669,0.0831
s2ndre_anom_mean,2511.0,-0.4048,1.8866219062165877e-06,0.6124,0.1052
s2ndre_anom_std,2511.0,0.1452,0.09842786507380093,0.461,0.0575
s1asc_VV_mean,2511.0,0.0641,0.2075831904833737,0.4703,0.0608
s1asc_VV_std,2511.0,-0.0471,0.577809177112808,0.5131,0.0714
s1asc_VV_cv,2511.0,-0.0218,0.7967477086682312,0.4939,0.0645
s1asc_VV_slope,2511.0,0.0147,0.6736591111520605,0.4901,0.0663
s1asc_VV_delta90,2511.0,-0.0089,0.8919838812624854,0.4968,0.0707
s1asc_VV_anom_mean,2511.0,0.0641,0.20758319229187938,0.4703,0.0608
s1asc_VV_anom_std,2511.0,-0.0524,0.5157587774479591,0.5153,0.0702
s1asc_VH_mean,2511.0,0.1486,0.03205766674208409,0.4494,0.057
s1asc_VH_std,2511.0,-0.0586,0.4489419625280947,0.5179,0.0679
s1asc_VH_cv,2511.0,-0.0037,0.6333831237924437,0.5113,0.0661
s1asc_VH_slope,2511.0,0.0388,0.9295082775130206,0.4979,0.0663
s1asc_VH_delta90,2511.0,0.0127,0.9503537584418664,0.4985,0.0685
s1asc_VH_anom_mean,2511.0,0.1486,0.03204411693514025,0.4494,0.057
s1asc_VH_anom_std,2511.0,-0.0615,0.39919952520684754,0.5199,0.0692
s1asc_VH_VV_dB_mean,2511.0,0.1302,0.09847428432950608,0.461,0.0593
s1asc_VH_VV_dB_std,2511.0,-0.0806,0.3212923397614025,0.5234,0.0718
s1asc_VH_VV_dB_cv,2511.0,-0.0224,0.6978493449213896,0.5092,0.0652
s1asc_VH_VV_dB_slope,2511.0,0.0214,0.7895803739872835,0.4937,0.0685
s1asc_VH_VV_dB_delta90,2511.0,0.0147,0.7827337455758788,0.4935,0.0733
s1asc_VH_VV_dB_anom_mean,2511.0,0.1302,0.09845132662769605,0.461,0.0593
s1asc_VH_VV_dB_anom_std,2511.0,-0.0731,0.37988997459205553,0.5207,0.0701
s1desc_VV_mean,2511.0,-0.3007,0.00012391619844462202,0.5905,0.0913
s1desc_VV_std,2511.0,0.0318,0.7413851203976356,0.4922,0.0673
s1desc_VV_cv,2511.0,-0.1363,0.07780281160248195,0.5416,0.0804
s1desc_VV_slope,2511.0,-0.2291,0.02695230885823517,0.5522,0.0835
s1desc_VV_anom_mean,2511.0,-0.3007,0.00012391620248111937,0.5905,0.0913
s1desc_VV_anom_std,2511.0,0.0401,0.5903870938010233,0.4873,0.0678
s1desc_VH_mean,2511.0,-0.2988,6.996432050308187e-05,0.5938,0.0856
s1desc_VH_std,2511.0,-0.0108,0.7103561976656502,0.4912,0.0673
s1desc_VH_cv,2511.0,-0.0976,0.4616315128279399,0.5174,0.0721
s1desc_VH_slope,2511.0,0.0265,0.6743586760745905,0.4901,0.064
s1desc_VH_anom_mean,2511.0,-0.2988,6.996432404828088e-05,0.5938,0.0856
s1desc_VH_anom_std,2511.0,-0.033,0.9646298384766249,0.499,0.0647
s1desc_VH_VV_dB_mean,2511.0,-0.0006,0.9688521905526729,0.5009,0.0672
s1desc_VH_VV_dB_std,2511.0,-0.0227,0.9278514903433324,0.5021,0.0702
s1desc_VH_VV_dB_cv,2511.0,-0.012,0.9858390503423202,0.5004,0.0723
s1desc_VH_VV_dB_slope,2511.0,0.1646,0.13335396023791404,0.4646,0.0569
s1desc_VH_VV_dB_anom_mean,2511.0,-0.0006,0.9688521907237477,0.5009,0.0672
s1desc_VH_VV_dB_anom_std,2511.0,-0.0271,0.921585457418298,0.5023,0.0702
