source,window,C,set,corner,n_train,pos_train,corner_pr,corner_roc,random_pr,random_roc
pt10m,survey_12m,1.0,NDVI_only,SW,584,63,0.0831,0.6225,0.1387,0.6594
pt10m,survey_12m,1.0,NDVI_only,NW,671,33,0.1479,0.6809,0.1321,0.6573
pt10m,survey_12m,1.0,NDVI_only,SE,670,40,0.1371,0.657,0.1329,0.6658
pt10m,survey_12m,1.0,NDVI_only,NE,586,24,0.1384,0.6452,0.1195,0.6396
pt10m,survey_12m,1.0,S1_anom_all,SW,584,63,0.0595,0.5324,0.0835,0.5416
pt10m,survey_12m,1.0,S1_anom_all,NW,671,33,0.0657,0.4659,0.0817,0.5472
pt10m,survey_12m,1.0,S1_anom_all,SE,670,40,0.0858,0.538,0.0808,0.5385
pt10m,survey_12m,1.0,S1_anom_all,NE,586,24,0.0946,0.5594,0.0693,0.5235
pt10m,survey_12m,1.0,S1_anom_all+NDVI,SW,584,63,0.0778,0.5749,0.1179,0.6118
pt10m,survey_12m,1.0,S1_anom_all+NDVI,NW,671,33,0.0966,0.5571,0.1224,0.6433
pt10m,survey_12m,1.0,S1_anom_all+NDVI,SE,670,40,0.1301,0.6525,0.1211,0.6207
pt10m,survey_12m,1.0,S1_anom_all+NDVI,NE,586,24,0.1408,0.6301,0.1134,0.5916
pt10m,survey_12m,1.0,S1_anom_desc,SW,584,63,0.0618,0.5464,0.0793,0.531
pt10m,survey_12m,1.0,S1_anom_desc,NW,671,33,0.0714,0.4971,0.0853,0.572
pt10m,survey_12m,1.0,S1_anom_desc,SE,670,40,0.0923,0.5736,0.0767,0.5603
pt10m,survey_12m,1.0,S1_anom_desc,NE,586,24,0.0919,0.5764,0.0863,0.5626
pt10m,survey_12m,1.0,S1_anom_desc+NDVI,SW,584,63,0.0781,0.5792,0.1207,0.6305
pt10m,survey_12m,1.0,S1_anom_desc+NDVI,NW,671,33,0.106,0.5861,0.1216,0.6279
pt10m,survey_12m,1.0,S1_anom_desc+NDVI,SE,670,40,0.1357,0.6556,0.1342,0.6497
pt10m,survey_12m,1.0,S1_anom_desc+NDVI,NE,586,24,0.1474,0.6485,0.1239,0.6261
pt10m,survey_12m,1.0,S2_anom,SW,584,63,0.061,0.5671,0.1004,0.6059
pt10m,survey_12m,1.0,S2_anom,NW,671,33,0.0875,0.5038,0.0938,0.5771
pt10m,survey_12m,1.0,S2_anom,SE,670,40,0.1051,0.5938,0.0964,0.5744
pt10m,survey_12m,1.0,S2_anom,NE,586,24,0.0841,0.4703,0.0926,0.5843
pt10m,survey_12m,1.0,S2_anom+NDVI,SW,584,63,0.0842,0.6077,0.1228,0.6296
pt10m,survey_12m,1.0,S2_anom+NDVI,NW,671,33,0.0927,0.5065,0.1305,0.6379
pt10m,survey_12m,1.0,S2_anom+NDVI,SE,670,40,0.1104,0.6028,0.1236,0.6239
pt10m,survey_12m,1.0,S2_anom+NDVI,NE,586,24,0.1194,0.5588,0.117,0.6214
pt10m,survey_12m,1.0,S1_desc_all,SW,584,63,0.0605,0.5628,0.0808,0.5689
pt10m,survey_12m,1.0,S1_desc_all,NW,671,33,0.0746,0.5231,0.0779,0.5557
pt10m,survey_12m,1.0,S1_desc_all,SE,670,40,0.0986,0.6014,0.0772,0.557
pt10m,survey_12m,1.0,S1_desc_all,NE,586,24,0.092,0.5869,0.0791,0.5641
pt10m,survey_12m,1.0,S1_desc_all+NDVI,SW,584,63,0.0846,0.5908,0.1283,0.6421
pt10m,survey_12m,1.0,S1_desc_all+NDVI,NW,671,33,0.0916,0.5697,0.1117,0.6264
pt10m,survey_12m,1.0,S1_desc_all+NDVI,SE,670,40,0.1409,0.6685,0.1157,0.6185
pt10m,survey_12m,1.0,S1_desc_all+NDVI,NE,586,24,0.1435,0.652,0.1112,0.6109
pt10m,survey_12m,0.1,NDVI_only,SW,584,63,0.0831,0.6225,0.133,0.6588
pt10m,survey_12m,0.1,NDVI_only,NW,671,33,0.1479,0.6809,0.1333,0.6643
pt10m,survey_12m,0.1,NDVI_only,SE,670,40,0.1371,0.657,0.1327,0.6533
pt10m,survey_12m,0.1,NDVI_only,NE,586,24,0.1384,0.6452,0.1389,0.6665
pt10m,survey_12m,0.1,S1_anom_all,SW,584,63,0.059,0.5358,0.0775,0.5239
pt10m,survey_12m,0.1,S1_anom_all,NW,671,33,0.0654,0.4642,0.0793,0.54
pt10m,survey_12m,0.1,S1_anom_all,SE,670,40,0.086,0.5384,0.0745,0.5199
pt10m,survey_12m,0.1,S1_anom_all,NE,586,24,0.0958,0.5606,0.075,0.5301
pt10m,survey_12m,0.1,S1_anom_all+NDVI,SW,584,63,0.0761,0.5774,0.1143,0.6101
pt10m,survey_12m,0.1,S1_anom_all+NDVI,NW,671,33,0.0962,0.556,0.1116,0.6162
pt10m,survey_12m,0.1,S1_anom_all+NDVI,SE,670,40,0.1301,0.652,0.1188,0.617
pt10m,survey_12m,0.1,S1_anom_all+NDVI,NE,586,24,0.1408,0.6308,0.1049,0.599
pt10m,survey_12m,0.1,S1_anom_desc,SW,584,63,0.0614,0.5489,0.0784,0.534
pt10m,survey_12m,0.1,S1_anom_desc,NW,671,33,0.0714,0.4971,0.0745,0.5202
pt10m,survey_12m,0.1,S1_anom_desc,SE,670,40,0.0925,0.5743,0.0851,0.5574
pt10m,survey_12m,0.1,S1_anom_desc,NE,586,24,0.0916,0.5771,0.0836,0.5723
pt10m,survey_12m,0.1,S1_anom_desc+NDVI,SW,584,63,0.076,0.5829,0.1248,0.6494
pt10m,survey_12m,0.1,S1_anom_desc+NDVI,NW,671,33,0.1055,0.5853,0.1301,0.6441
pt10m,survey_12m,0.1,S1_anom_desc+NDVI,SE,670,40,0.136,0.6566,0.1289,0.6321
pt10m,survey_12m,0.1,S1_anom_desc+NDVI,NE,586,24,0.1474,0.6489,0.1201,0.6381
pt10m,survey_12m,0.1,S2_anom,SW,584,63,0.0624,0.5724,0.0916,0.5923
pt10m,survey_12m,0.1,S2_anom,NW,671,33,0.0915,0.5042,0.0903,0.5859
pt10m,survey_12m,0.1,S2_anom,SE,670,40,0.1041,0.5924,0.0941,0.6031
pt10m,survey_12m,0.1,S2_anom,NE,586,24,0.0781,0.4564,0.0985,0.6009
pt10m,survey_12m,0.1,S2_anom+NDVI,SW,584,63,0.0846,0.6196,0.1169,0.6169
pt10m,survey_12m,0.1,S2_anom+NDVI,NW,671,33,0.093,0.5072,0.1256,0.6364
pt10m,survey_12m,0.1,S2_anom+NDVI,SE,670,40,0.1144,0.6063,0.1227,0.6259
pt10m,survey_12m,0.1,S2_anom+NDVI,NE,586,24,0.1173,0.5595,0.1335,0.65
pt10m,survey_12m,0.1,S1_desc_all,SW,584,63,0.062,0.56,0.0819,0.5469
pt10m,survey_12m,0.1,S1_desc_all,NW,671,33,0.0747,0.5232,0.0878,0.5791
pt10m,survey_12m,0.1,S1_desc_all,SE,670,40,0.0985,0.5918,0.0897,0.5721
pt10m,survey_12m,0.1,S1_desc_all,NE,586,24,0.0953,0.597,0.0848,0.5832
pt10m,survey_12m,0.1,S1_desc_all+NDVI,SW,584,63,0.0832,0.5902,0.1144,0.641
pt10m,survey_12m,0.1,S1_desc_all+NDVI,NW,671,33,0.0939,0.583,0.1241,0.642
pt10m,survey_12m,0.1,S1_desc_all+NDVI,SE,670,40,0.1402,0.6654,0.1289,0.634
pt10m,survey_12m,0.1,S1_desc_all+NDVI,NE,586,24,0.1491,0.655,0.132,0.6417
pt10m,matched_12m,1.0,NDVI_only,SW,584,63,0.0831,0.6225,0.1387,0.6594
pt10m,matched_12m,1.0,NDVI_only,NW,671,33,0.1479,0.6809,0.1321,0.6573
pt10m,matched_12m,1.0,NDVI_only,SE,670,40,0.1371,0.657,0.1329,0.6658
pt10m,matched_12m,1.0,NDVI_only,NE,586,24,0.1384,0.6452,0.1195,0.6396
pt10m,matched_12m,1.0,S1_anom_all,SW,584,63,0.0608,0.5366,0.0846,0.548
pt10m,matched_12m,1.0,S1_anom_all,NW,671,33,0.0626,0.4604,0.0788,0.5519
pt10m,matched_12m,1.0,S1_anom_all,SE,670,40,0.0835,0.5419,0.0827,0.5476
pt10m,matched_12m,1.0,S1_anom_all,NE,586,24,0.0889,0.5483,0.0702,0.5226
pt10m,matched_12m,1.0,S1_anom_all+NDVI,SW,584,63,0.0878,0.5755,0.119,0.6141
pt10m,matched_12m,1.0,S1_anom_all+NDVI,NW,671,33,0.0933,0.5404,0.1255,0.6434
pt10m,matched_12m,1.0,S1_anom_all+NDVI,SE,670,40,0.1311,0.6499,0.1188,0.6089
pt10m,matched_12m,1.0,S1_anom_all+NDVI,NE,586,24,0.1329,0.615,0.1127,0.5851
pt10m,matched_12m,1.0,S1_anom_desc,SW,584,63,0.0618,0.5464,0.0793,0.531
pt10m,matched_12m,1.0,S1_anom_desc,NW,671,33,0.0714,0.4971,0.0853,0.572
pt10m,matched_12m,1.0,S1_anom_desc,SE,670,40,0.0923,0.5736,0.0767,0.5603
pt10m,matched_12m,1.0,S1_anom_desc,NE,586,24,0.0919,0.5764,0.0863,0.5626
pt10m,matched_12m,1.0,S1_anom_desc+NDVI,SW,584,63,0.0781,0.5792,0.1207,0.6305
pt10m,matched_12m,1.0,S1_anom_desc+NDVI,NW,671,33,0.106,0.5861,0.1216,0.6279
pt10m,matched_12m,1.0,S1_anom_desc+NDVI,SE,670,40,0.1357,0.6556,0.1342,0.6497
pt10m,matched_12m,1.0,S1_anom_desc+NDVI,NE,586,24,0.1474,0.6485,0.1239,0.6261
pt10m,matched_12m,1.0,S2_anom,SW,584,63,0.0696,0.5801,0.0989,0.5958
pt10m,matched_12m,1.0,S2_anom,NW,671,33,0.0867,0.4889,0.0947,0.5791
pt10m,matched_12m,1.0,S2_anom,SE,670,40,0.1049,0.5912,0.0973,0.5723
pt10m,matched_12m,1.0,S2_anom,NE,586,24,0.0852,0.4752,0.0935,0.5794
pt10m,matched_12m,1.0,S2_anom+NDVI,SW,584,63,0.0809,0.6163,0.1223,0.6266
pt10m,matched_12m,1.0,S2_anom+NDVI,NW,671,33,0.0868,0.4892,0.1298,0.6375
pt10m,matched_12m,1.0,S2_anom+NDVI,SE,670,40,0.1132,0.6015,0.1237,0.6207
pt10m,matched_12m,1.0,S2_anom+NDVI,NE,586,24,0.1191,0.5624,0.1177,0.6202
pt10m,matched_12m,1.0,S1_desc_all,SW,584,63,0.0605,0.5628,0.0808,0.5689
pt10m,matched_12m,1.0,S1_desc_all,NW,671,33,0.0746,0.5231,0.0779,0.5557
pt10m,matched_12m,1.0,S1_desc_all,SE,670,40,0.0986,0.6014,0.0772,0.557
pt10m,matched_12m,1.0,S1_desc_all,NE,586,24,0.092,0.5869,0.0791,0.5641
pt10m,matched_12m,1.0,S1_desc_all+NDVI,SW,584,63,0.0846,0.5908,0.1283,0.6421
pt10m,matched_12m,1.0,S1_desc_all+NDVI,NW,671,33,0.0916,0.5697,0.1117,0.6264
pt10m,matched_12m,1.0,S1_desc_all+NDVI,SE,670,40,0.1409,0.6685,0.1157,0.6185
pt10m,matched_12m,1.0,S1_desc_all+NDVI,NE,586,24,0.1435,0.652,0.1112,0.6109
pt10m,matched_12m,0.1,NDVI_only,SW,584,63,0.0831,0.6225,0.133,0.6588
pt10m,matched_12m,0.1,NDVI_only,NW,671,33,0.1479,0.6809,0.1333,0.6643
pt10m,matched_12m,0.1,NDVI_only,SE,670,40,0.1371,0.657,0.1327,0.6533
pt10m,matched_12m,0.1,NDVI_only,NE,586,24,0.1384,0.6452,0.1389,0.6665
pt10m,matched_12m,0.1,S1_anom_all,SW,584,63,0.0603,0.5391,0.0797,0.5293
pt10m,matched_12m,0.1,S1_anom_all,NW,671,33,0.0626,0.459,0.0841,0.5425
pt10m,matched_12m,0.1,S1_anom_all,SE,670,40,0.0851,0.5429,0.0755,0.5267
pt10m,matched_12m,0.1,S1_anom_all,NE,586,24,0.0892,0.5498,0.0753,0.5283
pt10m,matched_12m,0.1,S1_anom_all+NDVI,SW,584,63,0.0838,0.5766,0.1191,0.6063
pt10m,matched_12m,0.1,S1_anom_all+NDVI,NW,671,33,0.0934,0.54,0.1121,0.6152
pt10m,matched_12m,0.1,S1_anom_all+NDVI,SE,670,40,0.1311,0.6505,0.1184,0.6206
pt10m,matched_12m,0.1,S1_anom_all+NDVI,NE,586,24,0.1336,0.6168,0.1034,0.594
pt10m,matched_12m,0.1,S1_anom_desc,SW,584,63,0.0614,0.5489,0.0784,0.534
pt10m,matched_12m,0.1,S1_anom_desc,NW,671,33,0.0714,0.4971,0.0745,0.5202
pt10m,matched_12m,0.1,S1_anom_desc,SE,670,40,0.0925,0.5743,0.0851,0.5574
pt10m,matched_12m,0.1,S1_anom_desc,NE,586,24,0.0916,0.5771,0.0836,0.5723
pt10m,matched_12m,0.1,S1_anom_desc+NDVI,SW,584,63,0.076,0.5829,0.1248,0.6494
pt10m,matched_12m,0.1,S1_anom_desc+NDVI,NW,671,33,0.1055,0.5853,0.1301,0.6441
pt10m,matched_12m,0.1,S1_anom_desc+NDVI,SE,670,40,0.136,0.6566,0.1289,0.6321
pt10m,matched_12m,0.1,S1_anom_desc+NDVI,NE,586,24,0.1474,0.6489,0.1201,0.6381
pt10m,matched_12m,0.1,S2_anom,SW,584,63,0.068,0.5788,0.0903,0.5812
pt10m,matched_12m,0.1,S2_anom,NW,671,33,0.0871,0.4905,0.0905,0.5808
pt10m,matched_12m,0.1,S2_anom,SE,670,40,0.1028,0.5878,0.0935,0.5982
pt10m,matched_12m,0.1,S2_anom,NE,586,24,0.0812,0.463,0.0984,0.599
pt10m,matched_12m,0.1,S2_anom+NDVI,SW,584,63,0.0812,0.6204,0.1188,0.6228
pt10m,matched_12m,0.1,S2_anom+NDVI,NW,671,33,0.0872,0.4911,0.1269,0.6359
pt10m,matched_12m,0.1,S2_anom+NDVI,SE,670,40,0.1133,0.6042,0.1227,0.6254
pt10m,matched_12m,0.1,S2_anom+NDVI,NE,586,24,0.1198,0.5636,0.1333,0.6486
pt10m,matched_12m,0.1,S1_desc_all,SW,584,63,0.062,0.56,0.0819,0.5469
pt10m,matched_12m,0.1,S1_desc_all,NW,671,33,0.0747,0.5232,0.0878,0.5791
pt10m,matched_12m,0.1,S1_desc_all,SE,670,40,0.0985,0.5918,0.0897,0.5721
pt10m,matched_12m,0.1,S1_desc_all,NE,586,24,0.0953,0.597,0.0848,0.5832
pt10m,matched_12m,0.1,S1_desc_all+NDVI,SW,584,63,0.0832,0.5902,0.1144,0.641
pt10m,matched_12m,0.1,S1_desc_all+NDVI,NW,671,33,0.0939,0.583,0.1241,0.642
pt10m,matched_12m,0.1,S1_desc_all+NDVI,SE,670,40,0.1402,0.6654,0.1289,0.634
pt10m,matched_12m,0.1,S1_desc_all+NDVI,NE,586,24,0.1491,0.655,0.132,0.6417
box3x3,survey_12m,1.0,NDVI_only,SW,584,63,0.0831,0.6225,0.1387,0.6594
box3x3,survey_12m,1.0,NDVI_only,NW,671,33,0.1479,0.6809,0.1321,0.6573
box3x3,survey_12m,1.0,NDVI_only,SE,670,40,0.1371,0.657,0.1329,0.6658
box3x3,survey_12m,1.0,NDVI_only,NE,586,24,0.1384,0.6452,0.1195,0.6396
box3x3,survey_12m,1.0,S1_anom_all,SW,584,63,0.0538,0.5082,0.0872,0.5612
box3x3,survey_12m,1.0,S1_anom_all,NW,671,33,0.0628,0.4425,0.0851,0.5515
box3x3,survey_12m,1.0,S1_anom_all,SE,670,40,0.0895,0.5307,0.087,0.5576
box3x3,survey_12m,1.0,S1_anom_all,NE,586,24,0.0923,0.5018,0.0882,0.5545
box3x3,survey_12m,1.0,S1_anom_all+NDVI,SW,584,63,0.0679,0.5755,0.1245,0.6294
box3x3,survey_12m,1.0,S1_anom_all+NDVI,NW,671,33,0.0866,0.5256,0.1189,0.6369
box3x3,survey_12m,1.0,S1_anom_all+NDVI,SE,670,40,0.1205,0.6324,0.1246,0.6274
box3x3,survey_12m,1.0,S1_anom_all+NDVI,NE,586,24,0.1363,0.5711,0.1141,0.6098
box3x3,survey_12m,1.0,S1_anom_desc,SW,584,63,0.0549,0.5203,0.0872,0.5406
box3x3,survey_12m,1.0,S1_anom_desc,NW,671,33,0.0739,0.5111,0.0926,0.5878
box3x3,survey_12m,1.0,S1_anom_desc,SE,670,40,0.0899,0.5394,0.0803,0.5576
box3x3,survey_12m,1.0,S1_anom_desc,NE,586,24,0.1005,0.5406,0.0811,0.5422
box3x3,survey_12m,1.0,S1_anom_desc+NDVI,SW,584,63,0.0669,0.5749,0.1266,0.6503
box3x3,survey_12m,1.0,S1_anom_desc+NDVI,NW,671,33,0.102,0.6084,0.1325,0.6369
box3x3,survey_12m,1.0,S1_anom_desc+NDVI,SE,670,40,0.1322,0.6481,0.137,0.6559
box3x3,survey_12m,1.0,S1_anom_desc+NDVI,NE,586,24,0.1496,0.6094,0.1263,0.6276
box3x3,survey_12m,1.0,S2_anom,SW,584,63,0.0633,0.5537,0.1055,0.5863
box3x3,survey_12m,1.0,S2_anom,NW,671,33,0.0722,0.4849,0.0925,0.57
box3x3,survey_12m,1.0,S2_anom,SE,670,40,0.0865,0.5385,0.0967,0.5542
box3x3,survey_12m,1.0,S2_anom,NE,586,24,0.0615,0.4311,0.0861,0.5471
box3x3,survey_12m,1.0,S2_anom+NDVI,SW,584,63,0.0896,0.6155,0.1331,0.6262
box3x3,survey_12m,1.0,S2_anom+NDVI,NW,671,33,0.0908,0.5103,0.1328,0.6289
box3x3,survey_12m,1.0,S2_anom+NDVI,SE,670,40,0.1052,0.5626,0.1234,0.617
box3x3,survey_12m,1.0,S2_anom+NDVI,NE,586,24,0.1146,0.5666,0.1285,0.6442
box3x3,survey_12m,1.0,S1_desc_all,SW,584,63,0.0525,0.5082,0.0785,0.5585
box3x3,survey_12m,1.0,S1_desc_all,NW,671,33,0.0816,0.5286,0.0777,0.5519
box3x3,survey_12m,1.0,S1_desc_all,SE,670,40,0.0987,0.556,0.0802,0.5628
box3x3,survey_12m,1.0,S1_desc_all,NE,586,24,0.09,0.5563,0.0826,0.5572
box3x3,survey_12m,1.0,S1_desc_all+NDVI,SW,584,63,0.0638,0.564,0.1266,0.644
box3x3,survey_12m,1.0,S1_desc_all+NDVI,NW,671,33,0.0966,0.5868,0.1112,0.6321
box3x3,survey_12m,1.0,S1_desc_all+NDVI,SE,670,40,0.138,0.6436,0.1207,0.6404
box3x3,survey_12m,1.0,S1_desc_all+NDVI,NE,586,24,0.1391,0.6248,0.1165,0.6291
box3x3,survey_12m,0.1,NDVI_only,SW,584,63,0.0831,0.6225,0.133,0.6588
box3x3,survey_12m,0.1,NDVI_only,NW,671,33,0.1479,0.6809,0.1333,0.6643
box3x3,survey_12m,0.1,NDVI_only,SE,670,40,0.1371,0.657,0.1327,0.6533
box3x3,survey_12m,0.1,NDVI_only,NE,586,24,0.1384,0.6452,0.1389,0.6665
box3x3,survey_12m,0.1,S1_anom_all,SW,584,63,0.0535,0.5122,0.0923,0.5514
box3x3,survey_12m,0.1,S1_anom_all,NW,671,33,0.0626,0.4422,0.0933,0.5683
box3x3,survey_12m,0.1,S1_anom_all,SE,670,40,0.089,0.5315,0.0995,0.5447
box3x3,survey_12m,0.1,S1_anom_all,NE,586,24,0.0945,0.5061,0.0835,0.5462
box3x3,survey_12m,0.1,S1_anom_all+NDVI,SW,584,63,0.0665,0.5786,0.1238,0.6282
box3x3,survey_12m,0.1,S1_anom_all+NDVI,NW,671,33,0.0863,0.5247,0.1209,0.6197
box3x3,survey_12m,0.1,S1_anom_all+NDVI,SE,670,40,0.1204,0.6327,0.1256,0.6274
box3x3,survey_12m,0.1,S1_anom_all+NDVI,NE,586,24,0.1367,0.5771,0.1057,0.6065
box3x3,survey_12m,0.1,S1_anom_desc,SW,584,63,0.055,0.5236,0.0839,0.5492
box3x3,survey_12m,0.1,S1_anom_desc,NW,671,33,0.0739,0.5113,0.0765,0.5234
box3x3,survey_12m,0.1,S1_anom_desc,SE,670,40,0.0896,0.5419,0.0846,0.5677
box3x3,survey_12m,0.1,S1_anom_desc,NE,586,24,0.1029,0.5452,0.0806,0.5736
box3x3,survey_12m,0.1,S1_anom_desc+NDVI,SW,584,63,0.0676,0.5778,0.1181,0.6285
box3x3,survey_12m,0.1,S1_anom_desc+NDVI,NW,671,33,0.1011,0.6077,0.1287,0.6489
box3x3,survey_12m,0.1,S1_anom_desc+NDVI,SE,670,40,0.1323,0.6488,0.1232,0.6195
box3x3,survey_12m,0.1,S1_anom_desc+NDVI,NE,586,24,0.1501,0.6141,0.1199,0.6365
box3x3,survey_12m,0.1,S2_anom,SW,584,63,0.0619,0.5555,0.0937,0.5691
box3x3,survey_12m,0.1,S2_anom,NW,671,33,0.0758,0.4902,0.0963,0.5591
box3x3,survey_12m,0.1,S2_anom,SE,670,40,0.0973,0.5512,0.1002,0.5918
box3x3,survey_12m,0.1,S2_anom,NE,586,24,0.0578,0.4056,0.0991,0.5715
box3x3,survey_12m,0.1,S2_anom+NDVI,SW,584,63,0.0849,0.6147,0.1154,0.6018
box3x3,survey_12m,0.1,S2_anom+NDVI,NW,671,33,0.0905,0.5039,0.1271,0.6342
box3x3,survey_12m,0.1,S2_anom+NDVI,SE,670,40,0.1132,0.5686,0.1236,0.6151
box3x3,survey_12m,0.1,S2_anom+NDVI,NE,586,24,0.1094,0.5639,0.1362,0.6538
box3x3,survey_12m,0.1,S1_desc_all,SW,584,63,0.0534,0.5159,0.0893,0.5624
box3x3,survey_12m,0.1,S1_desc_all,NW,671,33,0.0844,0.5223,0.0862,0.5683
box3x3,survey_12m,0.1,S1_desc_all,SE,670,40,0.1011,0.5503,0.0917,0.5766
box3x3,survey_12m,0.1,S1_desc_all,NE,586,24,0.1,0.5566,0.0811,0.5578
box3x3,survey_12m,0.1,S1_desc_all+NDVI,SW,584,63,0.0653,0.5703,0.1134,0.6273
box3x3,survey_12m,0.1,S1_desc_all+NDVI,NW,671,33,0.1019,0.6021,0.1179,0.6237
box3x3,survey_12m,0.1,S1_desc_all+NDVI,SE,670,40,0.138,0.6499,0.1229,0.6348
box3x3,survey_12m,0.1,S1_desc_all+NDVI,NE,586,24,0.1481,0.6215,0.1381,0.6548
box3x3,matched_12m,1.0,NDVI_only,SW,584,63,0.0831,0.6225,0.1387,0.6594
box3x3,matched_12m,1.0,NDVI_only,NW,671,33,0.1479,0.6809,0.1321,0.6573
box3x3,matched_12m,1.0,NDVI_only,SE,670,40,0.1371,0.657,0.1329,0.6658
box3x3,matched_12m,1.0,NDVI_only,NE,586,24,0.1384,0.6452,0.1195,0.6396
box3x3,matched_12m,1.0,S1_anom_all,SW,584,63,0.0561,0.5151,0.0945,0.5476
box3x3,matched_12m,1.0,S1_anom_all,NW,671,33,0.0607,0.4384,0.0865,0.5419
box3x3,matched_12m,1.0,S1_anom_all,SE,670,40,0.0899,0.5642,0.0894,0.5653
box3x3,matched_12m,1.0,S1_anom_all,NE,586,24,0.0769,0.4921,0.0884,0.551
box3x3,matched_12m,1.0,S1_anom_all+NDVI,SW,584,63,0.0745,0.5655,0.1257,0.6196
box3x3,matched_12m,1.0,S1_anom_all+NDVI,NW,671,33,0.0857,0.5267,0.122,0.6319
box3x3,matched_12m,1.0,S1_anom_all+NDVI,SE,670,40,0.1268,0.6333,0.1344,0.6377
box3x3,matched_12m,1.0,S1_anom_all+NDVI,NE,586,24,0.1217,0.5666,0.12,0.6066
box3x3,matched_12m,1.0,S1_anom_desc,SW,584,63,0.0553,0.5262,0.0892,0.5472
box3x3,matched_12m,1.0,S1_anom_desc,NW,671,33,0.0717,0.509,0.0954,0.5933
box3x3,matched_12m,1.0,S1_anom_desc,SE,670,40,0.0943,0.5543,0.0808,0.5629
box3x3,matched_12m,1.0,S1_anom_desc,NE,586,24,0.0991,0.5573,0.0818,0.5478
box3x3,matched_12m,1.0,S1_anom_desc+NDVI,SW,584,63,0.0693,0.574,0.1264,0.6455
box3x3,matched_12m,1.0,S1_anom_desc+NDVI,NW,671,33,0.1119,0.6045,0.1319,0.6309
box3x3,matched_12m,1.0,S1_anom_desc+NDVI,SE,670,40,0.1387,0.6519,0.1374,0.6541
box3x3,matched_12m,1.0,S1_anom_desc+NDVI,NE,586,24,0.1493,0.6335,0.1278,0.6322
box3x3,matched_12m,1.0,S2_anom,SW,584,63,0.0619,0.5065,0.1032,0.5831
box3x3,matched_12m,1.0,S2_anom,NW,671,33,0.069,0.4656,0.096,0.5771
box3x3,matched_12m,1.0,S2_anom,SE,670,40,0.0916,0.5443,0.0947,0.5569
box3x3,matched_12m,1.0,S2_anom,NE,586,24,0.0606,0.4277,0.0842,0.5374
box3x3,matched_12m,1.0,S2_anom+NDVI,SW,584,63,0.0711,0.5481,0.1316,0.6246
box3x3,matched_12m,1.0,S2_anom+NDVI,NW,671,33,0.0831,0.4829,0.1348,0.623
box3x3,matched_12m,1.0,S2_anom+NDVI,SE,670,40,0.1113,0.5641,0.1213,0.6167
box3x3,matched_12m,1.0,S2_anom+NDVI,NE,586,24,0.1073,0.5695,0.1244,0.6416
box3x3,matched_12m,1.0,S1_desc_all,SW,584,63,0.0546,0.5165,0.078,0.5615
box3x3,matched_12m,1.0,S1_desc_all,NW,671,33,0.0931,0.5666,0.0811,0.5645
box3x3,matched_12m,1.0,S1_desc_all,SE,670,40,0.0963,0.5635,0.085,0.572
box3x3,matched_12m,1.0,S1_desc_all,NE,586,24,0.091,0.5679,0.0883,0.581
box3x3,matched_12m,1.0,S1_desc_all+NDVI,SW,584,63,0.0662,0.5596,0.1254,0.6311
box3x3,matched_12m,1.0,S1_desc_all+NDVI,NW,671,33,0.1096,0.6079,0.1116,0.6365
box3x3,matched_12m,1.0,S1_desc_all+NDVI,SE,670,40,0.1326,0.6466,0.1248,0.6416
box3x3,matched_12m,1.0,S1_desc_all+NDVI,NE,586,24,0.1394,0.6282,0.1138,0.6203
box3x3,matched_12m,0.1,NDVI_only,SW,584,63,0.0831,0.6225,0.133,0.6588
box3x3,matched_12m,0.1,NDVI_only,NW,671,33,0.1479,0.6809,0.1333,0.6643
box3x3,matched_12m,0.1,NDVI_only,SE,670,40,0.1371,0.657,0.1327,0.6533
box3x3,matched_12m,0.1,NDVI_only,NE,586,24,0.1384,0.6452,0.1389,0.6665
box3x3,matched_12m,0.1,S1_anom_all,SW,584,63,0.0557,0.5182,0.0958,0.5508
box3x3,matched_12m,0.1,S1_anom_all,NW,671,33,0.0597,0.4359,0.0976,0.5662
box3x3,matched_12m,0.1,S1_anom_all,SE,670,40,0.0899,0.5646,0.0968,0.5468
box3x3,matched_12m,0.1,S1_anom_all,NE,586,24,0.0773,0.4949,0.0801,0.534
box3x3,matched_12m,0.1,S1_anom_all+NDVI,SW,584,63,0.0759,0.5676,0.129,0.6298
box3x3,matched_12m,0.1,S1_anom_all+NDVI,NW,671,33,0.0844,0.5239,0.1229,0.6165
box3x3,matched_12m,0.1,S1_anom_all+NDVI,SE,670,40,0.127,0.6349,0.123,0.6182
box3x3,matched_12m,0.1,S1_anom_all+NDVI,NE,586,24,0.1238,0.5722,0.1038,0.6127
box3x3,matched_12m,0.1,S1_anom_desc,SW,584,63,0.0556,0.5308,0.0886,0.5533
box3x3,matched_12m,0.1,S1_anom_desc,NW,671,33,0.0713,0.5074,0.0771,0.5268
box3x3,matched_12m,0.1,S1_anom_desc,SE,670,40,0.0944,0.5555,0.0881,0.5684
box3x3,matched_12m,0.1,S1_anom_desc,NE,586,24,0.0992,0.5607,0.0806,0.5697
box3x3,matched_12m,0.1,S1_anom_desc+NDVI,SW,584,63,0.0699,0.5773,0.1222,0.6404
box3x3,matched_12m,0.1,S1_anom_desc+NDVI,NW,671,33,0.1113,0.6032,0.1275,0.6428
box3x3,matched_12m,0.1,S1_anom_desc+NDVI,SE,670,40,0.1386,0.6524,0.1249,0.6242
box3x3,matched_12m,0.1,S1_anom_desc+NDVI,NE,586,24,0.1497,0.6362,0.1237,0.6383
box3x3,matched_12m,0.1,S2_anom,SW,584,63,0.0678,0.5519,0.099,0.5887
box3x3,matched_12m,0.1,S2_anom,NW,671,33,0.0735,0.4783,0.1008,0.579
box3x3,matched_12m,0.1,S2_anom,SE,670,40,0.1064,0.5572,0.1021,0.5967
box3x3,matched_12m,0.1,S2_anom,NE,586,24,0.0575,0.4092,0.1012,0.5801
box3x3,matched_12m,0.1,S2_anom+NDVI,SW,584,63,0.0749,0.583,0.1171,0.609
box3x3,matched_12m,0.1,S2_anom+NDVI,NW,671,33,0.0793,0.4865,0.1258,0.6335
box3x3,matched_12m,0.1,S2_anom+NDVI,SE,670,40,0.1143,0.5719,0.1241,0.6163
box3x3,matched_12m,0.1,S2_anom+NDVI,NE,586,24,0.1119,0.5803,0.1346,0.6582
box3x3,matched_12m,0.1,S1_desc_all,SW,584,63,0.0541,0.5181,0.0953,0.5786
box3x3,matched_12m,0.1,S1_desc_all,NW,671,33,0.0982,0.5695,0.0889,0.5857
box3x3,matched_12m,0.1,S1_desc_all,SE,670,40,0.0966,0.5589,0.0901,0.5782
box3x3,matched_12m,0.1,S1_desc_all,NE,586,24,0.099,0.5726,0.0841,0.5768
box3x3,matched_12m,0.1,S1_desc_all+NDVI,SW,584,63,0.0668,0.5677,0.1108,0.6304
box3x3,matched_12m,0.1,S1_desc_all+NDVI,NW,671,33,0.1204,0.6364,0.1158,0.6192
box3x3,matched_12m,0.1,S1_desc_all+NDVI,SE,670,40,0.1326,0.6436,0.1217,0.6316
box3x3,matched_12m,0.1,S1_desc_all+NDVI,NE,586,24,0.1442,0.6353,0.1353,0.6493
