B,design,rep,key,n_train,pos_train,n_test,pos_test,pr,roc,r10,r25,e25,pocket_hit_frac,single_hit_frac
1000,A_block,SW,A_block_SW,1000,83,1511,77,0.0949,0.6643,0.2338,0.4416,1.766,0.5455,0.4
1000,A_block,NW,A_block_NW,1000,72,1511,88,0.1327,0.6837,0.2386,0.4886,1.955,0.4242,0.4857
1000,A_block,SE,A_block_SE,1000,49,1511,111,0.1413,0.6418,0.2432,0.4414,1.766,0.3333,0.3429
1000,A_block,NE,A_block_NE,1000,39,1511,121,0.1457,0.6364,0.2314,0.4298,1.719,0.303,0.4286
1000,B_strip,lon0,B_strip_lon_0,1000,78,1511,82,0.125,0.6796,0.2561,0.5,2.0,0.4848,0.4571
1000,B_strip,lon1,B_strip_lon_1,1000,82,1511,78,0.1019,0.6616,0.2051,0.4744,1.897,0.4848,0.4571
1000,B_strip,lon2,B_strip_lon_2,1000,65,1511,95,0.1501,0.675,0.2737,0.4842,1.937,0.4848,0.3714
1000,B_strip,lon3,B_strip_lon_3,1000,61,1511,99,0.145,0.6592,0.2727,0.4747,1.899,0.4545,0.3714
1000,B_strip,lon4,B_strip_lon_4,1000,45,1511,115,0.1419,0.6354,0.2435,0.4174,1.67,0.303,0.4
1000,B_strip,lat0,B_strip_lat_0,1000,89,1511,71,0.0787,0.6151,0.1831,0.3803,1.521,0.5758,0.3429
1000,B_strip,lat1,B_strip_lat_1,1000,78,1511,82,0.1181,0.6446,0.2317,0.439,1.756,0.5455,0.3429
1000,B_strip,lat2,B_strip_lat_2,1000,58,1511,102,0.1504,0.684,0.2549,0.4902,1.961,0.3939,0.4
1000,B_strip,lat3,B_strip_lat_3,1000,43,1511,117,0.1501,0.6476,0.2564,0.4274,1.709,0.3636,0.3143
1000,B_strip,lat4,B_strip_lat_4,1000,37,1511,123,0.1503,0.6438,0.2439,0.4065,1.626,0.2424,0.5143
1000,C_dispersed,0,C_disp_0,1000,59,1511,101,0.1345,0.6552,0.2376,0.4455,1.782,0.4848,0.4
1000,C_dispersed,1,C_disp_1,1000,59,1511,101,0.1346,0.6559,0.2376,0.4455,1.782,0.4848,0.4
1000,C_dispersed,2,C_disp_2,1000,59,1511,101,0.1345,0.6552,0.2376,0.4455,1.782,0.4848,0.4
1000,C_dispersed,3,C_disp_3,1000,60,1511,100,0.1333,0.6531,0.24,0.44,1.76,0.4848,0.4286
1000,C_dispersed,4,C_disp_4,1000,59,1511,101,0.1345,0.6552,0.2376,0.4455,1.782,0.4848,0.4
1000,C_dispersed,5,C_disp_5,1000,59,1511,101,0.1345,0.6552,0.2376,0.4455,1.782,0.4848,0.4
1000,C_dispersed,6,C_disp_6,1000,59,1511,101,0.1345,0.6552,0.2376,0.4455,1.782,0.4848,0.4
1000,C_dispersed,7,C_disp_7,1000,59,1511,101,0.1342,0.6548,0.2277,0.4455,1.782,0.4848,0.4
1000,C_dispersed,8,C_disp_8,1000,59,1511,101,0.1345,0.6552,0.2376,0.4455,1.782,0.4848,0.4
1000,C_dispersed,9,C_disp_9,1000,60,1511,100,0.1334,0.6535,0.24,0.44,1.76,0.4848,0.4286
1000,D_stratified,0,D_strat_0,1000,58,1511,102,0.1484,0.6637,0.2647,0.4706,1.882,0.7879,0.3143
1000,D_stratified,1,D_strat_1,1000,63,1511,97,0.1309,0.6545,0.268,0.4536,1.814,0.8788,0.4
1000,D_stratified,2,D_strat_2,1000,51,1511,109,0.1583,0.6699,0.2936,0.4771,1.908,0.6364,0.2857
1000,D_stratified,3,D_strat_3,1000,67,1511,93,0.1304,0.6724,0.2473,0.4946,1.978,0.7879,0.4857
1000,D_stratified,4,D_strat_4,1000,64,1511,96,0.1342,0.6592,0.2708,0.4896,1.958,0.7879,0.3429
1000,D_stratified,5,D_strat_5,1000,72,1511,88,0.1324,0.6856,0.2841,0.5114,2.045,0.8182,0.7143
1000,D_stratified,6,D_strat_6,1000,53,1511,107,0.1406,0.6664,0.2617,0.4673,1.869,0.7879,0.3143
1000,D_stratified,7,D_strat_7,1000,56,1511,104,0.1349,0.6571,0.2212,0.4615,1.846,0.7273,0.4857
1000,D_stratified,8,D_strat_8,1000,60,1511,100,0.1457,0.6701,0.25,0.49,1.96,0.7576,0.4571
1000,D_stratified,9,D_strat_9,1000,65,1511,95,0.1307,0.6542,0.2842,0.4737,1.895,0.8788,0.3714
1000,D_stratified,10,D_strat_10,1000,62,1511,98,0.1357,0.643,0.2551,0.449,1.796,0.7576,0.3714
1000,D_stratified,11,D_strat_11,1000,78,1511,82,0.0986,0.6638,0.1951,0.4878,1.951,0.8182,0.4857
1000,D_stratified,12,D_strat_12,1000,58,1511,102,0.1427,0.6629,0.2451,0.451,1.804,0.697,0.4286
1000,D_stratified,13,D_strat_13,1000,67,1511,93,0.1226,0.6338,0.2473,0.3871,1.548,0.9091,0.2286
1000,D_stratified,14,D_strat_14,1000,61,1511,99,0.1419,0.6395,0.2424,0.4444,1.778,0.697,0.3429
1000,D_stratified,15,D_strat_15,1000,65,1511,95,0.1281,0.6713,0.2211,0.4842,1.937,0.8485,0.4857
1000,D_stratified,16,D_strat_16,1000,59,1511,101,0.1315,0.6439,0.2277,0.4455,1.782,0.7273,0.3714
1000,D_stratified,17,D_strat_17,1000,74,1511,86,0.1151,0.6656,0.2791,0.4884,1.953,0.8788,0.5429
1000,D_stratified,18,D_strat_18,1000,62,1511,98,0.1467,0.6588,0.2449,0.4592,1.837,0.6667,0.4286
1000,D_stratified,19,D_strat_19,1000,76,1511,84,0.14,0.6681,0.2619,0.5119,2.048,0.7879,0.4857
1000,D_stratified,20,D_strat_20,1000,66,1511,94,0.107,0.61,0.1809,0.4362,1.745,0.8182,0.3429
1000,D_stratified,21,D_strat_21,1000,65,1511,95,0.1284,0.6576,0.2316,0.4842,1.937,0.7879,0.4
1000,D_stratified,22,D_strat_22,1000,58,1511,102,0.139,0.6629,0.2549,0.4804,1.922,0.8485,0.3143
1000,D_stratified,23,D_strat_23,1000,71,1511,89,0.103,0.6221,0.2135,0.4382,1.753,0.9091,0.4857
1000,D_stratified,24,D_strat_24,1000,68,1511,92,0.1438,0.6433,0.2609,0.413,1.652,0.8182,0.2857
1000,D_stratified,25,D_strat_25,1000,58,1511,102,0.1394,0.6588,0.2549,0.4608,1.843,0.7576,0.4286
1000,D_stratified,26,D_strat_26,1000,60,1511,100,0.1399,0.6522,0.23,0.47,1.88,0.7273,0.5143
1000,D_stratified,27,D_strat_27,1000,55,1511,105,0.1318,0.6598,0.2286,0.4762,1.905,0.8485,0.2857
1000,D_stratified,28,D_strat_28,1000,66,1511,94,0.1241,0.6302,0.2128,0.4255,1.702,0.7879,0.4571
1000,D_stratified,29,D_strat_29,1000,67,1511,93,0.1579,0.6689,0.2581,0.4839,1.935,0.8485,0.4571
1000,E_random,0,E_rand_0,1000,69,1511,91,0.1164,0.6375,0.2088,0.3956,1.582,0.7576,0.3714
1000,E_random,1,E_rand_1,1000,64,1511,96,0.1427,0.6587,0.25,0.4792,1.917,0.697,0.4857
1000,E_random,2,E_rand_2,1000,59,1511,101,0.146,0.6637,0.2574,0.4653,1.861,0.8788,0.3429
1000,E_random,3,E_rand_3,1000,63,1511,97,0.1319,0.6544,0.2268,0.4639,1.856,0.7576,0.4
1000,E_random,4,E_rand_4,1000,62,1511,98,0.128,0.629,0.2245,0.4184,1.673,0.8485,0.2857
1000,E_random,5,E_rand_5,1000,62,1511,98,0.1193,0.6506,0.2347,0.4184,1.673,0.8485,0.3143
1000,E_random,6,E_rand_6,1000,70,1511,90,0.16,0.7009,0.3444,0.5667,2.267,0.697,0.6286
1000,E_random,7,E_rand_7,1000,70,1511,90,0.1162,0.6418,0.2667,0.4333,1.733,0.7576,0.6286
1000,E_random,8,E_rand_8,1000,59,1511,101,0.1439,0.6632,0.2475,0.4851,1.941,0.7576,0.3429
1000,E_random,9,E_rand_9,1000,66,1511,94,0.1483,0.6754,0.2553,0.5106,2.043,0.7576,0.5429
1000,E_random,10,E_rand_10,1000,54,1511,106,0.1137,0.6273,0.1981,0.4151,1.66,0.7576,0.3143
1000,E_random,11,E_rand_11,1000,65,1511,95,0.1575,0.6728,0.2632,0.4842,1.937,0.7879,0.4571
1000,E_random,12,E_rand_12,1000,71,1511,89,0.1535,0.6387,0.2809,0.4382,1.753,0.7879,0.4286
1000,E_random,13,E_rand_13,1000,69,1511,91,0.1077,0.6278,0.2198,0.3956,1.582,0.8182,0.3429
1000,E_random,14,E_rand_14,1000,65,1511,95,0.1487,0.6733,0.2947,0.4947,1.979,0.8182,0.4
1000,E_random,15,E_rand_15,1000,67,1511,93,0.1263,0.6514,0.2473,0.4624,1.849,0.7576,0.4857
1000,E_random,16,E_rand_16,1000,52,1511,108,0.1355,0.6659,0.2222,0.4722,1.889,0.7273,0.3714
1000,E_random,17,E_rand_17,1000,56,1511,104,0.1542,0.6423,0.2788,0.4423,1.769,0.8485,0.2571
1000,E_random,18,E_rand_18,1000,69,1511,91,0.0963,0.6065,0.2088,0.3956,1.582,0.8788,0.3429
1000,E_random,19,E_rand_19,1000,69,1511,91,0.112,0.636,0.2198,0.4286,1.714,0.8485,0.4
1000,E_random,20,E_rand_20,1000,68,1511,92,0.1477,0.6924,0.25,0.5,2.0,0.7879,0.5143
1000,E_random,21,E_rand_21,1000,60,1511,100,0.1324,0.6694,0.27,0.47,1.88,0.7273,0.4857
1000,E_random,22,E_rand_22,1000,57,1511,103,0.1276,0.6497,0.2233,0.4563,1.825,0.7576,0.3714
1000,E_random,23,E_rand_23,1000,53,1511,107,0.1305,0.6299,0.2056,0.4299,1.72,0.8182,0.2286
1000,E_random,24,E_rand_24,1000,66,1511,94,0.1078,0.6309,0.2234,0.4255,1.702,0.7576,0.4857
1000,E_random,25,E_rand_25,1000,76,1511,84,0.1228,0.6645,0.2619,0.5,2.0,0.8788,0.4571
1000,E_random,26,E_rand_26,1000,64,1511,96,0.1248,0.6325,0.2188,0.4167,1.667,0.8485,0.3429
1000,E_random,27,E_rand_27,1000,59,1511,101,0.122,0.6437,0.2277,0.4455,1.782,0.6667,0.3714
1000,E_random,28,E_rand_28,1000,57,1511,103,0.148,0.6716,0.2427,0.4757,1.903,0.7576,0.3429
1000,E_random,29,E_rand_29,1000,55,1511,105,0.1552,0.678,0.2762,0.4857,1.943,0.7576,0.4
1200,A_block,SW,A_block_SW,1200,95,1311,65,0.1138,0.6776,0.2,0.5231,2.092,0.6061,0.4571
1200,A_block,NW,A_block_NW,1200,95,1311,65,0.0969,0.6545,0.2,0.4154,1.662,0.5758,0.5143
1200,A_block,SE,A_block_SE,1200,60,1311,100,0.1514,0.6508,0.26,0.47,1.88,0.3939,0.4857
1200,A_block,NE,A_block_NE,1200,56,1311,104,0.1436,0.626,0.2404,0.4231,1.692,0.4242,0.4857
1200,B_strip,lon0,B_strip_lon_0,1200,93,1311,67,0.1024,0.6676,0.194,0.4179,1.672,0.5758,0.5429
1200,B_strip,lon1,B_strip_lon_1,1200,95,1311,65,0.1159,0.6543,0.2308,0.4615,1.846,0.5758,0.5143
1200,B_strip,lon2,B_strip_lon_2,1200,79,1311,81,0.1445,0.6712,0.2593,0.4444,1.778,0.5152,0.4
1200,B_strip,lon3,B_strip_lon_3,1200,67,1311,93,0.1508,0.6515,0.2688,0.4731,1.892,0.4848,0.4
1200,B_strip,lon4,B_strip_lon_4,1200,60,1311,100,0.1471,0.6405,0.26,0.45,1.8,0.4242,0.4571
1200,B_strip,lat0,B_strip_lat_0,1200,98,1311,62,0.0684,0.5998,0.1774,0.371,1.484,0.6667,0.3714
1200,B_strip,lat1,B_strip_lat_1,1200,95,1311,65,0.1093,0.6195,0.2154,0.4154,1.662,0.6364,0.4
1200,B_strip,lat2,B_strip_lat_2,1200,72,1311,88,0.1452,0.6677,0.25,0.4773,1.909,0.4848,0.4286
1200,B_strip,lat3,B_strip_lat_3,1200,56,1311,104,0.1609,0.6677,0.2596,0.4519,1.808,0.4242,0.4571
1200,B_strip,lat4,B_strip_lat_4,1200,52,1311,108,0.1608,0.6649,0.25,0.4352,1.741,0.3636,0.5714
1200,C_dispersed,0,C_disp_0,1200,77,1311,83,0.1402,0.6664,0.2651,0.4699,1.88,0.5455,0.4857
1200,C_dispersed,1,C_disp_1,1200,77,1311,83,0.1404,0.6669,0.2651,0.4699,1.88,0.5455,0.4857
1200,C_dispersed,2,C_disp_2,1200,77,1311,83,0.1402,0.6664,0.2651,0.4699,1.88,0.5455,0.4857
1200,C_dispersed,3,C_disp_3,1200,76,1311,84,0.1406,0.6661,0.2619,0.4643,1.857,0.5455,0.4857
1200,C_dispersed,4,C_disp_4,1200,77,1311,83,0.1402,0.6664,0.2651,0.4699,1.88,0.5455,0.4857
1200,C_dispersed,5,C_disp_5,1200,77,1311,83,0.1402,0.6664,0.2651,0.4699,1.88,0.5455,0.4857
1200,C_dispersed,6,C_disp_6,1200,77,1311,83,0.1402,0.6664,0.2651,0.4699,1.88,0.5455,0.4857
1200,C_dispersed,7,C_disp_7,1200,77,1311,83,0.1402,0.6664,0.2651,0.4699,1.88,0.5455,0.4857
1200,C_dispersed,8,C_disp_8,1200,77,1311,83,0.1402,0.6664,0.2651,0.4699,1.88,0.5455,0.4857
1200,C_dispersed,9,C_disp_9,1200,77,1311,83,0.1404,0.6671,0.2651,0.4699,1.88,0.5455,0.4857
1200,D_stratified,0,D_strat_0,1200,73,1311,87,0.1517,0.6852,0.2874,0.4943,1.977,0.8485,0.4571
1200,D_stratified,1,D_strat_1,1200,87,1311,73,0.1019,0.6684,0.2329,0.4521,1.808,0.8485,0.4571
1200,D_stratified,2,D_strat_2,1200,81,1311,79,0.1162,0.6323,0.2532,0.4684,1.873,0.8182,0.4571
1200,D_stratified,3,D_strat_3,1200,81,1311,79,0.1591,0.6894,0.2785,0.5443,2.177,0.9091,0.4857
1200,D_stratified,4,D_strat_4,1200,75,1311,85,0.1406,0.6538,0.2588,0.4588,1.835,0.8182,0.4
1200,D_stratified,5,D_strat_5,1200,76,1311,84,0.1261,0.6475,0.2381,0.4167,1.667,0.8485,0.4857
1200,D_stratified,6,D_strat_6,1200,67,1311,93,0.1712,0.6768,0.3118,0.4946,1.978,0.8788,0.4
1200,D_stratified,7,D_strat_7,1200,74,1311,86,0.136,0.6441,0.2326,0.4651,1.86,0.8182,0.4286
1200,D_stratified,8,D_strat_8,1200,71,1311,89,0.1441,0.6456,0.2135,0.4494,1.798,0.7576,0.4286
1200,D_stratified,9,D_strat_9,1200,81,1311,79,0.1263,0.6524,0.2532,0.443,1.772,0.9394,0.4857
1200,D_stratified,10,D_strat_10,1200,79,1311,81,0.1139,0.6359,0.2469,0.4568,1.827,0.8788,0.4571
1200,D_stratified,11,D_strat_11,1200,84,1311,76,0.1423,0.6549,0.2895,0.4605,1.842,0.9091,0.6286
1200,D_stratified,12,D_strat_12,1200,73,1311,87,0.154,0.6804,0.2759,0.5057,2.023,0.9394,0.3429
1200,D_stratified,13,D_strat_13,1200,89,1311,71,0.0823,0.6397,0.1972,0.4366,1.746,0.9394,0.5714
1200,D_stratified,14,D_strat_14,1200,78,1311,82,0.1366,0.6459,0.2561,0.4512,1.805,0.9091,0.5429
1200,D_stratified,15,D_strat_15,1200,82,1311,78,0.1295,0.6481,0.2564,0.4487,1.795,0.8485,0.4857
1200,D_stratified,16,D_strat_16,1200,76,1311,84,0.1239,0.6367,0.2381,0.4881,1.952,0.8788,0.4286
1200,D_stratified,17,D_strat_17,1200,68,1311,92,0.1519,0.6509,0.2826,0.4783,1.913,0.8182,0.4
1200,D_stratified,18,D_strat_18,1200,68,1311,92,0.1559,0.668,0.25,0.4674,1.87,0.7576,0.4
1200,D_stratified,19,D_strat_19,1200,74,1311,86,0.1652,0.6889,0.2674,0.5465,2.186,0.9091,0.4286
1200,D_stratified,20,D_strat_20,1200,71,1311,89,0.1362,0.6768,0.2584,0.4719,1.888,0.8788,0.3429
1200,D_stratified,21,D_strat_21,1200,68,1311,92,0.1695,0.6776,0.2717,0.4783,1.913,0.7576,0.4286
1200,D_stratified,22,D_strat_22,1200,72,1311,88,0.1466,0.68,0.2614,0.5,2.0,0.7273,0.5714
1200,D_stratified,23,D_strat_23,1200,73,1311,87,0.1376,0.6559,0.2529,0.4483,1.793,0.8182,0.4857
1200,D_stratified,24,D_strat_24,1200,70,1311,90,0.1629,0.6637,0.2667,0.4778,1.911,0.7879,0.4286
1200,D_stratified,25,D_strat_25,1200,85,1311,75,0.1238,0.6537,0.2533,0.4933,1.973,0.8485,0.5429
1200,D_stratified,26,D_strat_26,1200,75,1311,85,0.1503,0.6717,0.2706,0.4824,1.929,0.7879,0.4
1200,D_stratified,27,D_strat_27,1200,69,1311,91,0.1539,0.6307,0.2637,0.4286,1.714,0.7879,0.4
1200,D_stratified,28,D_strat_28,1200,81,1311,79,0.1243,0.6614,0.2532,0.5063,2.025,0.9394,0.3714
1200,D_stratified,29,D_strat_29,1200,75,1311,85,0.1341,0.6361,0.2353,0.4235,1.694,0.8485,0.5143
1200,E_random,0,E_rand_0,1200,77,1311,83,0.1336,0.6356,0.2651,0.4458,1.783,0.8485,0.6
1200,E_random,1,E_rand_1,1200,77,1311,83,0.1483,0.6569,0.2651,0.4819,1.928,0.7879,0.4857
1200,E_random,2,E_rand_2,1200,74,1311,86,0.1591,0.687,0.2442,0.5349,2.14,0.7576,0.4857
1200,E_random,3,E_rand_3,1200,74,1311,86,0.1526,0.6546,0.2791,0.4419,1.767,0.8485,0.4571
1200,E_random,4,E_rand_4,1200,75,1311,85,0.1258,0.6639,0.2588,0.4706,1.882,0.8182,0.5429
1200,E_random,5,E_rand_5,1200,82,1311,78,0.1486,0.6966,0.3077,0.5128,2.051,0.8788,0.3714
1200,E_random,6,E_rand_6,1200,77,1311,83,0.1099,0.6316,0.2048,0.4096,1.639,0.7879,0.4571
1200,E_random,7,E_rand_7,1200,72,1311,88,0.1238,0.6231,0.2159,0.4205,1.682,0.8182,0.4857
1200,E_random,8,E_rand_8,1200,74,1311,86,0.1172,0.6041,0.186,0.3837,1.535,0.8788,0.4571
1200,E_random,9,E_rand_9,1200,69,1311,91,0.1348,0.6283,0.2198,0.4286,1.714,0.8182,0.3714
1200,E_random,10,E_rand_10,1200,66,1311,94,0.1541,0.6552,0.266,0.4468,1.787,0.8182,0.4
1200,E_random,11,E_rand_11,1200,82,1311,78,0.1485,0.6722,0.3205,0.4872,1.949,0.8788,0.5714
1200,E_random,12,E_rand_12,1200,83,1311,77,0.1351,0.6928,0.3117,0.5065,2.026,0.9091,0.6286
1200,E_random,13,E_rand_13,1200,69,1311,91,0.1464,0.6451,0.2418,0.4396,1.758,0.8182,0.5143
1200,E_random,14,E_rand_14,1200,83,1311,77,0.1343,0.6556,0.2597,0.4675,1.87,0.8485,0.3714
1200,E_random,15,E_rand_15,1200,75,1311,85,0.1272,0.6792,0.2471,0.5059,2.024,0.8788,0.4571
1200,E_random,16,E_rand_16,1200,81,1311,79,0.1327,0.6965,0.2785,0.519,2.076,0.9091,0.4571
1200,E_random,17,E_rand_17,1200,72,1311,88,0.1683,0.6786,0.2614,0.4773,1.909,0.8182,0.5143
1200,E_random,18,E_rand_18,1200,66,1311,94,0.1453,0.6302,0.2128,0.383,1.532,0.7879,0.4
1200,E_random,19,E_rand_19,1200,73,1311,87,0.1393,0.6504,0.2299,0.4713,1.885,0.8182,0.4857
1200,E_random,20,E_rand_20,1200,82,1311,78,0.153,0.6963,0.2821,0.5128,2.051,0.8788,0.4571
1200,E_random,21,E_rand_21,1200,67,1311,93,0.1337,0.6396,0.2258,0.4409,1.763,0.7879,0.4857
1200,E_random,22,E_rand_22,1200,78,1311,82,0.1322,0.6508,0.2561,0.4268,1.707,0.8788,0.4571
1200,E_random,23,E_rand_23,1200,79,1311,81,0.1087,0.6372,0.2222,0.4198,1.679,0.7576,0.5143
1200,E_random,24,E_rand_24,1200,80,1311,80,0.1151,0.5976,0.1875,0.375,1.5,0.7879,0.6286
1200,E_random,25,E_rand_25,1200,65,1311,95,0.1415,0.6679,0.2526,0.4842,1.937,0.8182,0.3714
1200,E_random,26,E_rand_26,1200,76,1311,84,0.1303,0.6559,0.25,0.4881,1.952,0.9394,0.4857
1200,E_random,27,E_rand_27,1200,78,1311,82,0.1528,0.6626,0.2683,0.4878,1.951,0.8182,0.4286
1200,E_random,28,E_rand_28,1200,83,1311,77,0.1117,0.6708,0.2338,0.4545,1.818,0.9091,0.4857
1200,E_random,29,E_rand_29,1200,69,1311,91,0.1458,0.6806,0.2308,0.4505,1.802,0.8485,0.4857
1400,A_block,SW,A_block_SW,1400,111,1111,49,0.1093,0.6632,0.2449,0.4694,1.878,0.6667,0.5714
1400,A_block,NW,A_block_NW,1400,109,1111,51,0.0977,0.6445,0.1765,0.4314,1.725,0.6667,0.5429
1400,A_block,SE,A_block_SE,1400,74,1111,86,0.1544,0.6437,0.2558,0.4535,1.814,0.5455,0.4857
1400,A_block,NE,A_block_NE,1400,74,1111,86,0.1486,0.6263,0.2674,0.4419,1.767,0.4848,0.5143
1400,B_strip,lon0,B_strip_lon_0,1400,111,1111,49,0.1038,0.6548,0.2245,0.449,1.796,0.697,0.5714
1400,B_strip,lon1,B_strip_lon_1,1400,109,1111,51,0.1348,0.6791,0.2941,0.4902,1.961,0.6667,0.5429
1400,B_strip,lon2,B_strip_lon_2,1400,94,1111,66,0.1327,0.657,0.2424,0.4697,1.879,0.6364,0.5143
1400,B_strip,lon3,B_strip_lon_3,1400,74,1111,86,0.1528,0.6389,0.2558,0.4535,1.814,0.5152,0.4571
1400,B_strip,lon4,B_strip_lon_4,1400,74,1111,86,0.1514,0.6351,0.2558,0.4535,1.814,0.5152,0.5143
1400,B_strip,lat0,B_strip_lat_0,1400,115,1111,45,0.0623,0.5888,0.2,0.3778,1.511,0.7576,0.4286
1400,B_strip,lat1,B_strip_lat_1,1400,111,1111,49,0.0758,0.6012,0.1429,0.3878,1.551,0.7273,0.4286
1400,B_strip,lat2,B_strip_lat_2,1400,84,1111,76,0.1453,0.6614,0.25,0.4605,1.842,0.5152,0.4857
1400,B_strip,lat3,B_strip_lat_3,1400,68,1111,92,0.165,0.6613,0.2717,0.4457,1.783,0.4545,0.6
1400,B_strip,lat4,B_strip_lat_4,1400,68,1111,92,0.1672,0.6673,0.2717,0.4565,1.826,0.4545,0.6571
1400,C_dispersed,0,C_disp_0,1400,85,1111,75,0.1477,0.6658,0.24,0.4667,1.867,0.5758,0.5429
1400,C_dispersed,1,C_disp_1,1400,85,1111,75,0.1481,0.667,0.24,0.4667,1.867,0.5758,0.5429
1400,C_dispersed,2,C_disp_2,1400,85,1111,75,0.1477,0.6658,0.24,0.4667,1.867,0.5758,0.5429
1400,C_dispersed,3,C_disp_3,1400,86,1111,74,0.1453,0.6639,0.2297,0.4595,1.838,0.6061,0.5429
1400,C_dispersed,4,C_disp_4,1400,85,1111,75,0.1477,0.6658,0.24,0.4667,1.867,0.5758,0.5429
1400,C_dispersed,5,C_disp_5,1400,85,1111,75,0.1477,0.6658,0.24,0.4667,1.867,0.5758,0.5429
1400,C_dispersed,6,C_disp_6,1400,85,1111,75,0.1477,0.6658,0.24,0.4667,1.867,0.5758,0.5429
1400,C_dispersed,7,C_disp_7,1400,85,1111,75,0.1477,0.6658,0.24,0.4667,1.867,0.5758,0.5429
1400,C_dispersed,8,C_disp_8,1400,85,1111,75,0.1477,0.6658,0.24,0.4667,1.867,0.5758,0.5429
1400,C_dispersed,9,C_disp_9,1400,85,1111,75,0.1483,0.6672,0.24,0.4667,1.867,0.5758,0.5429
1400,D_stratified,0,D_strat_0,1400,86,1111,74,0.1737,0.7118,0.2973,0.527,2.108,0.8485,0.5429
1400,D_stratified,1,D_strat_1,1400,88,1111,72,0.154,0.6505,0.2778,0.4583,1.833,0.9697,0.5143
1400,D_stratified,2,D_strat_2,1400,100,1111,60,0.095,0.6177,0.2333,0.4,1.6,1.0,0.6571
1400,D_stratified,3,D_strat_3,1400,91,1111,69,0.115,0.6317,0.1884,0.3913,1.565,1.0,0.4571
1400,D_stratified,4,D_strat_4,1400,97,1111,63,0.0919,0.6162,0.1905,0.3492,1.397,0.9091,0.6571
1400,D_stratified,5,D_strat_5,1400,86,1111,74,0.1492,0.652,0.2703,0.473,1.892,0.9394,0.5143
1400,D_stratified,6,D_strat_6,1400,80,1111,80,0.1642,0.6831,0.2875,0.5,2.0,0.9394,0.6286
1400,D_stratified,7,D_strat_7,1400,97,1111,63,0.1188,0.628,0.254,0.381,1.524,0.9697,0.6571
1400,D_stratified,8,D_strat_8,1400,91,1111,69,0.1072,0.6228,0.2464,0.4058,1.623,0.9394,0.5714
1400,D_stratified,9,D_strat_9,1400,90,1111,70,0.1305,0.6537,0.2429,0.4857,1.943,0.9394,0.5714
1400,D_stratified,10,D_strat_10,1400,94,1111,66,0.133,0.6326,0.2576,0.4091,1.636,0.9697,0.5429
1400,D_stratified,11,D_strat_11,1400,100,1111,60,0.1239,0.6622,0.2667,0.4833,1.933,0.9697,0.5714
1400,D_stratified,12,D_strat_12,1400,98,1111,62,0.0957,0.6447,0.2097,0.4516,1.806,0.9394,0.5714
1400,D_stratified,13,D_strat_13,1400,94,1111,66,0.1568,0.6605,0.2879,0.5,2.0,0.9091,0.6857
1400,D_stratified,14,D_strat_14,1400,87,1111,73,0.0994,0.6114,0.1644,0.3699,1.479,0.8182,0.4571
1400,D_stratified,15,D_strat_15,1400,92,1111,68,0.1363,0.6627,0.2941,0.4853,1.941,0.9394,0.6
1400,D_stratified,16,D_strat_16,1400,89,1111,71,0.1516,0.6918,0.2817,0.493,1.972,0.8182,0.5714
1400,D_stratified,17,D_strat_17,1400,96,1111,64,0.112,0.6308,0.2031,0.4219,1.688,0.8182,0.4857
1400,D_stratified,18,D_strat_18,1400,85,1111,75,0.1801,0.6904,0.3067,0.48,1.92,0.9697,0.6
1400,D_stratified,19,D_strat_19,1400,90,1111,70,0.1072,0.6323,0.1571,0.4286,1.714,0.9091,0.5714
1400,D_stratified,20,D_strat_20,1400,89,1111,71,0.1256,0.6772,0.2394,0.493,1.972,0.9091,0.4286
1400,D_stratified,21,D_strat_21,1400,97,1111,63,0.1366,0.6863,0.254,0.5079,2.032,0.9697,0.6
1400,D_stratified,22,D_strat_22,1400,87,1111,73,0.1428,0.6732,0.274,0.4932,1.973,0.8485,0.5429
1400,D_stratified,23,D_strat_23,1400,89,1111,71,0.1426,0.6612,0.2676,0.4789,1.915,0.9394,0.6
1400,D_stratified,24,D_strat_24,1400,83,1111,77,0.1279,0.6648,0.1948,0.4805,1.922,0.9394,0.3714
1400,D_stratified,25,D_strat_25,1400,86,1111,74,0.1261,0.6423,0.2297,0.3919,1.568,0.7879,0.4286
1400,D_stratified,26,D_strat_26,1400,92,1111,68,0.1643,0.6654,0.2941,0.5,2.0,0.9394,0.6857
1400,D_stratified,27,D_strat_27,1400,88,1111,72,0.1208,0.6361,0.2083,0.4167,1.667,0.9091,0.4571
1400,D_stratified,28,D_strat_28,1400,77,1111,83,0.16,0.6787,0.2651,0.4578,1.831,0.9091,0.4571
1400,D_stratified,29,D_strat_29,1400,84,1111,76,0.1451,0.6382,0.2105,0.4079,1.632,0.9091,0.5143
1400,E_random,0,E_rand_0,1400,87,1111,73,0.1331,0.6392,0.2192,0.4384,1.753,0.8182,0.5714
1400,E_random,1,E_rand_1,1400,81,1111,79,0.1349,0.6262,0.2278,0.4051,1.62,0.9091,0.4571
1400,E_random,2,E_rand_2,1400,92,1111,68,0.1373,0.652,0.25,0.4559,1.824,0.8485,0.5714
1400,E_random,3,E_rand_3,1400,81,1111,79,0.1446,0.668,0.2278,0.481,1.924,0.9091,0.5429
1400,E_random,4,E_rand_4,1400,91,1111,69,0.1215,0.6719,0.2464,0.4638,1.855,0.9697,0.6
1400,E_random,5,E_rand_5,1400,87,1111,73,0.1106,0.65,0.1918,0.411,1.644,0.9394,0.5714
1400,E_random,6,E_rand_6,1400,101,1111,59,0.1212,0.664,0.2373,0.4237,1.695,0.9394,0.5143
1400,E_random,7,E_rand_7,1400,86,1111,74,0.1283,0.6242,0.2162,0.4054,1.622,0.9394,0.5429
1400,E_random,8,E_rand_8,1400,90,1111,70,0.1299,0.6562,0.2571,0.4429,1.771,0.8788,0.6
1400,E_random,9,E_rand_9,1400,80,1111,80,0.1751,0.6518,0.225,0.4625,1.85,0.8788,0.5429
1400,E_random,10,E_rand_10,1400,90,1111,70,0.1284,0.629,0.2429,0.4429,1.771,0.9091,0.5714
1400,E_random,11,E_rand_11,1400,90,1111,70,0.1365,0.6519,0.2429,0.4143,1.657,0.9697,0.4571
1400,E_random,12,E_rand_12,1400,96,1111,64,0.1298,0.6376,0.2344,0.4688,1.875,0.8788,0.5714
1400,E_random,13,E_rand_13,1400,87,1111,73,0.0948,0.6222,0.1781,0.3562,1.425,0.9091,0.4857
1400,E_random,14,E_rand_14,1400,86,1111,74,0.1619,0.7066,0.2568,0.527,2.108,0.8485,0.5429
1400,E_random,15,E_rand_15,1400,90,1111,70,0.1004,0.6084,0.1571,0.3429,1.371,0.9697,0.4857
1400,E_random,16,E_rand_16,1400,93,1111,67,0.1238,0.6841,0.2537,0.5075,2.03,0.9697,0.5714
1400,E_random,17,E_rand_17,1400,78,1111,82,0.1519,0.6571,0.2195,0.4756,1.902,0.8485,0.5143
1400,E_random,18,E_rand_18,1400,85,1111,75,0.1538,0.6974,0.24,0.48,1.92,0.8485,0.4857
1400,E_random,19,E_rand_19,1400,93,1111,67,0.144,0.6864,0.2388,0.4776,1.91,0.9394,0.6857
1400,E_random,20,E_rand_20,1400,84,1111,76,0.14,0.6745,0.2632,0.4605,1.842,0.9697,0.5429
1400,E_random,21,E_rand_21,1400,90,1111,70,0.1206,0.6379,0.2714,0.4714,1.886,0.9394,0.6
1400,E_random,22,E_rand_22,1400,81,1111,79,0.1212,0.68,0.1772,0.443,1.772,0.8485,0.6
1400,E_random,23,E_rand_23,1400,88,1111,72,0.1929,0.7108,0.3333,0.5694,2.278,0.8788,0.5429
1400,E_random,24,E_rand_24,1400,79,1111,81,0.1483,0.6432,0.2346,0.4444,1.778,0.8788,0.5429
1400,E_random,25,E_rand_25,1400,79,1111,81,0.167,0.6774,0.2963,0.4938,1.975,0.9697,0.3714
1400,E_random,26,E_rand_26,1400,88,1111,72,0.1605,0.7142,0.2639,0.5,2.0,0.8485,0.5429
1400,E_random,27,E_rand_27,1400,92,1111,68,0.1237,0.6132,0.2353,0.3971,1.588,0.9091,0.5429
1400,E_random,28,E_rand_28,1400,80,1111,80,0.1493,0.6273,0.225,0.4,1.6,0.9394,0.4
1400,E_random,29,E_rand_29,1400,91,1111,69,0.1248,0.6412,0.2609,0.4493,1.797,0.9394,0.6857
1600,A_block,SW,A_block_SW,1600,123,911,37,0.1085,0.6872,0.2703,0.4865,1.946,0.7576,0.6857
1600,A_block,NW,A_block_NW,1600,120,911,40,0.0942,0.666,0.275,0.475,1.9,0.7273,0.6286
1600,A_block,SE,A_block_SE,1600,92,911,68,0.1319,0.6269,0.25,0.4118,1.647,0.6364,0.5429
1600,A_block,NE,A_block_NE,1600,85,911,75,0.1622,0.6293,0.2667,0.4267,1.707,0.5152,0.6286
1600,B_strip,lon0,B_strip_lon_0,1600,118,911,42,0.112,0.6635,0.2619,0.4762,1.905,0.7576,0.6286
1600,B_strip,lon1,B_strip_lon_1,1600,118,911,42,0.112,0.6635,0.2619,0.4762,1.905,0.7576,0.6286
1600,B_strip,lon2,B_strip_lon_2,1600,114,911,46,0.1066,0.6147,0.1957,0.3696,1.478,0.7576,0.6286
1600,B_strip,lon3,B_strip_lon_3,1600,86,911,74,0.1683,0.6363,0.2568,0.4324,1.73,0.5455,0.5714
1600,B_strip,lon4,B_strip_lon_4,1600,86,911,74,0.1683,0.6363,0.2568,0.4324,1.73,0.5455,0.5714
1600,B_strip,lat0,B_strip_lat_0,1600,126,911,34,0.0754,0.6049,0.2647,0.4118,1.647,0.8182,0.5429
1600,B_strip,lat1,B_strip_lat_1,1600,126,911,34,0.0754,0.6049,0.2647,0.4118,1.647,0.8182,0.5429
1600,B_strip,lat2,B_strip_lat_2,1600,93,911,67,0.1659,0.6665,0.2687,0.4925,1.97,0.5455,0.5714
1600,B_strip,lat3,B_strip_lat_3,1600,76,911,84,0.1702,0.6483,0.2381,0.4167,1.667,0.5152,0.6857
1600,B_strip,lat4,B_strip_lat_4,1600,76,911,84,0.1702,0.6483,0.2381,0.4167,1.667,0.5152,0.6857
1600,C_dispersed,0,C_disp_0,1600,98,911,62,0.1504,0.6695,0.2097,0.4677,1.871,0.6667,0.6286
1600,C_dispersed,1,C_disp_1,1600,97,911,63,0.1532,0.6724,0.2222,0.4762,1.905,0.6667,0.6286
1600,C_dispersed,2,C_disp_2,1600,98,911,62,0.1504,0.6695,0.2097,0.4677,1.871,0.6667,0.6286
1600,C_dispersed,3,C_disp_3,1600,96,911,64,0.1557,0.6769,0.2188,0.4688,1.875,0.6667,0.6286
1600,C_dispersed,4,C_disp_4,1600,98,911,62,0.1504,0.6695,0.2097,0.4677,1.871,0.6667,0.6286
1600,C_dispersed,5,C_disp_5,1600,98,911,62,0.1504,0.6695,0.2097,0.4677,1.871,0.6667,0.6286
1600,C_dispersed,6,C_disp_6,1600,98,911,62,0.1504,0.6695,0.2097,0.4677,1.871,0.6667,0.6286
1600,C_dispersed,7,C_disp_7,1600,96,911,64,0.1548,0.6749,0.2188,0.4688,1.875,0.6667,0.6286
1600,C_dispersed,8,C_disp_8,1600,98,911,62,0.1504,0.6695,0.2097,0.4677,1.871,0.6667,0.6286
1600,C_dispersed,9,C_disp_9,1600,96,911,64,0.1542,0.6746,0.2188,0.4688,1.875,0.6667,0.6286
1600,D_stratified,0,D_strat_0,1600,105,911,55,0.1639,0.6473,0.2909,0.4909,1.964,0.9697,0.6286
1600,D_stratified,1,D_strat_1,1600,107,911,53,0.1579,0.6769,0.3019,0.4717,1.887,0.9697,0.7714
1600,D_stratified,2,D_strat_2,1600,96,911,64,0.1424,0.6409,0.25,0.4219,1.688,1.0,0.6
1600,D_stratified,3,D_strat_3,1600,112,911,48,0.1214,0.6503,0.2292,0.4583,1.833,1.0,0.6286
1600,D_stratified,4,D_strat_4,1600,100,911,60,0.1496,0.6871,0.2333,0.5333,2.133,0.9091,0.6857
1600,D_stratified,5,D_strat_5,1600,95,911,65,0.1275,0.6478,0.2154,0.4462,1.785,0.8485,0.6
1600,D_stratified,6,D_strat_6,1600,109,911,51,0.135,0.6557,0.2353,0.451,1.804,0.9697,0.6857
1600,D_stratified,7,D_strat_7,1600,92,911,68,0.1432,0.6508,0.2353,0.5,2.0,0.8485,0.6571
1600,D_stratified,8,D_strat_8,1600,105,911,55,0.0879,0.6211,0.1636,0.4364,1.745,0.8788,0.6286
1600,D_stratified,9,D_strat_9,1600,104,911,56,0.1016,0.6375,0.2143,0.4821,1.929,0.9697,0.6857
1600,D_stratified,10,D_strat_10,1600,111,911,49,0.1311,0.6958,0.2653,0.551,2.204,0.9394,0.8
1600,D_stratified,11,D_strat_11,1600,105,911,55,0.1082,0.6664,0.2182,0.4182,1.673,0.9697,0.7143
1600,D_stratified,12,D_strat_12,1600,105,911,55,0.1182,0.6837,0.2545,0.4727,1.891,0.9394,0.7429
1600,D_stratified,13,D_strat_13,1600,94,911,66,0.172,0.6409,0.2879,0.4242,1.697,1.0,0.6
1600,D_stratified,14,D_strat_14,1600,98,911,62,0.138,0.6619,0.1774,0.4516,1.806,0.9091,0.7143
1600,D_stratified,15,D_strat_15,1600,102,911,58,0.173,0.6555,0.2414,0.4828,1.931,0.9394,0.6286
1600,D_stratified,16,D_strat_16,1600,99,911,61,0.1862,0.6797,0.2951,0.5082,2.033,0.9091,0.6571
1600,D_stratified,17,D_strat_17,1600,91,911,69,0.1736,0.6893,0.2754,0.5072,2.029,0.9394,0.6286
1600,D_stratified,18,D_strat_18,1600,102,911,58,0.1214,0.6156,0.2241,0.4483,1.793,1.0,0.7143
1600,D_stratified,19,D_strat_19,1600,108,911,52,0.1461,0.6548,0.25,0.5,2.0,1.0,0.5143
1600,D_stratified,20,D_strat_20,1600,103,911,57,0.1241,0.6622,0.2456,0.4912,1.965,0.9697,0.6571
1600,D_stratified,21,D_strat_21,1600,112,911,48,0.1059,0.6454,0.25,0.4167,1.667,0.9697,0.7714
1600,D_stratified,22,D_strat_22,1600,95,911,65,0.1248,0.6653,0.1692,0.4615,1.846,0.8485,0.6571
1600,D_stratified,23,D_strat_23,1600,100,911,60,0.1774,0.6957,0.35,0.5,2.0,0.9697,0.6
1600,D_stratified,24,D_strat_24,1600,104,911,56,0.1299,0.6761,0.25,0.5,2.0,0.9394,0.7429
1600,D_stratified,25,D_strat_25,1600,104,911,56,0.1498,0.6599,0.2143,0.4286,1.714,0.9091,0.7143
1600,D_stratified,26,D_strat_26,1600,101,911,59,0.1586,0.6615,0.2373,0.4915,1.966,0.9697,0.4286
1600,D_stratified,27,D_strat_27,1600,97,911,63,0.1328,0.6461,0.2381,0.4286,1.714,0.9394,0.6571
1600,D_stratified,28,D_strat_28,1600,111,911,49,0.1034,0.6585,0.1837,0.449,1.796,0.9697,0.6857
1600,D_stratified,29,D_strat_29,1600,98,911,62,0.1466,0.6733,0.2903,0.4839,1.935,0.9091,0.5429
1600,E_random,0,E_rand_0,1600,109,911,51,0.0914,0.5905,0.1569,0.4118,1.647,0.9394,0.6857
1600,E_random,1,E_rand_1,1600,97,911,63,0.1258,0.6458,0.2063,0.4444,1.778,0.9394,0.5714
1600,E_random,2,E_rand_2,1600,101,911,59,0.1118,0.6672,0.1695,0.4915,1.966,0.9394,0.6286
1600,E_random,3,E_rand_3,1600,105,911,55,0.125,0.6858,0.2364,0.5636,2.255,0.9697,0.6571
1600,E_random,4,E_rand_4,1600,107,911,53,0.1476,0.6855,0.283,0.5094,2.038,0.9394,0.7429
1600,E_random,5,E_rand_5,1600,110,911,50,0.0888,0.5874,0.22,0.42,1.68,0.9697,0.6857
1600,E_random,6,E_rand_6,1600,104,911,56,0.1136,0.6064,0.1964,0.375,1.5,0.9697,0.6286
1600,E_random,7,E_rand_7,1600,102,911,58,0.1478,0.6776,0.2759,0.431,1.724,0.9697,0.6571
1600,E_random,8,E_rand_8,1600,107,911,53,0.068,0.5734,0.1132,0.3019,1.208,1.0,0.6286
1600,E_random,9,E_rand_9,1600,98,911,62,0.099,0.6161,0.1613,0.3548,1.419,0.9697,0.5429
1600,E_random,10,E_rand_10,1600,95,911,65,0.1303,0.6436,0.1538,0.4,1.6,0.9091,0.6857
1600,E_random,11,E_rand_11,1600,101,911,59,0.1728,0.6669,0.2542,0.5085,2.034,1.0,0.5429
1600,E_random,12,E_rand_12,1600,100,911,60,0.1304,0.6095,0.25,0.4167,1.667,0.9697,0.6
1600,E_random,13,E_rand_13,1600,110,911,50,0.0896,0.5765,0.2,0.38,1.52,0.9394,0.6
1600,E_random,14,E_rand_14,1600,99,911,61,0.2071,0.6899,0.3115,0.5574,2.23,0.9091,0.7429
1600,E_random,15,E_rand_15,1600,107,911,53,0.1082,0.6727,0.2075,0.4717,1.887,0.9697,0.6857
1600,E_random,16,E_rand_16,1600,103,911,57,0.1627,0.6885,0.2632,0.4561,1.825,0.9394,0.6286
1600,E_random,17,E_rand_17,1600,107,911,53,0.1423,0.7195,0.2642,0.5094,2.038,1.0,0.8
1600,E_random,18,E_rand_18,1600,113,911,47,0.1133,0.694,0.234,0.5957,2.383,0.9697,0.8
1600,E_random,19,E_rand_19,1600,100,911,60,0.1104,0.5657,0.1833,0.3333,1.333,0.9091,0.4857
1600,E_random,20,E_rand_20,1600,108,911,52,0.1024,0.6389,0.2115,0.4808,1.923,1.0,0.7429
1600,E_random,21,E_rand_21,1600,97,911,63,0.1569,0.6458,0.2857,0.4762,1.905,0.9394,0.6857
1600,E_random,22,E_rand_22,1600,99,911,61,0.1444,0.6516,0.2295,0.4754,1.902,0.8788,0.4857
1600,E_random,23,E_rand_23,1600,95,911,65,0.1439,0.6596,0.2308,0.4615,1.846,0.9394,0.6857
1600,E_random,24,E_rand_24,1600,103,911,57,0.141,0.6603,0.2632,0.4912,1.965,1.0,0.7143
1600,E_random,25,E_rand_25,1600,98,911,62,0.163,0.6993,0.2903,0.5161,2.065,0.8788,0.6571
1600,E_random,26,E_rand_26,1600,102,911,58,0.1439,0.6722,0.2759,0.5,2.0,1.0,0.5714
1600,E_random,27,E_rand_27,1600,108,911,52,0.1149,0.6599,0.1923,0.4615,1.846,0.9697,0.7143
1600,E_random,28,E_rand_28,1600,103,911,57,0.1489,0.6677,0.2281,0.4561,1.825,0.9697,0.5714
1600,E_random,29,E_rand_29,1600,103,911,57,0.1522,0.6876,0.2632,0.4912,1.965,0.9697,0.6571
