B,design,n,pr_mean,pr_sd,r25_mean,r25_sd,roc_mean,pos_train_mean,pos_train_min,pocket_hit_mean,pr_ci95,r25_ci95
1000,A_block,4,0.12865,0.02313864012137849,0.45035000000000003,0.026089780885754223,0.65655,60.75,39,0.40149999999999997,0.02267586731895092,0.025567985268039137
1000,B_strip,10,0.13115000000000002,0.02489436571685337,0.44941000000000003,0.04073288188511423,0.65459,63.6,37,0.43331,0.015429687727811529,0.0252465017542365
1000,C_dispersed,10,0.13425,0.00048591265790377553,0.4444,0.0023190036174568127,0.6548499999999999,59.2,59,0.4848,0.00030117178560490126,0.001437333333333334
1000,D_stratified,30,0.13345666666666667,0.014027575879583448,0.46554333333333336,0.02790915908657122,0.6556533333333333,63.5,51,0.7929499999999999,0.005019703561090641,0.009987164315240684
1000,E_random,30,0.13256333333333334,0.01719666133060543,0.45569,0.03947190489274705,0.6526599999999999,63.2,52,0.78487,0.0061537462253722745,0.014124839762337981
1200,A_block,4,0.126425,0.025494100624785077,0.4579,0.0497149876797732,0.652225,76.5,56,0.5,0.024984218612289374,0.04872068792617773
1200,B_strip,10,0.13052999999999998,0.03027760631959608,0.43977000000000005,0.03177560384949436,0.65047,76.7,52,0.51515,0.018766254821294997,0.019694723309556808
1200,C_dispersed,10,0.14028000000000002,0.00013984117975602265,0.46934,0.0017708754896942937,0.66649,76.9,76,0.5455,8.667446118795595e-05,0.0010976000000000007
1200,D_stratified,30,0.13893000000000003,0.02016880742888504,0.47123000000000004,0.03121084194911144,0.6584166666666668,75.86666666666666,67,0.8485,0.007217315047361696,0.011168656353847803
1200,E_random,30,0.13699,0.015235628615529614,0.45916,0.042043906442735764,0.65656,75.26666666666667,65,0.8384,0.005451999680724558,0.015045218696691133
1400,A_block,4,0.1275,0.028214062687485008,0.44905,0.016294886723550225,0.644425,92.0,74,0.5909249999999999,0.027649781433735306,0.01596898898907922
1400,B_strip,10,0.12911,0.03659160346916276,0.44442000000000004,0.0349140786630392,0.64449,90.8,68,0.5939599999999999,0.022679710799253537,0.021639970152372102
1400,C_dispersed,10,0.14756,0.0008221921916437794,0.46597999999999995,0.002276839915321225,0.66587,85.1,85,0.57883,0.0005096000000000005,0.001411199999999995
1400,D_stratified,30,0.13291,0.024103760616594017,0.45072666666666666,0.048316591948017865,0.6536766666666666,90.1,77,0.9192,0.00862541996146994,0.017289870376978548
1400,E_random,30,0.13700333333333334,0.021290559399419966,0.45038,0.04765639516371334,0.6567966666666667,87.2,78,0.90809,0.007618728834711092,0.01705362199182332
1600,A_block,4,0.1242,0.02971969044253321,0.45,0.036328959981443636,0.65235,105.0,85,0.659125,0.029125296633682546,0.03560238078181476
1600,B_strip,10,0.13243,0.040212630685726926,0.43362999999999996,0.03759329284149855,0.63872,101.9,76,0.65761,0.02492404672011884,0.023300564304468387
1600,C_dispersed,10,0.15203,0.0021899010632141958,0.46887999999999996,0.002623737791777216,0.67158,97.3,96,0.6667,0.0013573147411955215,0.0016262095313950146
1600,D_stratified,30,0.13838333333333336,0.024907554363441952,0.47023333333333334,0.03511103896883805,0.6601,102.16666666666667,91,0.9434400000000001,0.008913053859733679,0.012564323932974677
1600,E_random,30,0.12991333333333335,0.029592843185744965,0.45807333333333333,0.06715120320555712,0.6501800000000001,103.03333333333333,95,0.9555600000000001,0.010589662932316432,0.024029749456073942
