mask,family,n_test,pos_test,reviewed,TP,FP,FN,TN,precision,recall,TP05,FP05,FN05,TN05,prec05,rec05
A_SW,A,1311,65,328,34,294,31,952,0.1037,0.5231,16,131,49,1115,0.1088,0.2462
A_NW,A,1311,65,328,27,301,38,945,0.0823,0.4154,25,248,40,998,0.0916,0.3846
A_SE,A,1311,100,328,47,281,53,930,0.1433,0.47,63,471,37,740,0.118,0.63
A_NE,A,1311,104,328,44,284,60,923,0.1341,0.4231,66,541,38,666,0.1087,0.6346
E_0,E,1311,90,328,49,279,41,942,0.1494,0.5444,50,296,40,925,0.1445,0.5556
E_1,E,1311,79,328,39,289,40,943,0.1189,0.4937,40,320,39,912,0.1111,0.5063
E_2,E,1311,82,328,38,290,44,939,0.1159,0.4634,42,364,40,865,0.1034,0.5122
E_3,E,1311,78,328,31,297,47,936,0.0945,0.3974,31,292,47,941,0.096,0.3974
E_4,E,1311,79,328,33,295,46,937,0.1006,0.4177,33,303,46,929,0.0982,0.4177
E_5,E,1311,70,328,27,301,43,940,0.0823,0.3857,27,324,43,917,0.0769,0.3857
E_6,E,1311,89,328,36,292,53,930,0.1098,0.4045,39,353,50,869,0.0995,0.4382
E_7,E,1311,79,328,37,291,42,941,0.1128,0.4684,38,309,41,923,0.1095,0.481
E_8,E,1311,91,328,43,285,48,935,0.1311,0.4725,48,388,43,832,0.1101,0.5275
E_9,E,1311,91,328,41,287,50,933,0.125,0.4505,42,292,49,928,0.1257,0.4615
E_10,E,1311,85,328,37,291,48,935,0.1128,0.4353,37,303,48,923,0.1088,0.4353
E_11,E,1311,83,328,46,282,37,946,0.1402,0.5542,48,352,35,876,0.12,0.5783
E_12,E,1311,87,328,41,287,46,937,0.125,0.4713,41,296,46,928,0.1217,0.4713
E_13,E,1311,89,328,44,284,45,938,0.1341,0.4944,48,343,41,879,0.1228,0.5393
E_14,E,1311,91,328,37,291,54,929,0.1128,0.4066,39,313,52,907,0.1108,0.4286
E_15,E,1311,81,328,34,294,47,936,0.1037,0.4198,44,378,37,852,0.1043,0.5432
E_16,E,1311,85,328,35,293,50,933,0.1067,0.4118,35,323,50,903,0.0978,0.4118
E_17,E,1311,86,328,40,288,46,937,0.122,0.4651,40,311,46,914,0.114,0.4651
E_18,E,1311,80,328,41,287,39,944,0.125,0.5125,44,358,36,873,0.1095,0.55
E_19,E,1311,85,328,41,287,44,939,0.125,0.4824,42,319,43,907,0.1163,0.4941
E_20,E,1311,77,328,34,294,43,940,0.1037,0.4416,35,331,42,903,0.0956,0.4545
E_21,E,1311,78,328,34,294,44,939,0.1037,0.4359,37,353,41,880,0.0949,0.4744
E_22,E,1311,84,328,39,289,45,938,0.1189,0.4643,41,345,43,882,0.1062,0.4881
E_23,E,1311,80,328,35,293,45,938,0.1067,0.4375,35,319,45,912,0.0989,0.4375
E_24,E,1311,77,328,41,287,36,947,0.125,0.5325,42,345,35,889,0.1085,0.5455
E_25,E,1311,67,328,35,293,32,951,0.1067,0.5224,35,322,32,922,0.098,0.5224
E_26,E,1311,79,328,38,290,41,942,0.1159,0.481,41,353,38,879,0.1041,0.519
E_27,E,1311,87,328,43,285,44,939,0.1311,0.4943,47,346,40,878,0.1196,0.5402
E_28,E,1311,77,328,34,294,43,940,0.1037,0.4416,35,337,42,897,0.0941,0.4545
E_29,E,1311,84,328,38,290,46,937,0.1159,0.4524,40,322,44,905,0.1105,0.4762
